Date,Open,High,Low,Close
2011-10-04,9.8725,10.525,9.825,10.525
2011-10-05,10.8825,11.41,10.8625,11.3475
2011-10-06,11.3575,11.5825,11.2,11.5825
2011-10-07,11.7975,11.7975,11.195,11.6725
2011-10-10,11.875,12.15,11.85,12.15
2011-10-11,12.0625,12.4125,12.06,12.315
2011-10-12,12.79,13.375,12.75,13.1725
2011-10-13,13.0,13.0675,12.735,13.0675
2011-10-14,13.8475,13.945,13.5025,13.9375
2011-10-17,13.725,13.7275,12.405,12.405
2011-10-18,12.375,13.0675,12.0725,12.835
2011-10-19,12.945,12.9525,11.8025,11.98
2011-10-20,11.9125,11.9125,11.4625,11.8775
2011-10-21,12.32,12.4625,12.165,12.4625
2011-10-24,12.735,13.265,12.735,13.265
2011-10-25,13.0575,13.0575,12.3625,12.365
2011-10-26,12.825,12.8775,12.21,12.78
2011-10-27,14.175,14.6375,13.9125,14.4575
2011-10-28,14.2075,14.695,14.145,14.695
2011-10-31,13.94,14.04,13.11,13.11
2011-11-01,11.1,11.6325,10.7675,11.1575
2011-11-02,11.6175,11.62,11.17,11.5275
2011-11-03,11.86,12.11,11.1575,12.09
2011-11-04,11.7625,12.05,11.3825,11.8525
2011-11-07,11.7575,11.94,11.505,11.93
2011-11-08,12.1125,12.5025,11.7675,12.5025
2011-11-09,11.5525,11.6575,10.055,10.105
2011-11-10,10.685,10.75,10.18,10.725
2011-11-11,11.15,11.3075,11.1075,11.1875
2011-11-14,11.035,11.0375,10.715,10.91
2011-11-15,10.7125,11.11,10.6275,11.0225
2011-11-16,10.6675,11.07,10.4375,10.4975
2011-11-17,10.3925,10.4675,9.7925,9.9925
2011-11-18,10.25,10.325,9.9875,10.3125
2011-11-21,9.7675,10.2575,9.75,10.21
2011-11-22,10.1075,10.4275,10.06,10.4175
2011-11-23,10.19,10.235,9.925,9.945
2011-11-25,9.935,10.1,9.78,9.8125
2011-11-28,10.4575,10.49,10.165,10.2525
2011-11-29,10.355,10.5175,10.2225,10.445
2011-11-30,11.155,11.405,11.075,11.405
2011-12-01,11.385,11.7375,11.3575,11.6375
2011-12-02,11.98,12.1725,11.68,11.69
2011-12-05,12.1225,12.1525,11.605,11.705
2011-12-06,11.6975,11.9075,11.6525,11.7525
2011-12-07,11.615,11.615,11.1125,11.39
2011-12-08,11.075,11.17,10.7625,10.87
2011-12-09,10.9975,11.63,10.9975,11.615
2011-12-12,11.34,11.53,11.1075,11.53
2011-12-13,11.8675,12.0275,11.3725,11.555
2011-12-14,11.575,11.755,11.3325,11.56
2011-12-15,12.015,12.14,11.86,11.99
2011-12-16,12.3925,12.405,11.925,12.0875
2011-12-19,12.195,12.445,12.0925,12.175
2011-12-20,12.74,12.9725,12.64,12.93
2011-12-21,13.11,13.83,12.8625,13.81
2011-12-22,14.1125,14.375,13.605,13.745
2011-12-23,13.9275,13.9625,13.325,13.425
2011-12-27,13.4075,13.6425,13.4075,13.5075
2011-12-28,13.595,13.595,12.93,12.93
2011-12-29,13.1525,13.2875,13.14,13.2575
2011-12-30,13.275,13.32,13.07,13.07
2012-01-03,13.655,13.8,13.5925,13.7225
2012-01-04,13.5725,13.9875,13.405,13.9775
2012-01-05,13.6975,14.3075,13.6475,14.3075
2012-01-06,14.4175,14.665,14.1475,14.54
2012-01-09,14.6575,14.785,14.555,14.74
2012-01-10,15.16,15.2975,15.0025,15.025
2012-01-11,14.8775,14.9175,14.7475,14.77
2012-01-12,14.8425,15.0075,14.32,14.975
2012-01-13,14.5875,14.62,14.1425,14.595
2012-01-17,15.0975,15.32,14.65,14.7175
2012-01-18,14.79,15.26,14.6775,15.245
2012-01-19,15.485,15.6625,15.345,15.6625
2012-01-20,15.5675,16.135,15.54,16.1325
2012-01-23,16.1525,16.622499,16.1425,16.535
2012-01-24,16.110001,16.547501,16.067499,16.452499
2012-01-25,16.445,17.227501,16.315001,17.195
2012-01-26,17.5825,17.5825,16.915001,17.125
2012-01-27,16.91,17.557501,16.91,17.555
2012-01-30,16.807501,17.18,16.7775,17.0
2012-01-31,17.4175,17.475,16.83,17.030001
2012-02-01,17.362499,17.6175,17.272499,17.4625
2012-02-02,17.764999,17.99,17.709999,17.99
2012-02-03,18.737499,18.955,18.555,18.955
2012-02-06,18.8225,19.1625,18.725,19.1425
2012-02-07,19.1325,19.1425,18.737499,19.002501
2012-02-08,19.0375,19.08,18.469999,18.592501
2012-02-09,18.475,18.48,17.647499,17.647499
2012-02-10,16.68,16.875,15.18,16.055
2012-02-13,17.07,17.42,16.842501,17.42
2012-02-14,17.125,17.125,15.7575,16.8325
2012-02-15,16.5175,16.6325,15.77,15.8475
2012-02-16,15.5,16.455,15.2375,16.424999
2012-02-17,16.684999,16.8575,16.25,16.67
2012-02-21,16.8675,16.8675,16.445,16.682501
2012-02-22,16.5875,17.18,16.5875,17.1175
2012-02-23,17.139999,18.3025,17.059999,18.25
2012-02-24,18.557501,18.622499,17.465,17.5525
2012-02-27,16.950001,17.945,16.9025,17.4125
2012-02-28,17.215,17.66,17.16,17.59
2012-02-29,17.897499,18.23,17.48,17.865
2012-03-01,18.025,18.3125,17.945,18.2125
2012-03-02,18.235001,18.3375,17.915001,18.09
2012-03-05,17.940001,18.225,17.762501,18.125
2012-03-06,16.952499,17.334999,16.5525,16.702499
2012-03-07,16.91,17.5375,16.809999,17.512501
2012-03-08,17.9275,18.285,17.862499,18.18
2012-03-09,18.4275,18.9,18.41,18.545
2012-03-12,18.7875,19.450001,18.747499,19.385
2012-03-13,19.959999,20.424999,19.795,20.299999
2012-03-14,20.424999,20.467501,19.09,19.5975
2012-03-15,19.3925,19.885,19.227501,19.855
2012-03-16,19.98,20.1625,19.700001,19.91
2012-03-19,20.055,21.25,19.959999,21.1325
2012-03-20,20.575001,22.084999,20.41,22.084999
2012-03-21,22.514999,23.415001,22.215,23.15
2012-03-22,22.110001,23.122499,21.672501,22.834999
2012-03-23,23.014999,24.5525,22.6175,24.43
2012-03-26,25.375,26.877501,25.3675,26.752501
2012-03-27,26.247499,26.405001,23.997499,24.122499
2012-03-28,24.0525,24.407499,21.754999,23.817499
2012-03-29,22.379999,24.1775,22.375,23.9625
2012-03-30,24.969999,24.969999,23.987499,24.532499
2012-04-02,24.327499,25.43,24.305,24.5525
2012-04-03,24.692499,24.870001,23.4125,24.1175
2012-04-04,22.887501,23.782499,22.325001,23.549999
2012-04-05,22.99,23.647499,22.870001,23.012501
2012-04-09,21.682501,22.512501,21.612499,21.612499
2012-04-10,21.49,21.780001,19.842501,19.8575
2012-04-11,20.9125,21.1175,20.275,20.352501
2012-04-12,20.657499,22.225,20.549999,22.145
2012-04-13,22.15,22.17,20.475,20.775
2012-04-16,21.5075,21.702499,20.535,21.1
2012-04-17,21.827499,22.504999,21.775,22.25
2012-04-18,22.01,22.475,21.605,21.852501
2012-04-19,21.942499,22.377501,21.07,21.690001
2012-04-20,22.165001,22.625,22.16,22.397499
2012-04-23,21.262501,21.764999,20.772499,21.67
2012-04-24,21.737499,22.155001,21.6,22.155001
2012-04-25,23.07,23.584999,22.57,23.540001
2012-04-26,23.487499,24.5425,23.3675,24.334999
2012-04-27,24.475,24.620001,23.955,24.389999
2012-04-30,24.094999,24.237499,23.709999,23.842501
2012-05-01,23.907499,24.842501,23.83,24.549999
2012-05-02,24.049999,24.59,23.83,24.370001
2012-05-03,24.5875,24.737499,23.58,23.852501
2012-05-04,23.620001,23.639999,22.4175,22.785
2012-05-07,22.2575,23.33,22.139999,23.105
2012-05-08,22.615,23.004999,21.41,22.91
2012-05-09,21.77,22.684999,21.34,22.0
2012-05-10,22.629999,22.959999,22.372499,22.705
2012-05-11,22.09,23.059999,22.025,22.34
2012-05-14,21.389999,21.655001,20.9725,21.02
2012-05-15,20.9,21.2775,19.91,20.0
2012-05-16,20.252501,20.58,19.2075,19.254999
2012-05-17,19.432501,19.639999,18.33,18.33
2012-05-18,18.43,18.522499,16.809999,17.1
2012-05-21,17.18,18.952499,16.950001,18.952499
2012-05-22,19.18,19.9725,17.610001,18.190001
2012-05-23,17.77,18.745001,17.1875,18.540001
2012-05-24,18.719999,18.780001,17.709999,18.375
2012-05-25,18.43,18.702499,18.309999,18.6075
2012-05-29,19.129999,19.575001,18.8125,19.455
2012-05-30,18.934999,18.934999,18.145,18.145
2012-05-31,17.915001,18.4025,17.0,17.799999
2012-06-01,16.495001,16.987499,16.285,16.327499
2012-06-04,16.682501,17.030001,16.1175,17.0275
2012-06-05,16.82,17.477501,16.817499,17.35
2012-06-06,17.915001,18.6525,17.7775,18.635
2012-06-07,19.49,19.58,18.7125,18.827499
2012-06-08,18.6875,19.862499,18.6075,19.8325
2012-06-11,20.5625,20.6675,18.035,18.110001
2012-06-12,18.157499,18.455,17.567499,18.34
2012-06-13,17.865,18.377501,17.075001,17.3825
2012-06-14,17.522499,18.497499,17.25,18.497499
2012-06-15,18.612499,19.487499,18.375,19.23
2012-06-18,19.3575,20.934999,19.1625,20.8675
2012-06-19,21.584999,21.68,20.9275,21.24
2012-06-20,21.252501,22.122499,20.4575,22.122499
2012-06-21,22.0525,22.285,19.459999,19.459999
2012-06-22,20.227501,21.655001,19.870001,21.52
2012-06-25,20.219999,20.3575,19.7425,19.932501
2012-06-26,20.565001,20.8325,19.775,20.58
2012-06-27,20.870001,21.165001,20.379999,20.389999
2012-06-28,20.1625,21.092501,19.799999,21.035
2012-06-29,22.2775,22.575001,21.975,22.4575
2012-07-02,22.91,23.9625,22.645,23.877501
2012-07-03,24.022499,24.7125,23.99,24.3575
2012-07-05,24.2125,24.2125,23.1525,23.459999
2012-07-06,22.7575,23.725,22.735001,23.622499
2012-07-09,23.83,24.110001,23.295,23.860001
2012-07-10,24.2425,24.525,22.747499,23.1975
2012-07-11,23.2325,24.120001,22.8375,23.887501
2012-07-12,23.327499,24.215,22.77,23.657499
2012-07-13,24.055,25.07,24.030001,25.0425
2012-07-16,25.105,25.5875,24.790001,25.3225
2012-07-17,25.797501,26.434999,25.032499,26.23
2012-07-18,26.115,26.629999,25.7875,25.9475
2012-07-19,26.1625,26.545,25.5625,26.5375
2012-07-20,25.75,26.092501,24.875,25.125
2012-07-23,23.129999,23.9625,22.2575,23.372499
2012-07-24,23.477501,23.49,21.775,22.485001
2012-07-25,22.594999,23.077499,21.7875,22.7075
2012-07-26,24.115,24.5275,23.67,24.469999
2012-07-27,25.465,25.5625,24.8125,25.065001
2012-07-30,25.280001,25.584999,24.497499,24.5425
2012-07-31,24.012501,24.525,23.799999,23.815001
2012-08-01,24.262501,24.639999,23.775,24.33
2012-08-02,23.6975,24.875,23.5275,24.875
2012-08-03,25.8325,26.615,25.6775,26.615
2012-08-06,26.995001,27.487499,26.82,27.2225
2012-08-07,27.625,27.775,26.385,26.424999
2012-08-08,26.487499,27.535,26.297501,27.502501
2012-08-09,27.27,27.895,27.030001,27.612499
2012-08-10,27.315001,28.122499,27.1175,28.105
2012-08-13,28.014999,28.872499,27.9125,28.872499
2012-08-14,28.7775,28.93,27.3475,27.379999
2012-08-15,27.395,28.067499,27.2225,27.385
2012-08-16,27.5075,27.945,27.025,27.932501
2012-08-17,28.202499,28.940001,27.8825,28.674999
2012-08-20,28.424999,28.7575,27.959999,28.6975
2012-08-21,29.055,29.147499,27.6525,27.92
2012-08-22,27.422501,27.9375,27.1625,27.715
2012-08-23,27.5075,27.605,26.77,27.137501
2012-08-24,26.834999,28.440001,26.772499,28.217501
2012-08-27,28.497499,28.7225,27.975,28.057501
2012-08-28,27.577499,28.035,27.4625,27.530001
2012-08-29,27.5625,28.127501,27.3475,27.395
2012-08-30,26.77,27.1525,26.540001,26.83
2012-08-31,27.25,27.834999,26.684999,27.6325
2012-09-04,27.547501,27.942499,27.08,27.9175
2012-09-05,27.987499,28.77,27.987499,28.6175
2012-09-06,29.27,31.645,29.27,31.645
2012-09-07,32.267502,33.509998,32.145,33.43
2012-09-10,32.887501,33.892502,31.379999,31.5275
2012-09-11,31.5525,32.392502,31.1675,31.67
2012-09-12,32.262501,32.622501,31.4925,32.5
2012-09-13,32.467499,35.080002,31.885,34.860001
2012-09-14,35.544998,36.105,33.4725,33.665001
2012-09-17,33.049999,33.842499,33.0275,33.837502
2012-09-18,33.654999,34.834999,33.299999,34.724998
2012-09-19,35.375,35.462502,34.59,34.785
2012-09-20,34.462502,35.165001,33.922501,35.130001
2012-09-21,35.09,35.830002,34.77,35.342499
2012-09-24,34.942501,36.1525,34.787498,35.817501
2012-09-25,36.23,36.264999,33.052502,33.139999
2012-09-26,32.512501,32.959999,31.135,31.815001
2012-09-27,32.955002,34.834999,32.415001,34.737499
2012-09-28,33.9375,34.802502,33.377499,33.685001
2012-10-01,34.509998,35.43,33.197498,33.365002
2012-10-02,33.7925,34.080002,32.889999,34.032501
2012-10-03,34.0,34.560001,33.165001,34.157501
2012-10-04,34.439999,34.9925,34.205002,34.974998
2012-10-05,36.080002,36.435001,35.0,35.435001
2012-10-08,34.950001,35.384998,34.674999,35.040001
2012-10-09,34.970001,35.125,33.330002,33.514999
2012-10-10,33.889999,34.09,33.139999,33.895
2012-10-11,34.395,34.779999,34.105,34.220001
2012-10-12,34.919998,35.224998,33.825001,34.0
2012-10-15,34.290001,35.235001,33.610001,35.16
2012-10-16,35.755001,36.125,35.474998,35.945
2012-10-17,35.965,36.610001,35.584999,36.424999
2012-10-18,36.165001,36.939999,35.91,36.474998
2012-10-19,36.169998,36.169998,33.759998,34.18
2012-10-22,34.275002,34.619999,33.25,34.619999
2012-10-23,32.66,32.880001,31.4,31.84
2012-10-24,32.189999,32.259998,31.344999,31.57
2012-10-25,32.654999,32.814999,31.610001,32.384998
2012-10-26,32.41,32.970001,31.615,32.470001
2012-10-31,33.150002,33.209999,31.525,31.775
2012-11-01,32.16,34.369999,32.07,34.34
2012-11-02,34.775002,34.895,33.27,33.439999
2012-11-05,32.935001,33.139999,31.955,32.794998
2012-11-06,33.044998,34.290001,32.735001,33.93
2012-11-07,33.084999,33.325001,30.82,31.23
2012-11-08,31.275,31.955,30.83,30.965
2012-11-09,30.65,31.975,30.6,30.985001
2012-11-12,31.32,33.07,31.32,32.985001
2012-11-13,32.209999,33.77,32.0,32.915001
2012-11-14,33.860001,33.945,31.25,31.799999
2012-11-15,31.809999,32.375,30.485001,31.455
2012-11-16,31.84,32.965,30.725,32.91
2012-11-19,34.075001,35.759998,34.044998,35.73
2012-11-20,36.125,36.404999,35.505001,36.310001
2012-11-21,36.41,37.035,35.720001,36.07
2012-11-23,36.935001,37.645,36.619999,37.645
2012-11-26,36.990002,37.994999,36.779999,37.955002
2012-11-27,38.200001,38.5,37.005001,37.115002
2012-11-28,36.485001,38.23,35.724998,38.125
2012-11-29,38.73,38.875,37.794998,38.639999
2012-11-30,39.005001,39.005001,37.549999,37.884998
2012-12-03,38.945,38.994999,37.055,37.18
2012-12-04,36.900002,37.369999,35.970001,36.48
2012-12-05,36.5,37.255001,35.689999,37.084999
2012-12-06,37.09,37.205002,36.334999,36.654999
2012-12-07,37.215,37.985001,36.404999,37.915001
2012-12-10,37.580002,37.84,37.154999,37.455002
2012-12-11,37.895,38.720001,37.755001,38.685001
2012-12-12,38.849998,39.060001,37.610001,37.724998
2012-12-13,37.785,37.985001,36.41,37.005001
2012-12-14,36.799999,37.0,36.279999,36.759998
2012-12-17,36.615002,38.025002,36.560001,38.0
2012-12-18,38.605,39.695,38.384998,39.419998
2012-12-19,39.465,39.465,37.075001,37.080002
2012-12-20,37.200001,37.445,36.0,36.224998
2012-12-21,33.279999,34.435001,33.105,33.849998
2012-12-24,34.470001,34.619999,34.025002,34.474998
2012-12-26,33.935001,34.0,32.584999,32.625
2012-12-27,32.654999,33.0,30.58,32.605
2012-12-28,31.565001,32.380001,30.700001,30.924999
2012-12-31,29.365,33.040001,29.135,32.724998
2013-01-02,35.875,36.744999,34.965,36.73
2013-01-03,36.330002,37.130001,35.884998,36.424999
2013-01-04,36.474998,37.310001,36.310001,37.165001
2013-01-07,36.77,37.369999,36.43,37.150002
2013-01-08,37.415001,37.740002,36.75,37.575001
2013-01-09,38.224998,38.299999,37.224998,37.52
2013-01-10,38.240002,38.540001,37.674999,38.455002
2013-01-11,38.400002,38.634998,37.935001,38.57
2013-01-14,38.66,39.404999,38.380001,39.240002
2013-01-15,38.77,39.595001,38.599998,39.224998
2013-01-16,39.544998,40.459999,39.355,40.105
2013-01-17,40.59,40.75,39.82,39.82
2013-01-18,40.259998,42.514999,40.0,42.32
2013-01-22,42.404999,43.814999,41.599998,43.610001
2013-01-23,43.555,44.970001,43.419998,44.744999
2013-01-24,44.424999,45.165001,41.834999,44.48
2013-01-25,44.369999,44.900002,43.294998,44.139999
2013-01-28,44.294998,44.294998,42.450001,42.900002
2013-01-29,42.285,44.560001,42.029999,44.255001
2013-01-30,43.195,43.724998,41.369999,41.470001
2013-01-31,41.125,42.18,40.860001,41.279999
2013-02-01,42.900002,43.950001,42.884998,43.365002
2013-02-04,42.195,42.654999,40.525002,40.540001
2013-02-05,41.459999,43.049999,41.325001,42.299999
2013-02-06,41.415001,42.575001,41.294998,42.494999
2013-02-07,43.075001,43.185001,40.924999,42.645
2013-02-08,42.924999,43.68,42.915001,43.465
2013-02-11,43.639999,44.43,43.259998,44.075001
2013-02-12,44.360001,45.064999,43.970001,44.650002
2013-02-13,44.799999,45.25,43.715,44.490002
2013-02-14,44.240002,45.365002,43.869999,45.115002
2013-02-15,45.619999,45.73,44.424999,45.465
2013-02-19,45.779999,47.52,45.779999,47.369999
2013-02-20,47.23,47.294998,42.755001,42.755001
2013-02-21,43.105,43.150002,40.849998,42.360001
2013-02-22,43.404999,43.860001,42.555,43.790001
2013-02-25,45.305,45.845001,37.310001,37.669998
2013-02-26,37.860001,38.865002,35.735001,38.310001
2013-02-27,38.055,41.424999,37.705002,40.755001
2013-02-28,40.91,41.564999,39.560001,39.560001
2013-03-01,37.805,39.619999,36.860001,38.950001
2013-03-04,38.384998,41.0,38.209999,40.965
2013-03-05,42.275002,42.535,41.805,42.285
2013-03-06,42.740002,42.82,41.264999,42.02
2013-03-07,42.185001,42.924999,41.869999,42.91
2013-03-08,43.645,43.75,42.255001,43.474998
2013-03-11,43.485001,45.345001,43.34,45.294998
2013-03-12,45.130001,45.450001,43.049999,44.494999
2013-03-13,44.73,45.099998,43.75,44.744999
2013-03-14,45.349998,45.779999,44.834999,45.584999
2013-03-15,45.424999,45.889999,44.610001,45.625
2013-03-18,42.709999,45.23,42.610001,43.264999
2013-03-19,44.209999,44.380001,40.955002,43.075001
2013-03-20,44.705002,45.790001,44.255001,45.505001
2013-03-21,44.355,45.380001,43.580002,44.139999
2013-03-22,44.950001,45.119999,43.634998,44.285
2013-03-25,45.419998,46.07,43.564999,44.695
2013-03-26,45.615002,46.294998,45.105,45.990002
2013-03-27,44.939999,45.950001,44.57,45.630001
2013-03-28,45.755001,45.939999,45.389999,45.540001
2013-04-01,45.965,46.174999,45.09,45.59
2013-04-02,46.27,47.049999,46.125,47.029999
2013-04-03,47.09,47.325001,44.849998,45.305
2013-04-04,45.400002,46.075001,44.224998,46.075001
2013-04-05,43.470001,45.91,43.235001,45.895
2013-04-08,46.195,47.174999,45.595001,47.055
2013-04-09,47.439999,48.244999,46.724998,47.709999
2013-04-10,48.25,49.134998,48.139999,48.904999
2013-04-11,49.185001,50.035,48.830002,49.174999
2013-04-12,48.650002,50.16,48.084999,50.049999
2013-04-15,49.75,50.424999,42.16,44.25
2013-04-16,44.825001,46.305,44.169998,46.224998
2013-04-17,44.580002,44.584999,39.43,41.220001
2013-04-18,41.064999,41.325001,38.195,39.105
2013-04-19,39.615002,42.130001,39.400002,41.685001
2013-04-22,41.68,43.290001,40.77,42.82
2013-04-23,44.205002,45.18,41.264999,44.895
2013-04-24,44.935001,45.470001,44.415001,44.865002
2013-04-25,45.310001,45.465,44.035,44.330002
2013-04-26,43.82,44.509998,43.299999,44.294998
2013-04-29,45.0,45.330002,44.259998,44.535
2013-04-30,44.535,45.139999,43.82,44.990002
2013-05-01,44.5,44.705002,43.014999,43.02
2013-05-02,43.799999,44.735001,43.669998,44.57
2013-05-03,45.57,45.755001,45.150002,45.525002
2013-05-06,45.525002,46.555,45.459999,46.285
2013-05-07,46.91,47.125,46.049999,46.650002
2013-05-08,46.290001,46.66,45.470001,46.395
2013-05-09,46.02,46.16,44.59,45.509998
2013-05-10,45.244999,46.009998,44.715,45.935001
2013-05-13,45.939999,46.360001,45.494999,46.285
2013-05-14,46.465,46.82,46.005001,46.634998
2013-05-15,46.049999,46.66,45.755001,46.314999
2013-05-16,45.900002,46.445,45.310001,45.814999
2013-05-17,46.075001,47.165001,45.945,47.029999
2013-05-20,46.48,47.125,46.365002,46.389999
2013-05-21,46.66,46.805,45.630001,46.055
2013-05-22,46.389999,46.66,44.73,45.525002
2013-05-23,43.215,45.439999,43.185001,45.095001
2013-05-24,44.580002,45.330002,44.255001,45.139999
2013-05-28,46.505001,46.799999,45.73,46.395
2013-05-29,45.605,46.044998,44.669998,45.705002
2013-05-30,45.580002,46.154999,45.040001,45.75
2013-05-31,45.189999,45.775002,44.049999,44.049999
2013-06-03,44.195,44.259998,41.875,44.224998
2013-06-04,43.93,44.290001,42.330002,43.744999
2013-06-05,42.849998,43.235001,41.605,41.775002
2013-06-06,41.375,42.279999,39.470001,42.255001
2013-06-07,43.415001,44.275002,42.805,44.275002
2013-06-10,44.775002,44.915001,43.974998,44.744999
2013-06-11,42.845001,43.689999,41.465,41.845001
2013-06-12,42.695,42.779999,38.834999,39.34
2013-06-13,39.27,41.395,38.790001,41.209999
2013-06-14,40.965,41.915001,39.849998,40.150002
2013-06-17,40.955002,41.174999,40.0,40.744999
2013-06-18,40.91,41.380001,40.740002,41.380001
2013-06-19,40.955002,43.189999,40.685001,41.264999
2013-06-20,39.599998,39.794998,35.355,36.695
2013-06-21,37.84,38.174999,35.84,37.915001
2013-06-24,35.875,36.915001,35.150002,35.735001
2013-06-25,36.785,36.955002,35.990002,36.66
2013-06-26,37.619999,37.634998,36.805,37.525002
2013-06-27,38.459999,39.055,38.125,39.014999
2013-06-28,38.220001,39.849998,37.98,39.224998
2013-07-01,39.735001,41.134998,39.735001,40.525002
2013-07-02,40.035,40.98,39.334999,39.834999
2013-07-03,39.465,40.615002,39.334999,40.43
2013-07-05,41.459999,42.505001,40.805,42.505001
2013-07-08,43.610001,44.580002,43.369999,44.299999
2013-07-09,45.450001,45.715,44.895,45.255001
2013-07-10,45.185001,45.924999,45.07,45.669998
2013-07-11,47.195,47.345001,46.395,46.974998
2013-07-12,46.939999,47.169998,46.16,46.505001
2013-07-15,46.915001,47.775002,46.544998,47.485001
2013-07-16,47.575001,47.650002,45.685001,46.189999
2013-07-17,46.849998,47.84,46.375,47.720001
2013-07-18,48.134998,49.145,47.98,48.509998
2013-07-19,48.09,49.860001,47.665001,49.544998
2013-07-22,49.82,50.830002,49.365002,50.709999
2013-07-23,51.084999,51.549999,50.044998,50.935001
2013-07-24,51.209999,51.325001,49.685001,50.345001
2013-07-25,49.715,51.625,49.615002,51.509998
2013-07-26,50.895,51.834999,50.025002,51.625
2013-07-29,51.154999,51.599998,50.5,51.035
2013-07-30,51.209999,52.07,50.705002,51.915001
2013-07-31,52.029999,54.255001,52.009998,53.099998
2013-08-01,54.529999,54.959999,54.215,54.810001
2013-08-02,54.630001,56.240002,54.630001,56.240002
2013-08-05,56.305,57.014999,56.02,56.880001
2013-08-06,56.535,56.674999,54.689999,55.200001
2013-08-07,54.200001,54.900002,53.055,54.5
2013-08-08,55.560001,55.794998,54.275002,55.334999
2013-08-09,55.220001,55.814999,54.07,54.619999
2013-08-12,53.474998,55.130001,53.400002,54.845001
2013-08-13,55.355,55.724998,54.115002,55.474998
2013-08-14,55.73,55.965,54.799999,54.84
2013-08-15,53.064999,53.294998,51.884998,52.055
2013-08-16,52.110001,53.865002,52.02,53.005001
2013-08-19,52.759998,53.150002,51.419998,51.705002
2013-08-20,51.380001,53.455002,51.09,52.040001
2013-08-21,51.255001,53.279999,50.205002,51.080002
2013-08-22,51.764999,52.674999,51.695,52.365002
2013-08-23,52.84,53.580002,52.419998,53.580002
2013-08-26,53.93,54.365002,51.509998,51.709999
2013-08-27,49.275002,50.07,47.205002,47.48
2013-08-28,47.095001,48.325001,46.52,47.52
2013-08-29,46.880001,47.945,46.555,46.615002
2013-08-30,46.875,46.924999,45.195,46.075001
2013-09-03,48.105,48.299999,46.849998,47.705002
2013-09-04,47.735001,48.25,47.41,47.834999
2013-09-05,48.014999,49.099998,47.865002,48.985001
2013-09-06,49.625,49.810001,47.209999,48.610001
2013-09-09,49.130001,50.619999,48.875,50.404999
2013-09-10,51.810001,52.25,51.505001,52.240002
2013-09-11,51.889999,54.049999,51.790001,53.915001
2013-09-12,54.02,54.779999,52.855,53.0
2013-09-13,54.005001,54.235001,52.82,53.965
2013-09-16,55.0,55.165001,53.939999,54.290001
2013-09-17,54.34,55.145,54.34,54.91
2013-09-18,54.654999,57.560001,53.924999,57.029999
2013-09-19,57.584999,57.814999,56.474998,57.25
2013-09-20,57.035,57.740002,56.075001,56.09
2013-09-23,56.384998,56.43,54.389999,55.529999
2013-09-24,55.709999,56.615002,55.07,55.575001
2013-09-25,55.77,56.445,55.060001,55.915001
2013-09-26,56.639999,57.0,56.025002,56.889999
2013-09-27,55.955002,56.115002,54.040001,54.599998
2013-09-30,52.119999,53.970001,51.875,52.57
2013-10-01,52.485001,54.400002,52.365002,54.400002
2013-10-02,53.16,53.900002,52.18,52.764999
2013-10-03,52.18,52.424999,48.279999,50.735001
2013-10-04,49.950001,51.255001,49.384998,50.924999
2013-10-07,48.845001,49.490002,46.945,47.154999
2013-10-08,46.985001,47.189999,44.18,44.810001
2013-10-09,44.895,46.950001,43.630001,46.375
2013-10-10,48.025002,50.799999,48.0,50.779999
2013-10-11,50.685001,52.555,50.564999,51.82
2013-10-14,49.630001,51.834999,48.759998,51.165001
2013-10-15,50.555,51.625,47.66,48.02
2013-10-16,50.505001,53.779999,49.799999,53.720001
2013-10-17,53.139999,56.904999,53.095001,56.904999
2013-10-18,57.599998,58.404999,56.200001,57.165001
2013-10-21,58.5,58.555,56.330002,56.860001
2013-10-22,58.07,58.195,56.365002,56.764999
2013-10-23,55.904999,56.365002,54.540001,56.365002
2013-10-24,56.599998,57.415001,56.224998,57.145
2013-10-25,57.259998,57.375,56.415001,57.375
2013-10-28,57.014999,57.294998,56.455002,56.945
2013-10-29,57.080002,57.5,56.59,57.445
2013-10-30,57.48,57.48,55.755001,56.695
2013-10-31,56.75,57.875,56.34,56.994999
2013-11-01,57.459999,57.810001,56.625,57.345001
2013-11-04,57.695,58.855,57.400002,58.77
2013-11-05,58.375,59.200001,57.994999,58.98
2013-11-06,59.555,60.0,58.73,59.889999
2013-11-07,60.075001,60.185001,57.369999,57.794998
2013-11-08,58.389999,60.200001,58.244999,60.125
2013-11-11,60.134998,60.470001,59.775002,60.41
2013-11-12,60.294998,60.825001,59.895,60.535
2013-11-13,59.689999,60.945,59.575001,60.744999
2013-11-14,60.895,61.564999,60.650002,61.455002
2013-11-15,61.84,62.275002,61.740002,62.27
2013-11-18,63.16,63.77,61.93,62.18
2013-11-19,62.485001,62.810001,60.73,61.43
2013-11-20,60.855,63.695,60.735001,62.66
2013-11-21,63.384998,65.360001,63.285,64.815002
2013-11-22,65.144997,65.724998,64.775002,65.699997
2013-11-25,66.364998,66.379997,65.125,65.43
2013-11-26,65.504997,65.945,64.93,65.059998
2013-11-27,65.550003,65.550003,64.845001,65.025002
2013-11-29,65.294998,65.355003,64.169998,64.245003
2013-12-02,64.5,64.525002,63.244999,63.759998
2013-12-03,62.490002,63.025002,60.560001,62.105
2013-12-04,60.875,62.880001,60.009998,62.779999
2013-12-05,63.185001,63.235001,61.700001,62.294998
2013-12-06,63.650002,64.839996,63.52,64.474998
2013-12-09,65.010002,65.324997,64.419998,64.945
2013-12-10,64.535004,65.040001,64.290001,64.625
2013-12-11,64.794998,64.894997,61.305,61.59
2013-12-12,61.915001,62.330002,60.09,61.325001
2013-12-13,61.450001,61.740002,60.715,61.185001
2013-12-16,61.915001,62.18,60.779999,61.169998
2013-12-17,60.365002,61.785,59.59,61.334999
2013-12-18,61.945,65.68,60.880001,65.665001
2013-12-19,65.239998,65.910004,64.779999,65.010002
2013-12-20,65.559998,65.894997,64.535004,64.669998
2013-12-23,65.5,67.195,65.25,67.014999
2013-12-24,68.0,68.544998,67.544998,68.305
2013-12-26,69.735001,69.949997,69.360001,69.504997
2013-12-27,69.684998,69.809998,68.029999,68.489998
2013-12-30,68.209999,68.540001,67.084999,67.43
2013-12-31,68.205002,68.32,66.449997,67.470001
2014-01-02,66.449997,66.720001,65.660004,66.114998
2014-01-03,66.684998,67.410004,65.815002,66.514999
2014-01-06,67.665001,68.169998,66.675003,67.309998
2014-01-07,68.074997,69.055,67.970001,68.885002
2014-01-08,68.440002,69.139999,68.160004,68.769997
2014-01-09,68.934998,69.184998,68.190002,68.589996
2014-01-10,69.199997,70.345001,68.330002,70.199997
2014-01-13,69.974998,71.099998,65.699997,67.764999
2014-01-14,68.595001,70.610001,68.584999,70.464996
2014-01-15,70.639999,70.800003,69.360001,70.239998
2014-01-16,70.004997,70.309998,69.055,69.875
2014-01-17,69.584999,70.599998,69.279999,69.754997
2014-01-21,70.410004,70.669998,69.269997,70.544998
2014-01-22,71.305,71.800003,70.879997,71.629997
2014-01-23,70.705002,70.82,67.885002,69.690002
2014-01-24,67.68,67.82,62.110001,63.389999
2014-01-27,62.799999,63.84,58.060001,61.810001
2014-01-28,61.740002,64.870003,61.5,64.32
2014-01-29,61.169998,63.029999,59.0,60.029999
2014-01-30,61.779999,62.529999,60.23,60.860001
2014-01-31,55.419998,58.66,55.279999,56.259998
2014-02-03,55.5,56.330002,51.610001,52.220001
2014-02-04,52.880001,53.740002,52.0,53.07
2014-02-05,52.02,52.509998,49.799999,51.18
2014-02-06,51.82,56.18,51.82,56.16
2014-02-07,57.630001,60.73,57.369999,59.52
2014-02-10,59.790001,60.68,58.900002,59.459999
2014-02-11,60.450001,62.400002,59.970001,61.709999
2014-02-12,62.509998,63.099998,61.290001,62.959999
2014-02-13,61.150002,63.549999,61.02,63.459999
2014-02-14,63.669998,64.970001,63.279999,64.400002
2014-02-18,65.0,65.349998,63.48,65.230003
2014-02-19,64.400002,65.0,60.299999,60.779999
2014-02-20,61.459999,63.380001,60.330002,63.099998
2014-02-21,63.98,64.290001,62.150002,62.48
2014-02-24,62.740002,63.939999,62.59,62.919998
2014-02-25,63.09,63.639999,61.630001,62.880001
2014-02-26,62.990002,63.43,61.150002,62.049999
2014-02-27,61.16,62.540001,60.799999,62.23
2014-02-28,62.110001,63.32,59.939999,61.200001
2014-03-03,57.490002,59.209999,56.200001,57.73
2014-03-04,60.740002,61.5,60.5,61.32
2014-03-05,61.279999,61.73,60.380001,61.25
2014-03-06,61.549999,61.950001,60.830002,61.700001
2014-03-07,62.119999,62.16,59.700001,60.27
2014-03-10,59.82,60.740002,58.619999,60.59
2014-03-11,60.700001,61.439999,59.369999,59.73
2014-03-12,58.540001,60.040001,58.060001,59.830002
2014-03-13,60.57,60.68,56.400002,57.349998
2014-03-14,56.209999,57.240002,54.73,55.77
2014-03-17,57.200001,58.57,57.200001,58.279999
2014-03-18,59.540001,60.619999,59.200001,60.450001
2014-03-19,60.380001,61.040001,57.110001,59.279999
2014-03-20,58.849998,59.919998,58.5,59.68
2014-03-21,60.43,60.610001,58.939999,59.240002
2014-03-24,59.400002,59.73,57.630001,59.080002
2014-03-25,59.790001,60.02,58.799999,59.849998
2014-03-26,60.419998,60.5,58.759998,58.759998
2014-03-27,58.869999,59.549999,58.169998,59.509998
2014-03-28,60.040001,60.43,59.32,60.110001
2014-03-31,60.669998,62.080002,60.650002,61.970001
2014-04-01,62.200001,64.089996,62.200001,64.07
2014-04-02,64.0,64.139999,63.009998,63.619999
2014-04-03,63.610001,63.799999,62.84,63.709999
2014-04-04,64.760002,64.839996,61.540001,62.360001
2014-04-07,61.720001,62.169998,60.060001,60.98
2014-04-08,61.23,62.09,60.119999,62.09
2014-04-09,62.830002,63.689999,61.959999,63.57
2014-04-10,63.5,63.599998,59.549999,59.759998
2014-04-11,59.07,59.900002,57.09,57.889999
2014-04-14,59.0,59.189999,56.5,58.369999
2014-04-15,58.73,59.43,55.860001,59.02
2014-04-16,60.110001,61.200001,59.279999,61.110001
2014-04-17,60.959999,62.169998,60.599998,61.990002
2014-04-21,62.040001,63.27,61.98,63.18
2014-04-22,62.950001,63.709999,62.720001,63.349998
2014-04-23,63.029999,63.310001,62.610001,63.02
2014-04-24,63.380001,63.470001,61.880001,62.279999
2014-04-25,61.860001,62.009998,60.66,61.830002
2014-04-28,62.310001,63.240002,61.119999,63.169998
2014-04-29,63.490002,64.339996,63.18,64.309998
2014-04-30,63.93,64.660004,63.610001,64.220001
2014-05-01,64.080002,64.779999,63.849998,64.290001
2014-05-02,65.0,65.290001,63.950001,64.650002
2014-05-05,63.650002,65.300003,63.25,65.300003
2014-05-06,65.0,65.690002,64.550003,64.720001
2014-05-07,64.959999,66.080002,63.98,66.080002
2014-05-08,66.190002,67.389999,65.5,65.889999
2014-05-09,66.129997,67.370003,65.269997,67.349998
2014-05-12,68.120003,69.510002,67.940002,69.290001
2014-05-13,69.470001,69.870003,69.019997,69.129997
2014-05-14,68.830002,70.139999,68.650002,69.519997
2014-05-15,69.209999,69.360001,67.089996,68.690002
2014-05-16,69.260002,70.360001,68.489998,70.360001
2014-05-19,70.110001,71.279999,69.870003,71.209999
2014-05-20,71.300003,72.220001,70.339996,71.830002
2014-05-21,72.43,73.220001,72.220001,72.879997
2014-05-22,72.910004,73.580002,72.5,72.949997
2014-05-23,73.160004,73.739998,72.93,73.510002
2014-05-27,74.75,75.849998,74.529999,75.779999
2014-05-28,75.709999,76.25,74.809998,75.989998
2014-05-29,76.309998,76.760002,75.75,76.260002
2014-05-30,76.220001,76.5,75.879997,76.389999
2014-06-02,76.389999,76.959999,75.639999,76.919998
2014-06-03,76.300003,76.900002,75.959999,76.580002
2014-06-04,76.059998,77.809998,76.0,77.389999
2014-06-05,78.43,80.400002,77.639999,80.099998
2014-06-06,82.239998,84.209999,82.0,84.110001
2014-06-09,84.620003,85.389999,82.790001,83.0
2014-06-10,82.639999,84.519997,82.080002,84.470001
2014-06-11,83.010002,83.529999,81.349998,82.599998
2014-06-12,82.019997,82.360001,77.129997,78.540001
2014-06-13,79.139999,80.68,77.809998,79.910004
2014-06-16,79.559998,80.879997,78.57,80.040001
2014-06-17,80.239998,82.910004,79.919998,82.660004
2014-06-18,82.919998,87.230003,82.870003,87.18
2014-06-19,87.779999,88.400002,86.050003,86.830002
2014-06-20,87.080002,87.669998,85.529999,85.620003
2014-06-23,85.769997,87.900002,85.120003,87.720001
2014-06-24,86.839996,88.089996,83.790001,84.5
2014-06-25,83.080002,87.690002,83.029999,87.690002
2014-06-26,87.790001,87.919998,84.410004,86.660004
2014-06-27,85.849998,87.559998,85.43,87.389999
2014-06-30,87.480003,89.199997,87.239998,88.269997
2014-07-01,89.050003,91.43,88.690002,90.510002
2014-07-02,90.849998,92.260002,90.639999,91.410004
2014-07-03,93.089996,93.330002,92.400002,92.699997
2014-07-07,92.25,92.25,90.419998,90.699997
2014-07-08,90.089996,90.089996,87.220001,89.269997
2014-07-09,90.709999,91.589996,89.809998,91.040001
2014-07-10,86.190002,89.160004,85.830002,87.779999
2014-07-11,87.809998,89.099998,87.330002,88.860001
2014-07-14,90.739998,92.029999,90.690002,91.209999
2014-07-15,91.739998,92.199997,87.989998,89.519997
2014-07-16,92.160004,92.550003,90.07,91.769997
2014-07-17,90.620003,91.739998,81.010002,83.099998
2014-07-18,86.599998,89.660004,86.0,89.099998
2014-07-21,88.150002,88.400002,85.150002,87.040001
2014-07-22,88.959999,89.790001,88.129997,88.760002
2014-07-23,89.25,89.330002,87.480003,87.959999
2014-07-24,88.709999,88.769997,87.120003,88.589996
2014-07-25,87.050003,87.230003,85.470001,85.919998
2014-07-28,86.300003,86.760002,84.059998,86.309998
2014-07-29,86.82,87.919998,85.699997,86.529999
2014-07-30,87.419998,87.510002,84.809998,85.089996
2014-07-31,82.290001,82.800003,76.82,77.82
2014-08-01,77.040001,79.75,72.360001,74.010002
2014-08-04,74.5,78.690002,73.599998,77.129997
2014-08-05,75.510002,76.43,70.510002,71.739998
2014-08-06,70.410004,74.269997,70.279999,71.459999
2014-08-07,73.230003,73.769997,68.650002,69.989998
2014-08-08,69.910004,72.889999,68.910004,72.629997
2014-08-11,74.120003,77.43,73.830002,75.620003
2014-08-12,75.849998,77.230003,75.110001,76.099998
2014-08-13,78.0,80.760002,77.449997,80.400002
2014-08-14,81.410004,83.089996,81.050003,82.93
2014-08-15,84.660004,85.199997,78.18,82.949997
2014-08-18,85.589996,86.18,85.040001,86.18
2014-08-19,87.139999,87.410004,86.349998,86.940002
2014-08-20,85.699997,86.650002,84.540001,86.279999
2014-08-21,86.07,86.419998,85.029999,86.07
2014-08-22,86.309998,86.940002,84.550003,86.419998
2014-08-25,87.400002,87.760002,86.580002,87.25
2014-08-26,87.25,87.419998,86.139999,86.43
2014-08-27,86.330002,86.639999,85.110001,85.910004
2014-08-28,83.43,85.239998,83.160004,84.470001
2014-08-29,85.470001,85.660004,84.07,85.029999
2014-09-02,85.029999,85.459999,83.769997,84.459999
2014-09-03,85.889999,85.889999,84.5,85.449997
2014-09-04,86.040001,87.190002,84.360001,85.290001
2014-09-05,85.739998,87.160004,84.330002,87.010002
2014-09-08,86.699997,87.169998,85.790001,86.839996
2014-09-09,86.260002,86.389999,83.970001,84.459999
2014-09-10,84.400002,85.440002,82.739998,85.050003
2014-09-11,83.540001,85.349998,83.209999,85.290001
2014-09-12,85.010002,85.190002,82.0,83.43
2014-09-15,83.050003,83.050003,80.769997,81.290001
2014-09-16,80.419998,85.449997,80.290001,85.199997
2014-09-17,85.580002,87.720001,84.760002,85.949997
2014-09-18,86.629997,87.300003,86.129997,87.190002
2014-09-19,88.029999,88.529999,86.0,87.139999
2014-09-22,86.089996,86.25,83.410004,84.120003
2014-09-23,81.910004,83.540001,80.900002,81.0
2014-09-24,81.379997,83.589996,80.599998,83.519997
2014-09-25,82.720001,82.720001,76.010002,77.25
2014-09-26,77.879997,80.75,77.5,79.900002
2014-09-29,75.629997,78.059998,74.699997,76.080002
2014-09-30,75.639999,77.07,74.419998,74.940002
2014-10-01,74.980003,75.120003,71.419998,73.379997
2014-10-02,72.839996,75.260002,70.879997,73.940002
2014-10-03,76.440002,79.18,75.980003,78.419998
2014-10-06,80.160004,80.940002,76.620003,77.050003
2014-10-07,75.18,75.400002,71.540001,71.620003
2014-10-08,71.25,77.669998,70.540001,77.440002
2014-10-09,76.360001,76.82,70.010002,70.239998
2014-10-10,69.900002,71.32,62.400002,62.459999
2014-10-13,63.400002,64.459999,55.849998,56.349998
2014-10-14,57.099998,59.650002,54.380001,56.709999
2014-10-15,52.279999,55.900002,48.290001,55.59
2014-10-16,48.720001,54.400002,48.490002,53.259998
2014-10-17,56.900002,57.779999,54.5,55.509998
2014-10-20,55.27,59.919998,54.959999,59.799999
2014-10-21,61.91,64.529999,61.5,64.230003
2014-10-22,64.599998,65.419998,58.669998,59.040001
2014-10-23,63.0,64.400002,61.759998,62.759998
2014-10-24,62.740002,63.82,59.200001,63.43
2014-10-27,62.290001,64.589996,61.099998,64.300003
2014-10-28,65.32,68.620003,65.169998,68.580002
2014-10-29,68.32,68.709999,65.260002,67.379997
2014-10-30,65.93,68.410004,64.879997,67.059998
2014-10-31,69.25,69.260002,67.690002,68.82
2014-11-03,68.839996,69.239998,67.0,67.68
2014-11-04,67.18,68.360001,65.330002,68.160004
2014-11-05,69.419998,69.440002,67.760002,69.059998
2014-11-06,69.43,71.080002,68.089996,70.779999
2014-11-07,70.860001,71.900002,69.949997,71.800003
2014-11-10,72.099998,75.029999,71.940002,74.480003
2014-11-11,74.860001,75.230003,73.029999,74.580002
2014-11-12,72.739998,74.370003,72.599998,73.620003
2014-11-13,73.220001,74.239998,70.620003,72.720001
2014-11-14,72.339996,72.739998,70.970001,72.5
2014-11-17,71.790001,73.370003,71.279999,72.599998
2014-11-18,73.099998,74.769997,73.019997,73.959999
2014-11-19,72.940002,73.300003,71.480003,72.110001
2014-11-20,70.760002,73.190002,70.669998,72.870003
2014-11-21,75.040001,75.080002,73.660004,74.339996
2014-11-24,74.989998,75.959999,74.660004,75.889999
2014-11-25,76.199997,76.639999,75.300003,76.5
2014-11-26,76.279999,77.879997,76.199997,77.699997
2014-11-28,77.309998,77.860001,75.32,75.599998
2014-12-01,74.0,74.18,71.669998,72.379997
2014-12-02,72.410004,76.279999,72.410004,76.199997
2014-12-03,76.949997,77.669998,76.440002,77.379997
2014-12-04,76.379997,78.0,74.980003,77.279999
2014-12-05,78.5,79.860001,77.889999,78.540001
2014-12-08,78.120003,79.32,74.510002,75.419998
2014-12-09,71.459999,74.970001,70.190002,74.480003
2014-12-10,72.919998,73.260002,66.599998,66.839996
2014-12-11,67.199997,69.860001,62.349998,62.560001
2014-12-12,59.580002,62.59,58.66,59.0
2014-12-15,61.810001,63.32,58.099998,60.360001
2014-12-16,58.990002,63.970001,57.450001,57.57
2014-12-17,56.59,63.060001,56.580002,62.830002
2014-12-18,65.970001,66.150002,63.0,64.849998
2014-12-19,65.080002,66.239998,64.07,65.32
2014-12-22,66.989998,68.510002,66.599998,68.5
2014-12-23,68.900002,68.900002,67.0,68.370003
2014-12-24,69.160004,69.269997,68.300003,68.879997
2014-12-26,68.870003,69.370003,67.870003,68.220001
2014-12-29,67.730003,68.900002,67.370003,68.330002
2014-12-30,67.260002,68.199997,66.25,66.629997
2014-12-31,66.919998,67.209999,60.009998,61.16
2015-01-02,63.380001,64.040001,58.73,62.27
2015-01-05,60.619999,60.860001,56.900002,57.959999
2015-01-06,58.220001,58.950001,54.450001,56.48
2015-01-07,58.189999,59.080002,56.939999,58.32
2015-01-08,60.5,62.32,60.330002,61.939999
2015-01-09,62.709999,62.799999,59.07,59.66
2015-01-12,59.080002,59.279999,55.259998,56.759998
2015-01-13,58.049999,58.75,53.639999,55.119999
2015-01-14,52.529999,54.349998,52.0,54.099998
2015-01-15,54.759998,55.5,52.259998,52.48
2015-01-16,52.299999,54.049999,51.279999,53.419998
2015-01-20,55.099998,55.139999,52.119999,53.919998
2015-01-21,53.32,56.560001,52.580002,56.490002
2015-01-22,58.060001,60.220001,55.860001,60.169998
2015-01-23,59.310001,61.02,58.310001,58.599998
2015-01-26,59.060001,61.279999,57.919998,61.23
2015-01-27,57.919998,60.279999,57.27,58.299999
2015-01-28,59.990002,60.049999,52.610001,53.259998
2015-01-29,52.919998,54.919998,51.080002,54.52
2015-01-30,52.709999,53.880001,48.630001,48.849998
2015-02-02,50.779999,51.869999,48.509998,51.869999
2015-02-03,52.709999,54.48,52.200001,54.380001
2015-02-04,53.52,55.200001,52.48,52.810001
2015-02-05,53.34,54.970001,53.310001,54.619999
2015-02-06,55.34,55.66,51.099998,52.32
2015-02-09,51.349998,52.299999,50.889999,52.060001
2015-02-10,53.259998,54.330002,52.299999,54.009998
2015-02-11,53.439999,53.91,52.709999,53.630001
2015-02-12,55.0,57.290001,54.759998,57.009998
2015-02-13,57.259998,58.0,56.189999,57.740002
2015-02-17,57.169998,58.0,56.720001,57.560001
2015-02-18,56.84,58.23,56.740002,57.950001
2015-02-19,57.380001,59.389999,57.240002,59.389999
2015-02-20,58.119999,61.84,57.709999,61.419998
2015-02-23,60.75,61.419998,60.310001,61.119999
2015-02-24,61.369999,64.040001,61.299999,63.720001
2015-02-25,63.560001,66.150002,62.529999,63.220001
2015-02-26,63.43,64.779999,62.189999,63.93
2015-02-27,64.050003,65.300003,63.400002,64.330002
2015-03-02,64.620003,66.489998,64.400002,66.459999
2015-03-03,65.779999,66.089996,63.220001,64.980003
2015-03-04,64.07,65.25,62.619999,65.139999
2015-03-05,65.589996,66.059998,64.580002,65.93
2015-03-06,64.959999,65.919998,62.619999,62.98
2015-03-09,63.41,64.5,63.0,63.880001
2015-03-10,62.040001,62.48,60.939999,61.799999
2015-03-11,61.540001,61.740002,59.799999,60.259998
2015-03-12,61.369999,63.990002,61.259998,63.84
2015-03-13,63.66,63.900002,60.709999,62.380001
2015-03-16,63.209999,64.459999,63.0,63.860001
2015-03-17,62.970001,64.360001,62.48,64.169998
2015-03-18,63.810001,67.470001,63.290001,66.989998
2015-03-19,65.910004,67.07,65.139999,66.860001
2015-03-20,67.620003,69.919998,67.230003,67.980003
2015-03-23,68.419998,69.93,68.330002,69.199997
2015-03-24,69.110001,70.769997,68.650002,69.480003
2015-03-25,69.760002,70.150002,66.169998,66.360001
2015-03-26,65.0,67.300003,64.360001,66.900002
2015-03-27,66.889999,67.949997,66.650002,67.730003
2015-03-30,69.25,70.099998,69.110001,69.739998
2015-03-31,69.470001,69.660004,67.57,68.040001
2015-04-01,67.82,68.099998,65.839996,68.019997
2015-04-02,68.5,69.599998,68.139999,69.440002
2015-04-06,68.730003,71.489998,68.419998,70.989998
2015-04-07,71.440002,72.18,71.040001,71.120003
2015-04-08,71.440002,72.559998,71.059998,72.440002
2015-04-09,72.800003,75.0,71.910004,74.860001
2015-04-10,75.459999,78.339996,75.43,78.339996
2015-04-13,79.150002,79.959999,75.279999,75.910004
2015-04-14,75.199997,77.400002,74.580002,76.75
2015-04-15,77.760002,79.230003,77.599998,78.449997
2015-04-16,78.040001,80.720001,77.739998,80.010002
2015-04-17,77.400002,77.790001,75.0,77.190002
2015-04-20,78.75,80.300003,78.360001,79.879997
2015-04-21,80.800003,81.07,78.959999,79.809998
2015-04-22,80.290001,81.07,78.75,80.739998
2015-04-23,80.199997,82.220001,79.830002,81.510002
2015-04-24,82.019997,82.519997,81.290001,82.309998
2015-04-27,83.07,83.25,79.279999,79.919998
2015-04-28,79.309998,82.699997,77.120003,82.669998
2015-04-29,80.599998,82.160004,79.059998,80.400002
2015-04-30,79.400002,80.190002,76.599998,78.18
2015-05-01,79.400002,82.089996,79.239998,81.959999
2015-05-04,82.57,83.230003,80.940002,81.870003
2015-05-05,81.370003,82.050003,78.959999,79.050003
2015-05-06,79.970001,80.300003,75.110001,77.730003
2015-05-07,77.349998,79.0,76.339996,78.339996
2015-05-08,81.419998,82.699997,80.839996,82.449997
2015-05-11,82.239998,82.5,80.190002,80.199997
2015-05-12,78.970001,80.940002,77.870003,80.550003
2015-05-13,81.269997,82.110001,80.339996,81.970001
2015-05-14,82.830002,83.639999,82.5,83.639999
2015-05-15,84.0,84.360001,82.650002,84.300003
2015-05-18,84.330002,87.779999,84.220001,87.150002
2015-05-19,87.589996,89.019997,86.370003,88.290001
2015-05-20,88.550003,88.949997,86.900002,88.050003
2015-05-21,87.68,91.019997,87.239998,90.5
2015-05-22,90.760002,91.419998,89.940002,90.32
2015-05-26,89.279999,89.690002,86.0,86.809998
2015-05-27,87.730003,90.669998,87.089996,90.050003
2015-05-28,89.150002,89.669998,87.870003,89.190002
2015-05-29,88.93,89.839996,87.279999,88.5
2015-06-01,89.519997,90.349998,88.040001,89.400002
2015-06-02,88.419998,89.559998,87.43,88.040001
2015-06-03,88.769997,89.720001,88.080002,89.5
2015-06-04,88.300003,88.709999,85.809998,86.43
2015-06-05,86.339996,88.160004,85.480003,87.82
2015-06-08,87.540001,87.739998,85.470001,85.989998
2015-06-09,85.830002,87.43,84.959999,87.029999
2015-06-10,88.370003,91.120003,88.230003,90.769997
2015-06-11,91.82,93.25,91.43,92.669998
2015-06-12,91.540001,91.82,89.690002,91.550003
2015-06-15,89.25,89.639999,87.449997,87.519997
2015-06-16,86.800003,89.559998,86.290001,89.110001
2015-06-17,89.620003,90.379997,87.389999,89.330002
2015-06-18,90.690002,92.910004,90.330002,91.919998
2015-06-19,91.940002,92.190002,90.599998,90.889999
2015-06-22,93.07,94.989998,92.459999,94.889999
2015-06-23,95.389999,97.419998,95.279999,97.400002
2015-06-24,96.769997,98.129997,95.269997,95.449997
2015-06-25,96.199997,96.959999,94.099998,94.599998
2015-06-26,95.07,95.699997,93.209999,95.129997
2015-06-29,89.230003,90.730003,78.0,79.440002
2015-06-30,83.0,83.099998,75.809998,79.059998
2015-07-01,83.519997,84.949997,81.040001,84.739998
2015-07-02,84.769997,85.150002,77.809998,79.470001
2015-07-06,75.580002,79.209999,74.860001,77.459999
2015-07-07,77.699997,81.589996,73.160004,81.510002
2015-07-08,78.010002,78.919998,73.110001,73.339996
2015-07-09,77.300003,77.519997,72.260002,72.68
2015-07-10,76.239998,78.239998,74.18,78.080002
2015-07-13,82.300003,86.019997,81.940002,85.68
2015-07-14,85.389999,88.050003,84.93,86.309998
2015-07-15,86.650002,87.809998,84.510002,86.470001
2015-07-16,89.43,92.580002,89.220001,92.480003
2015-07-17,92.900002,93.300003,91.769997,93.120003
2015-07-20,93.330002,95.370003,92.660004,93.459999
2015-07-21,93.779999,94.379997,92.459999,94.169998
2015-07-22,91.699997,95.589996,91.610001,94.589996
2015-07-23,95.610001,96.07,92.050003,93.510002
2015-07-24,93.370003,94.349998,89.029999,90.220001
2015-07-27,86.699997,88.0,83.580002,85.540001
2015-07-28,88.099998,92.589996,86.0,91.860001
2015-07-29,92.269997,94.139999,91.800003,93.220001
2015-07-30,92.980003,94.300003,90.949997,93.940002
2015-07-31,94.589996,95.43,92.760002,94.019997
2015-08-03,94.32,95.699997,91.629997,95.529999
2015-08-04,94.919998,95.910004,93.32,94.970001
2015-08-05,95.5,97.129997,94.43,95.839996
2015-08-06,95.68,95.720001,90.529999,92.330002
2015-08-07,92.639999,93.800003,90.559998,93.279999
2015-08-10,95.580002,96.919998,95.580002,96.760002
2015-08-11,93.050003,94.379997,90.449997,92.309998
2015-08-12,87.419998,93.129997,85.68,92.440002
2015-08-13,93.330002,94.790001,91.419998,93.440002
2015-08-14,93.82,94.510002,92.260002,93.660004
2015-08-17,92.75,94.980003,91.809998,94.790001
2015-08-18,94.43,95.279999,93.150002,93.669998
2015-08-19,92.349998,94.709999,89.580002,91.839996
2015-08-20,88.019997,89.220001,83.459999,84.099998
2015-08-21,79.610001,81.900002,70.330002,70.389999
2015-08-24,48.419998,67.199997,45.700001,57.139999
2015-08-25,60.740002,60.84,51.02,51.16
2015-08-26,55.52,56.57,49.849998,56.02
2015-08-27,58.240002,58.360001,51.380001,54.799999
2015-08-28,53.040001,53.779999,49.41,52.119999
2015-08-31,51.48,52.16,49.66,50.060001
2015-09-01,45.5,46.98,41.630001,42.880001
2015-09-02,45.560001,47.889999,43.919998,47.889999
2015-09-03,49.27,51.259998,46.560001,47.919998
2015-09-04,45.68,46.799999,43.279999,44.400002
2015-09-08,47.0,48.380001,46.43,48.23
2015-09-09,50.869999,50.91,46.720001,47.080002
2015-09-10,45.689999,48.279999,45.459999,48.279999
2015-09-11,48.0,49.43,47.169998,49.380001
2015-09-14,49.540001,49.540001,48.209999,49.27
2015-09-15,50.060001,54.380001,49.669998,54.27
2015-09-16,56.23,57.709999,54.41,57.529999
2015-09-17,57.529999,62.830002,56.080002,57.5
2015-09-18,52.0,54.02,49.990002,50.639999
2015-09-21,52.369999,54.360001,51.75,54.290001
2015-09-22,51.150002,52.0,47.669998,50.650002
2015-09-23,50.529999,52.18,49.860001,51.639999
2015-09-24,49.240002,50.73,46.580002,50.380001
2015-09-25,52.299999,52.360001,47.82,49.09
2015-09-28,47.330002,47.75,44.259998,45.560001
2015-09-29,46.099998,47.23,44.41,45.490002
2015-09-30,47.5,47.98,46.299999,47.639999
2015-10-01,47.639999,48.240002,46.09,48.23
2015-10-02,46.34,50.75,45.849998,50.75
2015-10-05,51.720001,53.950001,51.630001,53.650002
2015-10-06,53.740002,54.549999,52.150002,53.0
2015-10-07,53.650002,54.400002,52.450001,54.200001
2015-10-08,54.380001,57.549999,53.759998,56.880001
2015-10-09,57.080002,57.68,55.18,56.880001
2015-10-12,57.02,60.959999,56.5,60.41
2015-10-13,58.919998,61.099998,56.630001,57.009998
2015-10-14,56.279999,57.380001,54.240002,55.68
2015-10-15,56.91,59.959999,56.349998,59.700001
2015-10-16,60.560001,60.650002,57.849998,60.16
2015-10-19,60.009998,64.599998,59.779999,64.5
2015-10-20,63.700001,64.739998,60.93,61.970001
2015-10-21,62.599998,63.279999,57.439999,57.759998
2015-10-22,59.0,62.66,59.0,62.549999
2015-10-23,64.0,64.139999,60.490002,61.720001
2015-10-26,60.869999,61.68,59.599998,59.75
2015-10-27,58.959999,61.16,58.849998,60.919998
2015-10-28,61.139999,62.869999,59.139999,62.720001
2015-10-29,61.689999,62.48,60.599998,61.860001
2015-10-30,61.740002,62.57,60.779999,60.849998
2015-11-02,60.959999,64.449997,60.779999,63.98
2015-11-03,63.27,64.370003,62.380001,62.740002
2015-11-04,63.139999,63.380001,60.099998,60.689999
2015-11-05,60.779999,62.150002,59.639999,61.900002
2015-11-06,61.869999,63.27,60.349998,63.189999
2015-11-09,62.849998,63.150002,58.68,59.740002
2015-11-10,59.0,61.700001,58.73,61.400002
2015-11-11,61.82,61.970001,59.98,59.98
2015-11-12,58.400002,59.110001,54.580002,54.740002
2015-11-13,54.459999,54.849998,50.720001,50.959999
2015-11-16,51.18,56.279999,50.779999,56.16
2015-11-17,56.830002,57.099998,51.98,53.0
2015-11-18,54.139999,56.849998,54.049999,56.720001
2015-11-19,56.259998,56.509998,54.110001,54.830002
2015-11-20,56.560001,57.34,56.169998,56.650002
2015-11-23,56.959999,58.490002,56.400002,58.16
2015-11-24,56.580002,58.490002,55.830002,57.860001
2015-11-25,57.959999,58.939999,57.5,58.639999
2015-11-27,58.82,58.900002,57.91,58.080002
2015-11-30,58.419998,58.830002,57.720001,58.419998
2015-12-01,59.139999,61.0,58.59,60.900002
2015-12-02,60.66,61.790001,58.029999,58.5
2015-12-03,59.549999,59.900002,52.799999,54.200001
2015-12-04,55.959999,59.43,55.509998,59.41
2015-12-07,59.169998,59.209999,55.779999,57.740002
2015-12-08,55.389999,57.450001,54.599998,56.040001
2015-12-09,55.279999,57.330002,52.080002,53.669998
2015-12-10,53.369999,54.860001,52.380001,52.990002
2015-12-11,50.169998,50.799999,44.049999,45.139999
2015-12-14,45.220001,48.369999,43.080002,48.02
2015-12-15,49.720001,50.669998,48.220001,50.060001
2015-12-16,51.68,54.299999,50.459999,53.380001
2015-12-17,53.790001,53.82,50.619999,51.200001
2015-12-18,49.419998,49.98,46.75,47.18
2015-12-21,48.849998,49.279999,47.09,49.23
2015-12-22,50.759998,52.189999,50.09,51.650002
2015-12-23,52.84,53.240002,51.619999,52.810001
2015-12-24,52.389999,52.669998,51.709999,51.84
2015-12-28,50.98,52.5,49.93,52.400002
2015-12-29,53.27,53.650002,52.77,53.400002
2015-12-30,52.68,52.759998,51.509998,51.709999
2015-12-31,51.02,51.900002,50.419998,50.450001
2016-01-04,46.48,47.5,44.73,47.259998
2016-01-05,48.419998,49.279999,46.939999,48.860001
2016-01-06,45.619999,47.540001,45.580002,47.389999
2016-01-07,44.209999,45.459999,41.560001,42.34
2016-01-08,43.599998,44.029999,39.400002,39.869999
2016-01-11,40.220001,41.380001,36.93,41.040001
2016-01-12,42.77,43.09,40.349998,43.009998
2016-01-13,43.82,43.939999,37.880001,38.599998
2016-01-14,39.0,41.02,37.23,40.029999
2016-01-15,35.619999,37.310001,34.59,36.029999
2016-01-19,37.490002,37.490002,34.419998,36.009998
2016-01-20,34.830002,35.93,31.9,35.110001
2016-01-21,35.450001,36.5,33.740002,35.25
2016-01-22,36.900002,38.200001,36.5,38.189999
2016-01-25,37.68,38.27,36.049999,36.209999
2016-01-26,36.75,37.959999,36.25,37.93
2016-01-27,37.509998,38.73,35.860001,36.380001
2016-01-28,37.599998,37.869999,36.0,37.619999
2016-01-29,37.900002,39.25,37.709999,39.119999
2016-02-01,38.880001,40.02,38.209999,39.560001
2016-02-02,38.27,38.349998,36.540001,36.860001
2016-02-03,37.5,37.529999,34.799999,37.34
2016-02-04,36.880001,37.849998,36.400002,36.93
2016-02-05,37.029999,37.07,34.849998,35.470001
2016-02-08,34.150002,34.490002,32.25,33.759998
2016-02-09,32.400002,34.209999,32.27,33.509998
2016-02-10,34.119999,34.709999,33.169998,33.25
2016-02-11,30.99,32.0,29.98,31.23
2016-02-12,32.200001,32.650002,31.459999,32.580002
2016-02-16,33.700001,34.169998,33.150002,34.07
2016-02-17,34.860001,35.580002,34.540001,35.400002
2016-02-18,35.610001,36.049999,34.91,35.48
2016-02-19,34.880001,36.490002,34.560001,36.43
2016-02-22,37.450001,38.52,37.349998,38.5
2016-02-23,38.02,38.27,36.400002,36.57
2016-02-24,35.049999,36.970001,34.419998,36.779999
2016-02-25,37.080002,38.09,36.330002,38.060001
2016-02-26,38.68,38.849998,37.099998,37.5
2016-02-29,37.619999,38.639999,36.82,36.880001
2016-03-01,37.759998,40.09,37.380001,40.09
2016-03-02,39.889999,40.759998,39.240002,40.759998
2016-03-03,40.52,42.459999,40.200001,42.060001
2016-03-04,42.73,42.959999,41.07,41.549999
2016-03-07,40.689999,42.349998,40.509998,41.41
2016-03-08,40.529999,41.130001,39.68,39.790001
2016-03-09,40.209999,40.529999,39.470001,40.34
2016-03-10,40.939999,42.259998,39.110001,41.040001
2016-03-11,42.060001,43.150002,41.82,43.150002
2016-03-14,42.830002,44.060001,42.5,43.830002
2016-03-15,42.5,43.279999,42.32,43.209999
2016-03-16,42.630001,45.150002,42.599998,44.779999
2016-03-17,44.779999,46.669998,44.470001,46.09
2016-03-18,46.709999,47.290001,45.540001,46.450001
2016-03-21,46.439999,47.889999,46.310001,47.75
2016-03-22,47.080002,48.720001,46.93,48.369999
2016-03-23,47.880001,47.919998,45.790001,46.049999
2016-03-24,44.48,46.34,44.080002,46.290001
2016-03-28,46.740002,47.68,45.990002,46.939999
2016-03-29,46.779999,49.77,46.380001,49.66
2016-03-30,50.560001,51.68,49.639999,50.880001
2016-03-31,50.380001,51.5,49.740002,50.529999
2016-04-01,48.880001,52.119999,48.540001,52.0
2016-04-04,52.07,52.310001,50.360001,50.560001
2016-04-05,48.639999,49.299999,47.380001,47.639999
2016-04-06,47.889999,50.919998,47.529999,50.799999
2016-04-07,49.360001,49.98,44.939999,46.080002
2016-04-08,47.799999,48.57,46.41,47.32
2016-04-11,48.099998,48.689999,46.57,46.610001
2016-04-12,46.619999,48.580002,45.540001,48.139999
2016-04-13,49.290001,50.630001,49.080002,50.57
2016-04-14,50.669998,51.389999,49.799999,50.740002
2016-04-15,50.889999,51.470001,50.279999,51.41
2016-04-18,50.77,54.790001,50.73,54.630001
2016-04-19,54.900002,55.709999,52.98,54.150002
2016-04-20,54.919998,55.360001,53.52,53.860001
2016-04-21,53.27,53.700001,51.970001,52.860001
2016-04-22,52.529999,54.32,52.119999,54.18
2016-04-25,53.290001,53.68,52.200001,53.439999
2016-04-26,54.16,55.0,53.77,54.639999
2016-04-27,53.849998,56.790001,53.509998,56.220001
2016-04-28,55.09,57.25,52.470001,52.889999
2016-04-29,52.259998,52.869999,48.700001,51.130001
2016-05-02,52.209999,54.880001,51.700001,54.299999
2016-05-03,52.68,52.889999,50.66,51.810001
2016-05-04,50.5,51.529999,49.98,51.150002
2016-05-05,52.139999,52.400002,50.389999,51.240002
2016-05-06,51.040001,53.740002,50.959999,53.560001
2016-05-09,54.040001,55.889999,53.900002,54.759998
2016-05-10,56.169998,57.560001,56.049999,57.459999
2016-05-11,57.220001,58.119999,54.900002,55.360001
2016-05-12,55.950001,56.889999,53.75,56.0
2016-05-13,56.0,57.060001,53.459999,53.93
2016-05-16,54.380001,57.16,54.310001,56.450001
2016-05-17,56.029999,56.349998,53.18,53.98
2016-05-18,53.959999,55.959999,53.0,54.209999
2016-05-19,53.279999,54.099998,51.16,53.98
2016-05-20,55.119999,56.07,54.959999,55.860001
2016-05-23,56.0,56.919998,55.490002,56.23
2016-05-24,56.959999,59.09,56.900002,58.450001
2016-05-25,59.360001,60.689999,58.860001,59.560001
2016-05-26,59.619999,60.439999,59.450001,60.169998
2016-05-27,60.619999,61.880001,60.439999,61.869999
2016-05-31,62.689999,62.990002,60.060001,61.919998
2016-06-01,60.82,62.82,60.119999,62.34
2016-06-02,61.720001,64.120003,60.970001,64.07
2016-06-03,62.93,64.769997,61.130001,64.379997
2016-06-06,64.709999,65.489998,63.599998,65.190002
2016-06-07,65.769997,66.5,65.010002,65.150002
2016-06-08,65.190002,65.669998,64.019997,64.720001
2016-06-09,63.450001,64.239998,62.669998,63.490002
2016-06-10,60.580002,61.049999,57.459999,57.75
2016-06-13,55.240002,56.700001,49.009998,49.07
2016-06-14,48.130001,50.849998,47.41,50.119999
2016-06-15,50.610001,52.73,50.150002,50.610001
2016-06-16,48.360001,52.459999,46.540001,51.970001
2016-06-17,52.0,52.900002,51.02,52.049999
2016-06-20,55.310001,56.98,55.259998,55.540001
2016-06-21,56.57,56.68,54.209999,55.18
2016-06-22,55.18,56.759998,52.599998,53.360001
2016-06-23,56.209999,58.779999,55.509998,58.459999
2016-06-24,45.709999,51.740002,41.5,43.0
2016-06-27,41.689999,42.09,39.43,41.889999
2016-06-28,43.080002,45.540001,43.02,45.43
2016-06-29,46.57,48.189999,46.529999,47.689999
2016-06-30,48.240002,49.389999,47.509998,49.060001
2016-07-01,49.419998,50.880001,49.220001,50.610001
2016-07-05,49.700001,49.91,47.810001,49.630001
2016-07-06,48.900002,51.060001,48.139999,50.990002
2016-07-07,51.779999,52.610001,49.75,51.810001
2016-07-08,53.700001,55.619999,53.380001,55.209999
2016-07-11,56.16,56.619999,55.099998,55.200001
2016-07-12,56.580002,56.720001,55.27,56.48
2016-07-13,57.09,57.560001,56.02,57.41
2016-07-14,58.029999,58.43,57.18,57.450001
2016-07-15,57.91,58.25,55.860001,57.73
2016-07-18,57.490002,59.23,57.200001,58.720001
2016-07-19,58.700001,59.52,57.709999,58.77
2016-07-20,59.919998,60.919998,59.349998,60.470001
2016-07-21,60.189999,60.66,57.950001,58.73
2016-07-22,59.130001,60.799999,58.68,60.07
2016-07-25,60.52,60.98,58.200001,60.439999
2016-07-26,60.48,61.060001,59.299999,61.029999
2016-07-27,61.779999,62.959999,60.119999,62.380001
2016-07-28,62.040001,63.939999,61.400002,63.52
2016-07-29,63.619999,66.260002,63.419998,65.720001
2016-08-01,66.300003,67.75,65.150002,66.790001
2016-08-02,66.059998,66.480003,62.200001,64.279999
2016-08-03,64.150002,65.940002,63.5,65.93
2016-08-04,66.739998,68.199997,66.040001,67.730003
2016-08-05,69.370003,70.900002,69.339996,70.050003
2016-08-08,71.0,71.650002,70.610001,71.599998
2016-08-09,72.580002,74.160004,71.639999,72.760002
2016-08-10,73.199997,73.360001,69.580002,71.019997
2016-08-11,71.879997,72.809998,71.019997,71.400002
2016-08-12,71.400002,72.599998,70.459999,72.110001
2016-08-15,73.019997,73.599998,72.650002,73.239998
2016-08-16,71.82,71.839996,70.269997,70.739998
2016-08-17,70.970001,72.800003,69.120003,72.540001
2016-08-18,72.239998,73.82,71.720001,73.82
2016-08-19,73.019997,73.779999,72.230003,73.440002
2016-08-22,72.989998,73.489998,72.0,73.209999
2016-08-23,73.68,74.139999,73.230003,73.410004
2016-08-24,73.0,73.18,70.919998,71.739998
2016-08-25,70.489998,72.519997,70.349998,71.669998
2016-08-26,72.25,74.239998,68.980003,71.449997
2016-08-29,71.660004,73.300003,71.639999,72.919998
2016-08-30,73.129997,73.75,72.199997,73.480003
2016-08-31,73.18,73.580002,71.169998,73.010002
2016-09-01,73.339996,73.739998,71.5,73.419998
2016-09-02,74.970001,76.139999,74.650002,76.099998
2016-09-06,76.720001,78.160004,76.050003,78.089996
2016-09-07,78.0,79.269997,77.75,79.080002
2016-09-08,79.059998,79.269997,77.839996,78.800003
2016-09-09,75.739998,76.050003,66.110001,66.169998
2016-09-12,65.529999,71.360001,64.809998,70.699997
2016-09-13,67.959999,68.160004,59.0,61.43
2016-09-14,62.689999,65.25,61.18,62.040001
2016-09-15,62.040001,64.970001,60.970001,64.279999
2016-09-16,62.970001,65.5,61.860001,65.089996
2016-09-19,67.330002,68.690002,65.440002,66.739998
2016-09-20,68.370003,68.379997,66.139999,67.230003
2016-09-21,68.059998,72.629997,67.18,72.230003
2016-09-22,74.339996,75.050003,73.510002,74.779999
2016-09-23,74.379997,75.110001,73.75,74.129997
2016-09-26,71.459999,71.879997,69.32,70.18
2016-09-27,70.269997,74.459999,69.650002,73.919998
2016-09-28,74.480003,74.93,71.849998,74.720001
2016-09-29,74.419998,75.589996,67.379997,70.019997
2016-09-30,72.730003,74.07,71.389999,73.209999
2016-10-03,72.410004,73.760002,71.779999,73.519997
2016-10-04,74.160004,75.199997,71.860001,73.720001
2016-10-05,74.540001,74.980003,74.050003,74.379997
2016-10-06,74.110001,75.290001,73.57,74.959999
2016-10-07,75.419998,75.699997,73.209999,74.860001
2016-10-10,75.739998,77.0,75.440002,76.440002
2016-10-11,75.830002,76.0,71.029999,72.18
2016-10-12,72.5,73.879997,71.290001,72.110001
2016-10-13,69.360001,70.959999,67.449997,69.919998
2016-10-14,72.0,72.410004,70.160004,70.709999
2016-10-17,71.099998,71.5,70.050003,71.010002
2016-10-18,72.93,73.980003,72.419998,73.910004
2016-10-19,75.449997,76.160004,74.459999,75.610001
2016-10-20,75.440002,76.82,74.599998,76.550003
2016-10-21,76.110001,78.300003,75.669998,78.18
2016-10-24,79.980003,81.239998,79.879997,80.940002
2016-10-25,80.93,81.050003,79.059998,80.07
2016-10-26,78.260002,79.900002,77.650002,78.099998
2016-10-27,79.349998,79.400002,76.410004,76.75
2016-10-28,76.459999,77.32,72.139999,73.459999
2016-10-31,73.900002,74.099998,71.379997,71.82
2016-11-01,71.769997,71.779999,66.410004,69.830002
2016-11-02,69.459999,69.800003,67.519997,68.150002
2016-11-03,68.239998,68.57,63.619999,64.470001
2016-11-04,65.160004,66.779999,63.959999,64.32
2016-11-07,69.900002,72.57,69.290001,72.480003
2016-11-08,71.709999,74.849998,70.739998,74.370003
2016-11-09,70.230003,77.18,70.139999,76.160004
2016-11-10,78.220001,78.900002,71.129997,74.0
2016-11-11,72.529999,76.07,71.839996,75.790001
2016-11-14,75.339996,76.449997,73.269997,76.080002
2016-11-15,76.82,79.379997,76.0,79.330002
2016-11-16,77.639999,79.720001,77.639999,78.830002
2016-11-17,79.0,81.129997,78.68,81.099998
2016-11-18,81.239998,81.989998,80.120003,81.459999
2016-11-21,82.419998,85.32,82.400002,85.169998
2016-11-22,85.199997,85.589996,82.870003,84.709999
2016-11-23,83.860001,84.879997,83.139999,84.510002
2016-11-25,84.779999,85.150002,83.919998,85.089996
2016-11-28,84.120003,85.019997,82.839996,84.32
2016-11-29,84.139999,86.019997,83.379997,84.900002
2016-11-30,86.050003,86.290001,84.339996,84.669998
2016-12-01,84.900002,85.220001,79.989998,81.5
2016-12-02,81.110001,83.82,80.639999,81.580002
2016-12-05,84.279999,87.139999,83.980003,86.82
2016-12-06,88.230003,90.099998,87.690002,89.610001
2016-12-07,90.0,91.839996,88.849998,89.389999
2016-12-08,89.230003,89.760002,86.129997,89.129997
2016-12-09,88.410004,90.480003,88.290001,90.110001
2016-12-12,90.0,90.260002,88.440002,89.400002
2016-12-13,89.559998,89.849998,87.050003,88.629997
2016-12-14,88.050003,91.5,87.75,88.790001
2016-12-15,90.169998,90.870003,88.870003,90.080002
2016-12-16,91.199997,91.839996,89.970001,91.160004
2016-12-19,92.239998,94.620003,92.239998,94.440002
2016-12-20,95.220001,96.82,95.139999,96.269997
2016-12-21,96.919998,98.07,96.559998,97.800003
2016-12-22,97.690002,98.190002,95.519997,96.059998
2016-12-23,95.75,96.610001,95.18,96.580002
2016-12-27,96.57,98.129997,96.459999,97.82
2016-12-28,98.139999,98.5,94.110001,94.440002
2016-12-29,94.07,94.889999,91.639999,92.910004
2016-12-30,93.959999,93.989998,89.970001,90.980003
2017-01-03,94.709999,97.650002,94.099998,97.449997
2017-01-04,98.550003,103.529999,98.529999,102.529999
2017-01-05,101.610001,102.989998,99.779999,102.860001
2017-01-06,103.919998,106.370003,103.050003,104.25
2017-01-09,103.690002,106.019997,102.760002,104.459999
2017-01-10,105.540001,106.410004,103.68,105.150002
2017-01-11,105.010002,107.739998,103.010002,107.440002
2017-01-12,106.489998,107.599998,101.970001,107.489998
2017-01-13,107.919998,108.720001,106.080002,107.199997
2017-01-17,105.730003,108.010002,105.400002,107.5
2017-01-18,108.239998,109.589996,107.370003,108.0
2017-01-19,108.5,108.93,105.779999,106.769997
2017-01-20,107.860001,111.0,107.459999,110.949997
2017-01-23,110.870003,111.940002,108.790001,111.849998
2017-01-24,113.300003,117.709999,113.160004,117.040001
2017-01-25,118.970001,120.480003,118.379997,119.940002
2017-01-26,119.559998,120.629997,118.050003,119.32
2017-01-27,119.790001,121.160004,118.720001,120.739998
2017-01-30,118.190002,118.269997,112.110001,117.309998
2017-01-31,116.290001,118.0,114.18,117.849998
2017-02-01,120.089996,121.230003,118.370003,119.910004
2017-02-02,118.849998,120.089996,117.709999,118.93
2017-02-03,121.300003,122.540001,120.519997,121.360001
2017-02-06,120.029999,121.980003,119.610001,121.489998
2017-02-07,121.620003,121.889999,120.07,120.529999
2017-02-08,120.099998,121.699997,118.550003,120.879997
2017-02-09,121.550003,124.57,121.32,123.419998
2017-02-10,124.699997,126.25,124.449997,125.400002
2017-02-13,127.620003,129.820007,127.230003,129.369995
2017-02-14,129.449997,135.059998,129.320007,134.940002
2017-02-15,134.639999,135.539993,129.850006,129.979996
2017-02-16,130.259995,130.419998,122.699997,129.300003
2017-02-17,126.339996,129.610001,125.379997,129.050003
2017-02-21,130.789993,131.149994,127.059998,127.480003
2017-02-22,126.449997,128.449997,124.660004,126.940002
2017-02-23,126.660004,127.07,121.669998,123.599998
2017-02-24,119.040001,125.449997,118.440002,125.25
2017-02-27,125.199997,128.460007,124.059998,125.589996
2017-02-28,125.080002,125.900002,121.879997,122.5
2017-03-01,127.919998,128.75,125.040001,125.300003
2017-03-02,125.190002,127.580002,123.699997,124.980003
2017-03-03,126.769997,129.270004,126.639999,128.789993
2017-03-06,129.029999,131.630005,128.389999,131.179993
2017-03-07,131.0,133.300003,129.660004,131.070007
2017-03-08,132.339996,133.649994,129.669998,130.110001
2017-03-09,130.940002,132.410004,128.550003,130.779999
2017-03-10,131.970001,132.800003,130.229996,132.580002
2017-03-13,133.020004,135.550003,132.419998,135.339996
2017-03-14,134.910004,135.889999,131.830002,132.759995
2017-03-15,134.300003,138.839996,134.0,137.5
2017-03-16,138.539993,140.850006,138.300003,140.440002
2017-03-17,141.5,144.279999,141.300003,142.149994
2017-03-20,142.380005,144.029999,141.970001,142.050003
2017-03-21,144.869995,145.889999,135.419998,136.630005
2017-03-22,135.270004,137.979996,133.440002,135.919998
2017-03-23,134.740005,137.619995,130.669998,131.309998
2017-03-24,133.300003,136.100006,128.0,133.820007
2017-03-27,128.5,137.639999,127.559998,136.529999
2017-03-28,137.860001,144.139999,137.619995,143.899994
2017-03-29,144.389999,146.0,143.320007,144.449997
2017-03-30,144.399994,145.110001,142.509995,143.770004
2017-03-31,143.649994,144.710007,141.0,141.149994
2017-04-03,141.270004,141.929993,135.440002,140.460007
2017-04-04,138.550003,142.960007,137.979996,142.389999
2017-04-05,143.710007,145.5,137.199997,137.610001
2017-04-06,138.899994,142.789993,137.970001,140.029999
2017-04-07,138.0,139.5,134.380005,134.899994
2017-04-10,134.479996,136.110001,130.020004,130.179993
2017-04-11,126.779999,127.730003,122.760002,124.080002
2017-04-12,124.080002,125.910004,122.300003,123.620003
2017-04-13,123.209999,125.620003,120.330002,121.32
2017-04-17,123.32,127.239998,123.110001,127.239998
2017-04-18,125.510002,128.300003,123.150002,128.220001
2017-04-19,130.089996,131.0,124.139999,125.110001
2017-04-20,126.989998,129.419998,124.900002,128.360001
2017-04-21,127.559998,128.220001,125.120003,127.879997
2017-04-24,138.339996,142.100006,136.649994,141.669998
2017-04-25,143.520004,145.279999,143.020004,145.139999
2017-04-26,144.440002,145.220001,141.309998,143.550003
2017-04-27,145.119995,145.490005,143.330002,145.100006
2017-04-28,144.979996,145.229996,143.300003,145.050003
2017-05-01,146.429993,151.929993,146.350006,150.789993
2017-05-02,150.789993,151.179993,148.800003,150.179993
2017-05-03,148.559998,149.770004,146.449997,147.139999
2017-05-04,149.619995,151.320007,145.830002,150.949997
2017-05-05,151.039993,152.050003,149.410004,150.070007
2017-05-08,152.320007,154.960007,152.229996,154.070007
2017-05-09,156.410004,156.600006,153.25,154.339996
2017-05-10,153.460007,155.149994,153.460007,153.759995
2017-05-11,152.039993,154.339996,148.369995,154.149994
2017-05-12,153.339996,154.449997,152.759995,154.449997
2017-05-15,155.600006,158.139999,155.410004,157.559998
2017-05-16,159.380005,160.050003,157.440002,159.110001
2017-05-17,149.389999,151.740005,130.050003,130.050003
2017-05-18,131.369995,137.399994,130.570007,133.5
2017-05-19,137.770004,144.610001,137.669998,142.399994
2017-05-22,146.149994,149.309998,145.949997,148.559998
2017-05-23,149.490005,150.0,147.399994,148.679993
2017-05-24,149.100006,153.229996,147.440002,152.699997
2017-05-25,152.729996,153.380005,149.869995,150.889999
2017-05-26,150.259995,153.949997,150.210007,153.490005
2017-05-30,151.610001,155.100006,151.300003,154.639999
2017-05-31,155.339996,155.869995,149.75,153.350006
2017-06-01,155.320007,157.169998,154.820007,156.990005
2017-06-02,156.479996,158.190002,155.679993,156.649994
2017-06-05,155.869995,159.119995,155.779999,155.850006
2017-06-06,154.369995,155.399994,151.679993,152.470001
2017-06-07,154.220001,154.929993,150.020004,154.050003
2017-06-08,154.25,158.570007,154.190002,157.710007
2017-06-09,159.100006,160.789993,148.320007,155.309998
2017-06-12,153.429993,154.169998,149.399994,153.630005
2017-06-13,156.789993,159.300003,156.25,158.940002
2017-06-14,159.039993,160.210007,156.360001,159.429993
2017-06-15,153.279999,159.070007,152.830002,157.619995
2017-06-16,158.910004,159.350006,156.0,159.350006
2017-06-19,161.869995,164.869995,161.679993,163.979996
2017-06-20,162.5,162.789993,159.059998,159.779999
2017-06-21,162.699997,163.460007,159.660004,161.100006
2017-06-22,161.509995,163.679993,160.470001,162.869995
2017-06-23,162.899994,164.740005,161.729996,164.429993
2017-06-26,166.559998,168.240005,165.009995,168.059998
2017-06-27,167.169998,169.0,162.0,162.100006
2017-06-28,165.210007,167.800003,163.350006,167.100006
2017-06-29,166.860001,166.899994,142.009995,158.360001
2017-06-30,162.759995,164.169998,155.729996,161.270004
2017-07-03,163.699997,164.529999,158.800003,159.110001
2017-07-05,159.960007,161.020004,154.570007,159.0
2017-07-06,155.910004,156.850006,149.669998,151.0
2017-07-07,153.970001,156.559998,152.639999,156.360001
2017-07-10,156.610001,161.419998,156.259995,160.169998
2017-07-11,159.699997,161.580002,153.240005,160.860001
2017-07-12,163.639999,165.869995,163.350006,165.270004
2017-07-13,165.320007,167.550003,165.240005,167.089996
2017-07-14,167.139999,171.240005,166.970001,170.0
2017-07-17,173.220001,175.080002,172.800003,174.440002
2017-07-18,172.720001,176.839996,171.0,176.820007
2017-07-19,178.440002,180.440002,178.020004,178.759995
2017-07-20,180.080002,180.460007,176.759995,180.460007
2017-07-21,179.339996,181.960007,178.399994,181.919998
2017-07-24,182.339996,185.800003,182.220001,185.039993
2017-07-25,185.479996,186.039993,183.5,184.179993
2017-07-26,185.399994,186.860001,183.539993,184.020004
2017-07-27,185.740005,185.740005,172.259995,182.320007
2017-07-28,178.559998,181.119995,175.919998,180.440002
2017-07-31,183.300003,183.5,179.759995,181.899994
2017-08-01,184.059998,185.160004,182.740005,184.0
2017-08-02,185.360001,185.419998,179.619995,183.419998
2017-08-03,183.020004,183.300003,180.279999,181.039993
2017-08-04,181.919998,184.039993,181.100006,181.539993
2017-08-07,182.199997,183.960007,181.619995,183.940002
2017-08-08,183.779999,186.419998,176.119995,178.759995
2017-08-09,173.899994,177.679993,168.740005,173.839996
2017-08-10,169.240005,169.460007,148.899994,149.860001
2017-08-11,146.399994,150.639999,139.259995,143.360001
2017-08-14,154.100006,161.899994,154.059998,161.639999
2017-08-15,165.899994,165.899994,159.300003,162.440002
2017-08-16,162.539993,164.960007,161.199997,163.660004
2017-08-17,159.259995,161.520004,136.0,136.479996
2017-08-18,141.679993,148.320007,136.860001,141.320007
2017-08-21,142.5,147.320007,139.320007,146.940002
2017-08-22,151.559998,158.360001,151.039993,157.740005
2017-08-23,150.940002,157.240005,149.580002,155.839996
2017-08-24,156.279999,157.160004,148.360001,151.339996
2017-08-25,154.320007,156.479996,152.559998,155.919998
2017-08-28,157.800003,157.919998,153.860001,156.940002
2017-08-29,145.240005,155.800003,144.619995,155.220001
2017-08-30,155.479996,157.059998,154.139999,156.0
2017-08-31,157.100006,160.660004,156.699997,160.399994
2017-09-01,161.779999,162.279999,160.179993,160.619995
2017-09-05,154.960007,158.0,144.720001,151.440002
2017-09-06,155.399994,156.220001,151.660004,155.559998
2017-09-07,155.979996,157.679993,153.399994,156.380005
2017-09-08,154.399994,155.039993,151.559998,152.660004
2017-09-11,158.320007,162.339996,158.320007,161.380005
2017-09-12,163.479996,165.600006,162.360001,165.460007
2017-09-13,165.600006,171.5,165.460007,171.240005
2017-09-14,169.199997,171.5,168.5,168.919998
2017-09-15,169.860001,172.399994,169.759995,172.080002
2017-09-18,174.360001,180.919998,174.339996,179.520004
2017-09-19,179.580002,179.860001,177.199997,179.460007
2017-09-20,178.779999,180.419998,172.600006,179.279999
2017-09-21,180.0,180.460007,177.300003,179.440002
2017-09-22,176.199997,179.440002,174.960007,178.220001
2017-09-25,177.839996,180.139999,172.639999,178.139999
2017-09-26,179.119995,181.100006,177.080002,180.0
2017-09-27,181.979996,182.940002,179.639999,181.539993
2017-09-28,180.740005,184.160004,180.419998,184.100006
2017-09-29,184.279999,187.960007,182.880005,187.5
2017-10-02,188.699997,193.0,188.559998,191.039993
2017-10-03,193.0,193.419998,191.020004,191.880005
2017-10-04,191.440002,192.460007,190.119995,191.740005
2017-10-05,192.699997,198.240005,192.639999,197.720001
2017-10-06,197.0,197.720001,192.720001,197.600006
2017-10-09,198.600006,198.839996,191.740005,193.880005
2017-10-10,197.039993,198.820007,193.660004,198.020004
2017-10-11,198.520004,202.820007,197.160004,202.139999
2017-10-12,201.940002,205.600006,200.100006,203.600006
2017-10-13,205.740005,209.0,205.0,207.320007
2017-10-16,209.119995,211.039993,207.699997,210.800003
2017-10-17,210.300003,211.259995,208.179993,210.460007
2017-10-18,211.520004,212.720001,210.839996,211.300003
2017-10-19,204.080002,213.0,201.740005,212.699997
2017-10-20,216.279999,217.0,214.759995,216.380005
2017-10-23,217.919998,218.100006,207.179993,209.759995
2017-10-24,212.979996,214.300003,206.179993,207.380005
2017-10-25,204.960007,205.779999,186.119995,200.440002
2017-10-26,203.699997,206.399994,200.880005,201.300003
2017-10-27,206.320007,213.600006,203.179993,212.660004
2017-10-30,206.320007,214.759995,205.580002,210.919998
2017-10-31,212.740005,215.300003,211.320007,214.699997
2017-11-01,216.779999,217.300003,211.240005,213.419998
2017-11-02,213.520004,216.100006,207.119995,215.759995
2017-11-03,216.899994,217.660004,214.059998,216.240005
2017-11-06,216.720001,218.619995,216.320007,218.059998
2017-11-07,218.580002,219.800003,212.899994,217.0
2017-11-08,215.600006,219.380005,213.600006,216.740005
2017-11-09,208.440002,214.160004,201.679993,214.059998
2017-11-10,211.419998,212.660004,207.300003,208.699997
2017-11-13,205.020004,211.580002,204.899994,208.139999
2017-11-14,204.860001,207.419998,201.240005,206.380005
2017-11-15,200.460007,203.399994,195.020004,198.460007
2017-11-16,205.5,209.279999,205.259995,207.179993
2017-11-17,207.179993,211.539993,206.699997,210.020004
2017-11-20,213.179993,217.139999,212.559998,216.899994
2017-11-21,221.080002,226.279999,220.5,224.960007
2017-11-22,226.899994,228.460007,224.940002,227.0
2017-11-24,228.100006,229.300003,227.520004,228.020004
2017-11-27,227.559998,229.899994,225.820007,228.339996
2017-11-28,230.539993,232.559998,228.100006,231.440002
2017-11-29,230.940002,231.339996,223.639999,226.440002
2017-11-30,230.160004,230.740005,223.160004,225.660004
2017-12-01,223.360001,225.660004,196.559998,219.520004
2017-12-04,229.5,231.039993,221.279999,221.360001
2017-12-05,223.399994,228.0,219.839996,222.199997
2017-12-06,219.479996,223.539993,218.5,222.479996
2017-12-07,222.520004,230.399994,221.820007,229.779999
2017-12-08,233.600006,237.580002,232.740005,236.820007
2017-12-11,237.960007,245.460007,237.720001,245.179993
2017-12-12,246.279999,247.220001,243.919998,244.559998
2017-12-13,246.559998,247.580002,244.300003,245.360001
2017-12-14,246.660004,247.899994,242.419998,246.660004
2017-12-15,248.580002,256.839996,248.5,254.720001
2017-12-18,258.359985,260.820007,256.519989,258.480011
2017-12-19,258.920013,259.200012,254.240005,256.940002
2017-12-20,261.76001,261.940002,256.940002,258.079987
2017-12-21,259.220001,260.5,256.459991,259.859985
2017-12-22,260.299988,261.640015,256.26001,258.380005
2017-12-26,256.019989,261.100006,255.779999,258.179993
2017-12-27,259.0,262.0,255.720001,256.779999
2017-12-28,258.100006,261.179993,257.76001,260.959991
2017-12-29,262.399994,262.399994,256.0,256.420013
2018-01-02,258.380005,265.940002,256.820007,265.160004
2018-01-03,268.380005,272.100006,268.380005,271.019989
2018-01-04,273.920013,274.700012,270.73999,271.779999
2018-01-05,272.100006,272.559998,270.119995,271.859985
2018-01-08,272.600006,277.440002,271.179993,275.100006
2018-01-09,276.660004,277.700012,271.899994,272.140015
2018-01-10,269.220001,276.380005,265.559998,274.859985
2018-01-11,277.459991,278.940002,275.519989,276.420013
2018-01-12,277.579987,278.5,275.200012,276.380005
2018-01-16,274.799988,275.100006,256.559998,259.480011
2018-01-17,262.720001,271.26001,255.240005,265.679993
2018-01-18,261.119995,268.619995,255.899994,264.600006
2018-01-19,265.76001,266.600006,260.23999,265.540009
2018-01-22,263.820007,273.480011,263.559998,271.839996
2018-01-23,268.619995,270.660004,264.0,266.959991
2018-01-24,265.540009,265.679993,252.899994,260.0
2018-01-25,261.119995,261.540009,251.279999,255.660004
2018-01-26,258.23999,258.859985,254.160004,257.73999
2018-01-29,251.619995,252.699997,238.240005,238.740005
2018-01-30,230.220001,233.320007,220.0,231.199997
2018-01-31,235.899994,239.199997,229.0,236.220001
2018-02-01,234.259995,251.139999,231.779999,243.339996
2018-02-02,236.0,236.179993,206.220001,211.199997
2018-02-05,200.0,214.380005,140.300003,143.639999
2018-02-06,23.4,24.58,22.219999,24.48
2018-02-07,24.559999,26.6,24.26,24.66
2018-02-08,24.540001,24.620001,19.139999,19.16
2018-02-09,21.52,22.299999,19.059999,21.719999
2018-02-12,22.48,22.959999,21.34,22.68
2018-02-13,22.0,22.799999,21.719999,22.58
2018-02-14,22.700001,25.360001,22.58,25.299999
2018-02-15,26.200001,26.26,24.82,25.82
2018-02-16,25.18,26.52,24.940001,25.379999
2018-02-20,24.5,25.059999,23.700001,24.24
2018-02-21,24.719999,26.02,23.92,24.1
2018-02-22,24.66,25.059999,23.9,24.440001
2018-02-23,25.0,26.360001,24.82,26.360001
2018-02-26,27.120001,27.459999,26.620001,27.299999
2018-02-27,26.940001,27.26,24.540001,24.780001
2018-02-28,25.5,25.540001,24.459999,24.459999
2018-03-01,24.58,24.719999,23.139999,23.74
2018-03-02,23.16,24.34,22.879999,24.219999
2018-03-05,24.02,24.879999,24.0,24.82
2018-03-06,24.9,24.9,24.24,24.74
2018-03-07,24.18,24.9,24.1,24.82
2018-03-08,24.959999,25.32,24.879999,25.280001
2018-03-09,25.52,26.459999,25.5,26.459999
2018-03-12,26.139999,26.219999,25.620001,25.700001
2018-03-13,26.059999,26.139999,25.299999,25.48
2018-03-14,25.74,25.74,25.040001,25.24
2018-03-15,25.360001,25.74,25.1,25.559999
2018-03-16,25.700001,26.139999,25.68,25.82
2018-03-19,25.559999,25.6,24.0,24.6
2018-03-20,24.74,25.02,24.6,24.940001
2018-03-21,25.059999,25.76,24.959999,25.059999
2018-03-22,24.299999,24.66,23.299999,23.379999
2018-03-23,23.639999,23.959999,22.76,22.82
2018-03-26,23.620001,23.700001,22.92,23.66
2018-03-27,23.719999,23.719999,22.6,22.82
2018-03-28,22.92,23.040001,22.219999,22.58
2018-03-29,22.860001,23.48,22.68,23.48
2018-04-02,23.02,23.16,21.799999,22.299999
2018-04-03,22.58,22.799999,22.280001,22.780001
2018-04-04,21.9,23.059999,21.9,22.98
2018-04-05,23.18,23.440001,22.98,23.379999
2018-04-06,23.02,23.34,22.139999,22.76
2018-04-09,22.84,23.040001,22.58,22.620001
2018-04-10,23.02,23.040001,22.66,22.959999
2018-04-11,22.700001,23.0,22.639999,22.82
2018-04-12,23.02,23.4,23.02,23.32
2018-04-13,23.639999,23.84,23.4,23.780001
2018-04-16,24.02,24.4,24.0,24.32
2018-04-17,24.58,25.26,24.5,25.1
2018-04-18,24.860001,25.16,24.34,25.059999
2018-04-19,24.700001,24.98,24.42,24.84
2018-04-20,24.82,25.0,24.32,24.48
2018-04-23,24.58,24.9,24.34,24.6
2018-04-24,24.879999,25.02,23.48,23.98
2018-04-25,23.92,23.940001,23.48,23.860001
2018-04-26,24.16,24.58,24.02,24.5
2018-04-27,24.66,24.76,24.24,24.700001
2018-04-30,24.82,25.059999,24.6,24.66
2018-05-01,24.58,24.9,24.4,24.879999
2018-05-02,24.9,25.299999,24.879999,24.940001
2018-05-03,24.719999,24.82,23.92,24.66
2018-05-04,24.48,25.139999,24.4,25.059999
2018-05-07,25.18,25.299999,25.02,25.139999
2018-05-08,25.059999,25.24,24.959999,25.16
2018-05-09,25.32,25.74,25.24,25.74
2018-05-10,25.799999,26.4,25.799999,26.360001
2018-05-11,26.299999,26.540001,26.139999,26.540001
2018-05-14,26.66,27.02,26.639999,26.959999
2018-05-15,26.459999,26.459999,25.799999,25.98
2018-05-16,26.200001,26.559999,26.18,26.42
2018-05-17,26.5,26.860001,26.34,26.82
2018-05-18,26.66,26.76,26.4,26.66
2018-05-21,27.1,27.34,26.9,27.02
2018-05-22,27.120001,27.200001,26.84,26.92
2018-05-23,26.48,27.18,26.280001,27.1
2018-05-24,27.059999,27.26,26.440001,27.18
2018-05-25,27.0,27.299999,26.879999,27.0
2018-05-29,26.360001,26.66,24.92,25.4
2018-05-30,25.719999,26.16,25.68,25.98
2018-05-31,25.98,26.059999,25.5,25.860001
2018-06-01,26.4,26.6,26.34,26.360001
2018-06-04,26.66,26.98,26.620001,26.98
2018-06-05,26.940001,27.139999,26.76,27.1
2018-06-06,27.219999,27.620001,27.139999,27.540001
2018-06-07,27.68,27.719999,26.92,27.360001
2018-06-08,27.120001,27.58,27.08,27.440001
2018-06-11,27.440001,27.780001,27.4,27.719999
2018-06-12,27.799999,27.879999,27.559999,27.719999
2018-06-13,27.92,27.98,27.540001,27.540001
2018-06-14,27.940001,28.18,27.799999,28.02
2018-06-15,27.74,27.940001,27.48,27.84
2018-06-18,27.459999,28.08,27.24,28.08
2018-06-19,27.120001,27.5,26.84,27.4
2018-06-20,27.620001,27.84,27.6,27.66
2018-06-21,27.6,27.6,26.459999,26.780001
2018-06-22,27.18,27.32,26.98,27.059999
2018-06-25,26.700001,26.700001,24.440001,25.16
2018-06-26,25.719999,25.98,25.24,25.66
2018-06-27,25.860001,26.18,24.66,25.0
2018-06-28,24.879999,25.34,24.360001,25.18
2018-06-29,25.620001,25.92,25.440001,25.440001
2018-07-02,24.879999,25.48,24.719999,25.440001
2018-07-03,25.76,25.84,25.219999,25.4
2018-07-05,25.68,25.82,25.34,25.76
2018-07-06,25.799999,26.5,25.780001,26.48
2018-07-09,26.84,27.24,26.799999,27.139999
2018-07-10,27.299999,27.459999,27.0,27.42
2018-07-11,26.82,27.16,26.700001,26.940001
2018-07-12,27.219999,27.440001,27.059999,27.42
2018-07-13,27.280001,27.6,27.16,27.540001
2018-07-16,27.639999,27.74,27.379999,27.620001
2018-07-17,27.42,27.959999,27.360001,27.76
2018-07-18,27.98,28.08,27.58,27.940001
2018-07-19,27.66,27.879999,27.48,27.620001
2018-07-20,27.459999,27.76,27.4,27.58
2018-07-23,27.559999,27.780001,27.360001,27.620001
2018-07-24,28.02,28.08,27.379999,27.92
2018-07-25,27.719999,28.1,27.700001,27.940001
2018-07-26,27.92,28.08,27.74,27.940001
2018-07-27,28.059999,28.059999,27.1,27.5
2018-07-30,27.639999,27.66,26.959999,27.1
2018-07-31,27.440001,27.58,27.32,27.48
2018-08-01,27.74,27.860001,27.42,27.639999
2018-08-02,27.1,27.860001,27.02,27.799999
2018-08-03,27.82,28.139999,27.76,27.959999
2018-08-06,28.08,28.540001,28.02,28.48
2018-08-07,28.700001,28.879999,28.639999,28.82
2018-08-08,28.82,29.139999,28.719999,29.02
2018-08-09,29.059999,29.200001,28.799999,28.82
2018-08-10,28.18,28.4,27.780001,28.1
2018-08-13,27.940001,28.42,27.24,27.26
2018-08-14,27.52,27.98,27.32,27.959999
2018-08-15,27.24,27.280001,26.120001,27.059999
2018-08-16,27.6,28.059999,27.58,27.82
2018-08-17,27.700001,28.280001,27.540001,28.219999
2018-08-20,28.52,28.6,28.379999,28.48
2018-08-21,28.58,28.68,28.16,28.18
2018-08-22,28.200001,28.48,28.18,28.360001
2018-08-23,28.52,28.639999,28.18,28.42
2018-08-24,28.6,28.74,28.459999,28.5
2018-08-27,28.74,28.74,28.459999,28.48
2018-08-28,28.620001,28.620001,28.32,28.440001
2018-08-29,28.459999,28.639999,28.34,28.459999
2018-08-30,28.459999,28.6,27.92,28.16
2018-08-31,28.02,28.440001,27.959999,28.34
2018-09-04,28.26,28.32,27.84,28.32
2018-09-05,28.120001,28.24,27.76,28.120001
2018-09-06,28.139999,28.200001,27.42,27.74
2018-09-07,27.42,27.76,27.26,27.459999
2018-09-10,27.780001,27.98,27.700001,27.860001
2018-09-11,27.719999,28.34,27.6,28.32
2018-09-12,28.34,28.58,28.26,28.459999
2018-09-13,28.780001,28.92,28.76,28.9
2018-09-14,28.940001,29.200001,28.82,29.18
2018-09-17,29.200001,29.24,28.700001,28.74
2018-09-18,28.83,29.075001,28.674999,28.674999
2018-09-19,29.190001,29.41,29.184999,29.290001
2018-09-20,29.495001,29.645,29.43,29.625
2018-09-21,29.540001,29.73,29.445,29.475
2018-09-24,29.42,29.540001,29.125,29.51
2018-09-25,29.674999,29.735001,29.295,29.344999
2018-09-26,29.525,29.684999,29.08,29.195
2018-09-27,29.379999,29.565001,29.334999,29.405001
2018-09-28,29.299999,29.545,29.215,29.545
2018-10-01,29.9,29.945,29.450001,29.65
2018-10-02,29.625,29.805,29.48,29.620001
2018-10-03,29.844999,29.855,29.549999,29.75
2018-10-04,29.485001,29.49,28.23,28.85
2018-10-05,28.99,29.26,27.709999,28.51
2018-10-08,28.174999,28.5,27.450001,28.379999
2018-10-09,28.045,28.559999,27.83,28.16
2018-10-10,27.93,27.93,25.775,25.82
2018-10-11,25.92,26.245001,24.059999,24.629999
2018-10-12,25.959999,25.995001,24.525,25.75
2018-10-15,25.459999,25.885,25.105,25.545
2018-10-16,25.975,26.49,25.809999,26.465
2018-10-17,26.51,26.51,25.545,26.32
2018-10-18,26.145,26.145,24.91,25.389999
2018-10-19,25.5,25.844999,25.1,25.52
2018-10-22,25.605,25.645,24.865,25.42
2018-10-23,24.315001,25.184999,23.959999,24.945
2018-10-24,25.065001,25.1,23.67,23.775
2018-10-25,24.084999,24.469999,23.725,24.235001
2018-10-26,23.475,23.965,23.049999,23.535
2018-10-29,24.0,24.184999,22.9,23.495001
2018-10-30,23.405001,23.965,23.290001,23.91
2018-10-31,24.165001,24.49,23.99,24.295
2018-11-01,24.27,24.705,24.075001,24.690001
2018-11-02,24.9,25.075001,24.1,24.59
2018-11-05,24.559999,24.84,24.469999,24.700001
2018-11-06,24.719999,25.120001,24.68,25.120001
2018-11-07,25.6,26.055,25.59,26.049999
2018-11-08,26.030001,26.434999,25.92,26.215
2018-11-09,25.905001,25.985001,25.360001,25.715
2018-11-12,25.700001,25.75,24.594999,24.695
2018-11-13,24.66,24.92,24.245001,24.565001
2018-11-14,24.82,24.860001,23.905001,24.264999
2018-11-15,24.045,24.475,23.735001,24.4
2018-11-16,24.165001,25.004999,24.059999,24.965
2018-11-19,24.975,25.049999,24.129999,24.35
2018-11-20,23.455,23.73,23.200001,23.525
2018-11-21,23.799999,23.975,23.645,23.805
2018-11-23,23.6,23.844999,23.495001,23.719999
2018-11-26,23.98,24.395,23.975,24.375
2018-11-27,24.264999,24.655001,24.129999,24.620001
2018-11-28,24.785,25.07,24.485001,24.965
2018-11-29,24.754999,24.92,24.275,24.73
2018-11-30,24.645,25.155001,24.584999,25.055
2018-12-03,26.0,26.055,25.620001,25.780001
2018-12-04,25.65,25.9,23.834999,24.155001
2018-12-06,23.07,23.865,22.485001,23.809999
2018-12-07,23.795,24.040001,22.74,22.955
2018-12-10,22.950001,23.174999,22.370001,23.030001
2018-12-11,23.450001,23.469999,22.684999,23.065001
2018-12-12,23.415001,23.549999,23.16,23.165001
2018-12-13,23.355,23.485001,23.084999,23.34
2018-12-14,23.084999,23.23,22.795,22.975
2018-12-17,22.790001,22.950001,22.075001,22.299999
2018-12-18,22.525,22.549999,21.955,22.25
2018-12-19,22.285,22.834999,21.969999,22.315001
2018-12-20,22.02,22.215,21.4,21.77
2018-12-21,21.735001,21.91,21.040001,21.209999
2018-12-24,21.075001,21.115,20.65,20.65
2018-12-26,20.73,21.215,20.459999,21.174999
2018-12-27,20.584999,20.85,20.059999,20.775
2018-12-28,20.764999,21.049999,20.440001,20.77
2018-12-31,21.055,21.184999,20.924999,21.15
2019-01-02,20.825001,21.530001,20.75,21.495001
2019-01-03,21.26,21.299999,20.745001,20.959999
2019-01-04,21.41,21.85,21.35,21.83
2019-01-07,21.915001,22.200001,21.75,22.055
2019-01-08,22.26,22.325001,21.879999,22.290001
2019-01-09,22.389999,22.684999,22.295,22.535
2019-01-10,22.379999,22.67,22.209999,22.66
2019-01-11,22.514999,23.049999,22.469999,23.035
2019-01-14,22.745001,23.174999,22.700001,22.995001
2019-01-15,23.049999,23.52,23.049999,23.514999
2019-01-16,23.625,23.68,23.290001,23.295
2019-01-17,23.219999,23.594999,23.205,23.405001
2019-01-18,23.754999,23.92,23.565001,23.785
2019-01-22,23.58,23.594999,22.485001,22.764999
2019-01-23,22.809999,22.844999,22.045,22.725
2019-01-24,22.700001,23.120001,22.555,23.1
2019-01-25,23.389999,23.58,23.299999,23.535
2019-01-28,23.129999,23.129999,22.67,23.045
2019-01-29,23.205,23.285,22.905001,23.075001
2019-01-30,23.264999,23.629999,23.07,23.605
2019-01-31,23.620001,24.115,23.620001,24.094999
2019-02-01,24.135,24.295,24.040001,24.215
2019-02-04,24.275,24.66,24.200001,24.615
2019-02-05,24.719999,24.98,24.605,24.690001
2019-02-06,24.815001,24.92,24.629999,24.775
2019-02-07,24.42,24.59,23.860001,24.375
2019-02-08,24.08,24.525,23.965,24.504999
2019-02-11,24.68,24.76,24.455,24.645
2019-02-12,24.924999,25.004999,24.785,24.85
2019-02-13,24.959999,25.014999,24.75,24.895
2019-02-14,24.605,24.9,24.379999,24.665001
2019-02-15,24.905001,25.110001,24.809999,25.084999
2019-02-19,24.860001,25.219999,24.82,25.055
2019-02-20,25.15,25.57,25.139999,25.549999
2019-02-21,25.514999,25.725,25.18,25.395
2019-02-22,25.605,25.895,25.57,25.865
2019-02-25,26.200001,26.299999,25.615,25.629999
2019-02-26,25.445,25.73,25.360001,25.514999
2019-02-27,25.389999,25.610001,25.045,25.495001
2019-02-28,25.49,25.76,25.459999,25.52
2019-03-01,25.85,26.110001,25.610001,26.09
2019-03-04,26.26,26.41,25.084999,25.77
2019-03-05,25.825001,25.875,25.495001,25.700001
2019-03-06,25.700001,25.709999,25.245001,25.32
2019-03-07,25.18,25.205,24.594999,24.860001
2019-03-08,24.459999,24.790001,24.26,24.785
2019-03-11,25.02,25.74,25.02,25.700001
2019-03-12,25.825001,26.075001,25.764999,26.065001
2019-03-13,26.145,26.315001,26.075001,26.190001
2019-03-14,26.195,26.455,26.165001,26.405001
2019-03-15,26.48,26.825001,26.43,26.66
2019-03-18,26.559999,26.73,26.334999,26.620001
2019-03-19,26.83,26.865,26.309999,26.5
2019-03-20,26.514999,26.799999,26.215,26.385
2019-03-21,26.190001,26.705,26.18,26.555
2019-03-22,26.26,26.4,24.915001,25.014999
2019-03-25,25.045,25.285,24.665001,25.01
2019-03-26,25.5,25.77,25.370001,25.695
2019-03-27,25.745001,25.809999,24.969999,25.51
2019-03-28,25.59,25.815001,25.405001,25.77
2019-03-29,26.01,26.209999,25.93,26.18
2019-04-01,26.32,26.445,26.209999,26.405001
2019-04-02,26.365,26.5,26.290001,26.445
2019-04-03,26.67,26.684999,26.155001,26.35
2019-04-04,26.43,26.57,26.25,26.465
2019-04-05,26.655001,26.76,26.559999,26.75
2019-04-08,26.719999,26.85,26.615,26.82
2019-04-09,26.625,26.709999,26.254999,26.34
2019-04-10,26.450001,26.719999,26.365,26.695
2019-04-11,26.885,27.004999,26.795,26.969999
2019-04-12,27.254999,27.620001,27.23,27.575001
2019-04-15,27.790001,27.805,27.195,27.75
2019-04-16,27.834999,28.004999,27.75,27.825001
2019-04-17,28.075001,28.1,27.504999,27.76
2019-04-18,27.795,27.995001,27.52,27.98
2019-04-22,27.82,28.115,27.709999,28.1
2019-04-23,28.184999,28.32,28.115,28.200001
2019-04-24,28.200001,28.225,27.855,27.870001
2019-04-25,27.700001,27.875,27.174999,27.584999
2019-04-26,27.725,28.065001,27.51,28.059999
2019-04-29,27.965,28.084999,27.83,27.84
2019-04-30,27.885,27.93,27.450001,27.83
2019-05-01,27.985001,28.075001,27.295,27.295
2019-05-02,27.434999,27.495001,26.75,27.26
2019-05-03,27.65,28.0,27.615,27.93
2019-05-06,26.530001,27.25,26.389999,27.135
2019-05-07,26.355,26.49,24.545,24.905001
2019-05-08,25.16,25.715,24.905001,25.26
2019-05-09,24.57,25.355,24.184999,25.315001
2019-05-10,25.195,26.309999,24.870001,26.309999
2019-05-13,24.65,25.084999,24.25,24.360001
2019-05-14,24.795,25.155001,24.709999,24.98
2019-05-15,24.65,25.559999,24.57,25.51
2019-05-16,25.625,26.165001,25.625,26.07
2019-05-17,25.559999,26.24,25.555,25.879999
2019-05-20,25.559999,25.934999,25.309999,25.709999
2019-05-21,26.135,26.389999,26.1,26.325001
2019-05-22,26.280001,26.6,26.245001,26.49
2019-05-23,25.969999,25.985001,25.360001,25.57
2019-05-24,25.969999,26.09,25.68,25.860001
2019-05-28,25.965,26.15,25.459999,25.459999
2019-05-29,25.174999,25.424999,24.965,25.200001
2019-05-30,25.495001,25.625,25.195,25.455
2019-05-31,24.855,25.17,24.745001,24.91
2019-06-03,24.955,25.190001,24.540001,24.825001
2019-06-04,25.200001,25.530001,25.025,25.51
2019-06-05,25.639999,25.844999,25.395,25.795
2019-06-06,25.889999,26.09,25.745001,26.049999
2019-06-07,26.094999,26.174999,25.92,25.940001
2019-06-10,26.125,26.165001,25.895,26.084999
2019-06-11,26.32,26.334999,25.84,26.02
2019-06-12,25.955,26.139999,25.844999,26.09
2019-06-13,26.24,26.299999,26.035,26.17
2019-06-14,26.094999,26.315001,25.965,26.280001
2019-06-17,26.325001,26.504999,26.275,26.450001
2019-06-18,26.67,26.775,26.475,26.52
2019-06-19,26.67,27.02,26.49,26.969999
2019-06-20,27.215,27.334999,26.52,26.92
2019-06-21,26.84,27.004999,26.549999,26.605
2019-06-24,26.725,26.855,26.665001,26.775
2019-06-25,26.77,26.77,26.33,26.375
2019-06-26,26.65,26.719999,26.4,26.485001
2019-06-27,26.6,26.82,26.530001,26.709999
2019-06-28,26.855,27.004999,26.775,26.934999
2019-07-01,27.73,27.745001,27.41,27.68
2019-07-02,27.674999,28.219999,27.66,28.165001
2019-07-03,28.174999,28.325001,28.059999,28.285
2019-07-05,27.995001,28.285,27.559999,28.200001
2019-07-08,27.889999,28.045,27.715,27.809999
2019-07-09,27.469999,27.85,27.42,27.785
2019-07-10,28.01,28.264999,27.985001,28.174999
2019-07-11,28.42,28.549999,28.209999,28.440001
2019-07-12,28.565001,28.725,28.450001,28.690001
2019-07-15,28.775,28.82,28.620001,28.709999
2019-07-16,28.815001,29.014999,28.625,28.655001
2019-07-17,28.855,28.915001,28.334999,28.334999
2019-07-18,28.344999,28.709999,28.125,28.445
2019-07-19,28.745001,28.799999,28.280001,28.290001
2019-07-22,28.315001,28.665001,28.235001,28.535
2019-07-23,28.82,29.1,28.594999,29.084999
2019-07-24,28.945,29.535,28.915001,29.455
2019-07-25,29.35,29.35,28.74,28.985001
2019-07-26,29.285,29.5,29.26,29.379999
2019-07-29,29.395,29.415001,29.139999,29.245001
2019-07-30,28.955,29.165001,28.82,28.879999
2019-07-31,28.91,29.15,27.615,28.094999
2019-08-01,28.07,28.690001,26.59,26.98
2019-08-02,26.995001,27.084999,26.34,26.879999
2019-08-05,25.865,26.014999,24.790001,24.975
2019-08-06,25.305,25.605,24.715,25.58
2019-08-07,24.75,25.629999,24.465,25.575001
2019-08-08,25.834999,26.389999,25.665001,26.305
2019-08-09,26.094999,26.225,25.57,25.844999
2019-08-12,25.66,25.695,24.855,24.91
2019-08-13,24.68,25.805,24.67,25.780001
2019-08-14,24.895,25.139999,23.945,23.945
2019-08-15,24.370001,24.465,23.809999,24.34
2019-08-16,24.58,25.049999,24.545,24.98
2019-08-19,25.565001,25.975,25.49,25.950001
2019-08-20,25.860001,25.93,25.545,25.59
2019-08-21,26.139999,26.295,26.045,26.280001
2019-08-22,26.35,26.385,25.655001,26.0
2019-08-23,25.605,26.155001,24.15,24.42
2019-08-26,25.075001,25.08,24.445,24.775
2019-08-27,25.040001,25.065001,24.245001,24.559999
2019-08-28,24.285,24.84,24.094999,24.82
2019-08-29,25.205,25.475,25.09,25.344999
2019-08-30,25.594999,25.605,24.98,25.305
2019-09-03,24.82,25.030001,24.605,24.719999
2019-09-04,25.215,25.514999,25.004999,25.469999
2019-09-05,25.825001,26.135,25.795,26.01
2019-09-06,26.174999,26.440001,26.07,26.379999
2019-09-09,26.610001,26.629999,26.145,26.455
2019-09-10,26.299999,26.555,26.110001,26.504999
2019-09-11,26.530001,26.825001,26.504999,26.705
2019-09-12,27.0,27.225,26.82,27.040001
2019-09-13,27.245001,27.43,27.135,27.225
2019-09-16,27.01,27.305,26.93,27.045
2019-09-17,27.004999,27.145,26.879999,27.135
2019-09-18,27.26,27.594999,26.9,27.57
2019-09-19,27.775,28.025,27.700001,27.785
2019-09-20,27.940001,28.004999,26.965,27.065001
2019-09-23,27.049999,27.405001,26.985001,27.155001
2019-09-24,27.565001,27.565001,26.42,26.530001
2019-09-25,26.5,26.945,26.084999,26.805
2019-09-26,26.84,26.870001,26.450001,26.715
2019-09-27,26.895,26.955,25.975,26.360001
2019-09-30,26.49,26.879999,26.485001,26.705
2019-10-01,27.075001,27.120001,26.09,26.129999
2019-10-02,25.77,25.77,25.065001,25.200001
2019-10-03,25.264999,25.705,24.915001,25.684999
2019-10-04,25.805,26.41,25.799999,26.41
2019-10-07,26.18,26.575001,26.08,26.254999
2019-10-08,25.780001,25.934999,25.205,25.225
2019-10-09,25.59,25.934999,25.43,25.495001
2019-10-10,25.665001,26.16,25.620001,26.094999
2019-10-11,26.545,27.094999,26.450001,26.91
2019-10-14,26.834999,27.35,26.834999,27.34
2019-10-15,27.575001,27.879999,27.575001,27.625
2019-10-16,27.709999,27.875,27.555,27.865
2019-10-17,28.0,28.139999,27.844999,27.924999
2019-10-18,27.865,28.08,27.629999,27.945
2019-10-21,28.07,28.33,28.07,28.33
2019-10-22,28.41,28.495001,28.07,28.094999
2019-10-23,28.0,28.275,27.975,28.275
2019-10-24,28.4,28.48,28.129999,28.459999
2019-10-25,28.375,28.924999,28.375,28.915001
2019-10-28,28.99,29.02,28.735001,28.785
2019-10-29,28.625,28.895,28.58,28.790001
2019-10-30,28.799999,29.174999,28.440001,29.15
2019-10-31,28.99,29.084999,28.594999,28.879999
2019-11-01,29.379999,29.620001,29.305,29.59
2019-11-04,29.815001,29.844999,29.440001,29.545
2019-11-05,29.475,29.514999,29.23,29.235001
2019-11-06,29.290001,29.35,29.014999,29.305
2019-11-07,29.594999,29.629999,29.334999,29.455
2019-11-08,29.375,29.775,29.26,29.719999
2019-11-11,29.440001,29.950001,29.415001,29.780001
2019-11-12,29.924999,30.110001,29.844999,29.959999
2019-11-13,29.825001,30.040001,29.754999,29.889999
2019-11-14,29.870001,30.115,29.715,30.09
2019-11-15,30.375,30.785,30.299999,30.780001
2019-11-18,30.780001,30.905001,30.639999,30.780001
2019-11-19,30.905001,30.93,30.549999,30.620001
2019-11-20,30.575001,30.790001,29.92,30.485001
2019-11-21,30.584999,30.610001,30.139999,30.440001
2019-11-22,30.674999,30.905001,30.514999,30.9
2019-11-25,31.365,31.615,31.235001,31.549999
2019-11-26,31.665001,31.870001,31.58,31.805
2019-11-27,31.91,31.965,31.844999,31.85
2019-11-29,31.715,31.780001,31.51,31.525
2019-12-02,31.575001,31.59,30.475,30.775
2019-12-03,29.530001,29.870001,29.24,29.575001
2019-12-04,30.264999,30.665001,30.145,30.49
2019-12-05,30.725,30.745001,30.215,30.690001
2019-12-06,31.285,31.360001,31.02,31.26
2019-12-09,31.17,31.23,30.405001,30.424999
2019-12-10,30.43,30.68,30.09,30.379999
2019-12-11,30.540001,30.83,30.440001,30.700001
2019-12-12,30.780001,31.66,30.67,31.594999
2019-12-13,31.49,32.32,31.33,32.299999
2019-12-16,32.810001,32.98,32.634998,32.665001
2019-12-17,32.814999,32.880001,32.555,32.759998
2019-12-18,32.959999,32.985001,32.580002,32.580002
2019-12-19,32.654999,33.009998,32.59,33.009998
2019-12-20,33.055,33.095001,32.744999,32.744999
2019-12-23,32.830002,32.869999,32.700001,32.715
2019-12-24,32.810001,32.955002,32.73,32.915001
2019-12-26,33.064999,33.080002,32.900002,32.915001
2019-12-27,33.0,33.0,32.404999,32.540001
2019-12-30,32.435001,32.445,31.790001,31.965
2019-12-31,31.785,32.705002,31.719999,32.615002
2020-01-02,33.084999,33.330002,32.735001,33.325001
2020-01-03,31.955,32.805,31.905001,32.470001
2020-01-06,31.93,32.630001,31.889999,32.625
2020-01-07,32.555,32.895,32.355,32.720001
2020-01-08,32.869999,33.465,32.75,33.040001
2020-01-09,33.41,33.650002,33.27,33.639999
2020-01-10,33.674999,33.904999,33.529999,33.715
2020-01-13,33.884998,34.169998,33.744999,34.084999
2020-01-14,34.115002,34.445,33.965,34.235001
2020-01-15,34.279999,34.455002,34.209999,34.310001
2020-01-16,34.544998,34.75,34.529999,34.735001
2020-01-17,34.724998,34.759998,34.345001,34.645
2020-01-21,34.439999,34.895,34.424999,34.535
2020-01-22,34.825001,34.845001,34.189999,34.189999
2020-01-23,34.150002,34.505001,33.84,34.455002
2020-01-24,34.73,34.785,33.099998,33.485001
2020-01-27,32.040001,32.439999,31.705,31.705
2020-01-28,32.119999,32.705002,32.005001,32.639999
2020-01-29,32.939999,33.080002,32.360001,32.595001
2020-01-30,31.98,32.880001,31.635,32.880001
2020-01-31,32.445,32.514999,30.450001,30.969999
2020-02-03,31.459999,32.0,31.25,31.615
2020-02-04,32.334999,32.650002,32.244999,32.439999
2020-02-05,33.02,33.115002,32.540001,33.115002
2020-02-06,33.255001,33.34,32.919998,33.264999
2020-02-07,32.785,33.18,32.575001,32.990002
2020-02-10,32.799999,33.299999,32.775002,33.189999
2020-02-11,33.505001,33.59,33.154999,33.205002
2020-02-12,33.535,34.080002,33.435001,34.035
2020-02-13,33.465,33.900002,33.360001,33.689999
2020-02-14,33.860001,33.970001,33.549999,33.919998
2020-02-18,33.630001,33.845001,33.27,33.549999
2020-02-19,33.895,34.0,33.720001,33.830002
2020-02-20,33.75,33.900002,32.650002,33.224998
2020-02-21,32.715,32.855,31.74,32.189999
2020-02-24,29.73,30.615,29.094999,29.135
2020-02-25,29.790001,29.879999,27.42,27.815001
2020-02-26,28.32,28.805,27.65,28.195
2020-02-27,26.950001,27.315001,25.955,25.969999
2020-02-28,24.455,25.49,24.155001,25.370001
2020-03-02,25.719999,25.934999,24.965,25.885
2020-03-03,25.9,26.415001,24.115,24.43
2020-03-04,24.975,25.305,24.540001,25.105
2020-03-05,24.040001,24.32,22.690001,23.155001
2020-03-06,21.059999,22.125,20.629999,21.934999
2020-03-09,17.91,19.885,17.780001,19.209999
2020-03-10,20.434999,20.48,19.275,20.155001
2020-03-11,19.344999,19.450001,18.545,18.889999
2020-03-12,17.215,18.15,16.299999,16.65
2020-03-13,17.785,17.809999,16.365,17.540001
2020-03-16,15.21,15.85,13.755,14.115
2020-03-17,14.6,14.965,13.94,14.445
2020-03-18,13.55,14.02,12.01,13.135
2020-03-19,12.805,14.41,12.455,13.845
2020-03-20,14.145,14.865,13.77,14.055
2020-03-23,14.52,15.335,14.1,15.125
2020-03-24,16.450001,16.82,15.525,15.66
2020-03-25,15.48,15.53,14.7,15.065
2020-03-26,15.225,15.795,15.175,15.675
2020-03-27,14.86,15.275,14.86,14.925
2020-03-30,14.9,15.175,14.665,15.125
2020-03-31,15.085,15.63,15.04,15.505
2020-04-01,14.97,15.36,14.72,14.85
2020-04-02,14.94,15.27,14.805,15.23
2020-04-03,15.305,15.625,15.145,15.555
2020-04-06,16.105,16.225,15.955,16.115
2020-04-07,16.35,16.379999,15.825,15.865
2020-04-08,15.915,16.120001,15.795,16.030001
2020-04-09,16.049999,16.219999,15.94,16.174999
2020-04-13,16.209999,16.370001,16.014999,16.35
2020-04-14,16.84,17.1,16.764999,17.035
2020-04-15,16.415001,16.559999,16.075001,16.275
2020-04-16,16.215,16.290001,15.98,16.235001
2020-04-17,16.535,16.6,16.290001,16.58
2020-04-20,16.09,16.315001,15.695,15.705
2020-04-21,15.13,15.185,14.75,15.07
2020-04-22,15.305,15.495,15.2,15.43
2020-04-23,15.525,15.675,15.3,15.445
2020-04-24,15.595,15.895,15.49,15.865
2020-04-27,16.115,16.58,16.09,16.485001
2020-04-28,16.73,16.790001,16.23,16.32
2020-04-29,16.795,17.014999,16.77,16.844999
2020-04-30,16.645,16.645,16.235001,16.559999
2020-05-01,15.86,16.014999,15.635,15.805
2020-05-04,15.55,15.995,15.465,15.965
2020-05-05,16.264999,16.514999,16.24,16.299999
2020-05-06,16.43,16.495001,16.16,16.16
2020-05-07,16.455,16.6,16.41,16.525
2020-05-08,16.76,17.105,16.700001,17.105
2020-05-11,16.860001,17.695,16.83,17.674999
2020-05-12,17.934999,17.985001,16.75,16.75
2020-05-13,16.584999,16.745001,15.53,15.855
2020-05-14,15.485,16.27,15.22,16.27
2020-05-15,15.875,16.48,15.75,16.48
2020-05-18,17.014999,17.1,16.855,16.995001
2020-05-19,16.93,17.135,16.530001,16.530001
2020-05-20,16.93,17.07,16.754999,17.035
2020-05-21,17.075001,17.15,16.639999,16.85
2020-05-22,16.76,16.924999,16.625,16.9
2020-05-26,17.295,17.309999,16.945,16.99
2020-05-27,17.23,17.24,16.629999,17.190001
2020-05-28,17.125,17.18,16.745001,16.834999
2020-05-29,16.785,17.16,16.639999,17.16
2020-06-01,16.93,17.145,16.885,17.075001
2020-06-02,17.125,17.33,17.030001,17.309999
2020-06-03,17.5,17.74,17.445,17.705
2020-06-04,17.65,18.025,17.559999,17.77
2020-06-05,18.315001,18.344999,18.129999,18.24
2020-06-08,18.26,18.305,17.940001,18.035
2020-06-09,17.77,17.834999,17.514999,17.584999
2020-06-10,17.51,17.955,17.344999,17.629999
2020-06-11,16.639999,17.045,14.475,14.645
2020-06-12,14.97,15.135,13.895,14.9
2020-06-15,14.2,15.165,13.93,15.1
2020-06-16,15.59,15.645,14.82,15.27
2020-06-17,15.33,15.35,15.015,15.255
2020-06-18,15.115,15.38,15.035,15.38
2020-06-19,15.565,15.62,14.995,15.255
2020-06-22,15.185,15.6,15.085,15.595
2020-06-23,15.93,15.94,15.645,15.7
2020-06-24,15.425,15.64,14.82,15.165
2020-06-25,15.06,15.49,14.9,15.48
2020-06-26,15.46,15.48,14.91,15.015
2020-06-29,15.12,15.36,14.875,15.355
2020-06-30,15.28,15.8,15.26,15.75
2020-07-01,15.87,16.025,15.735,15.98
2020-07-02,16.305,16.424999,16.045,16.120001
2020-07-06,16.379999,16.379999,16.014999,16.1
2020-07-07,16.040001,16.26,15.805,15.825
2020-07-08,15.965,16.045,15.695,16.030001
2020-07-09,16.030001,16.075001,15.54,15.895
2020-07-10,15.84,16.110001,15.68,16.105
2020-07-13,16.209999,16.209999,15.305,15.34
2020-07-14,15.345,15.8,15.18,15.79
2020-07-15,16.025,16.040001,15.68,16.01
2020-07-16,15.825,16.174999,15.815,16.145
2020-07-17,16.215,16.434999,16.139999,16.424999
2020-07-20,16.525,16.934999,16.485001,16.815001
2020-07-21,17.0,17.094999,16.610001,16.709999
2020-07-22,16.674999,16.82,16.540001,16.82
2020-07-23,16.889999,16.945,16.360001,16.530001
2020-07-24,16.264999,16.504999,16.15,16.495001
2020-07-27,16.6,16.745001,16.5,16.74
2020-07-28,16.73,17.035,16.66,16.775
2020-07-29,16.895,16.975,16.790001,16.93
2020-07-30,16.555,16.805,16.129999,16.74
2020-07-31,16.969999,16.985001,16.530001,16.969999
2020-08-03,17.02,17.07,16.885,16.955
2020-08-04,16.99,17.24,16.99,17.215
2020-08-05,17.35,17.42,17.24,17.4
2020-08-06,17.365,17.514999,17.305,17.495001
2020-08-07,17.375,17.639999,17.355,17.545
2020-08-10,17.68,17.834999,17.555,17.785
2020-08-11,18.014999,18.055,17.334999,17.389999
2020-08-12,17.745001,17.924999,17.695,17.870001
2020-08-13,17.805,18.075001,17.745001,17.875
2020-08-14,17.795,17.924999,17.705,17.879999
2020-08-17,18.07,18.235001,18.004999,18.174999
2020-08-18,18.254999,18.35,18.045,18.27
2020-08-19,18.34,18.405001,18.035,18.084999
2020-08-20,17.75,18.225,17.705,18.195
2020-08-21,18.040001,18.195,17.99,18.15
2020-08-24,18.405001,18.415001,18.09,18.18
2020-08-25,18.139999,18.290001,17.885,18.24
2020-08-26,18.305,18.51,17.969999,18.025
2020-08-27,18.125,18.205,17.014999,17.73
2020-08-28,17.645,17.924999,17.26,17.780001
2020-08-31,17.559999,17.745001,17.264999,17.344999
2020-09-01,17.35,17.41,17.15,17.209999
2020-09-02,17.23,17.254999,16.91,16.995001
2020-09-03,16.879999,17.174999,15.555,15.845
2020-09-04,16.035,16.635,15.26,16.514999
2020-09-08,15.865,16.75,15.81,16.725
2020-09-09,16.945,17.295,16.855,17.15
2020-09-10,17.235001,17.299999,16.860001,17.040001
2020-09-11,17.305,17.59,17.049999,17.575001
2020-09-14,17.68,17.85,17.6,17.74
2020-09-15,17.805,17.865,17.594999,17.74
2020-09-16,17.805,18.01,17.764999,17.775
2020-09-17,17.475,18.004999,17.459999,17.969999
2020-09-18,18.040001,18.235001,17.754999,17.98
2020-09-21,17.6,17.725,17.129999,17.665001
2020-09-22,17.674999,17.700001,17.370001,17.6
2020-09-23,17.655001,17.68,17.135,17.145
2020-09-24,17.16,17.459999,17.049999,17.309999
2020-09-25,17.299999,17.575001,17.245001,17.530001
2020-09-28,17.610001,17.620001,17.49,17.559999
2020-09-29,17.545,17.865,17.545,17.75
2020-09-30,17.865,17.965,17.645,17.75
2020-10-01,17.834999,17.834999,17.559999,17.68
2020-10-02,17.25,17.59,17.215,17.434999
2020-10-05,17.49,17.76,17.415001,17.690001
2020-10-06,17.77,17.93,17.49,17.575001
2020-10-07,17.754999,17.92,17.705,17.860001
2020-10-08,17.955,18.235001,17.91,18.215
2020-10-09,18.5,18.695,18.48,18.690001
2020-10-12,18.860001,18.895,18.690001,18.855
2020-10-13,18.74,18.82,18.549999,18.76
2020-10-14,18.82,18.98,18.684999,18.82
2020-10-15,18.4,18.775,18.325001,18.74
2020-10-16,18.77,18.9,18.684999,18.690001
2020-10-19,18.709999,18.74,18.209999,18.275
2020-10-20,18.334999,18.41,18.219999,18.27
2020-10-21,18.32,18.545,18.205,18.5
2020-10-22,18.495001,18.785,18.42,18.709999
2020-10-23,18.725,18.754999,18.485001,18.700001
2020-10-26,18.455,18.559999,17.684999,17.74
2020-10-27,17.855,18.004999,17.66,17.815001
2020-10-28,17.125,17.254999,16.52,16.535
2020-10-29,16.705,17.379999,16.549999,17.165001
2020-10-30,16.995001,17.120001,16.700001,16.865
2020-11-02,17.25,17.275,16.940001,17.065001
2020-11-03,17.315001,17.629999,17.26,17.52
2020-11-04,17.885,18.344999,17.865,18.27
2020-11-05,18.575001,18.665001,18.33,18.43
2020-11-06,18.545,19.065001,18.51,19.065001
2020-11-09,19.705,20.125,19.26,19.26
2020-11-10,19.514999,19.58,19.155001,19.565001
2020-11-11,19.715,19.975,19.59,19.785
2020-11-12,19.635,19.75,18.865,19.075001
2020-11-13,19.405001,19.834999,19.405001,19.695
2020-11-16,19.924999,19.945,19.565001,19.9
2020-11-17,19.719999,20.1,19.655001,20.09
2020-11-18,20.18,20.290001,19.695,19.709999
2020-11-19,19.805,20.045,19.66,19.889999
2020-11-20,19.9,20.094999,19.865,19.905001
2020-11-23,20.025,20.190001,19.84,20.02
2020-11-24,20.23,20.26,20.030001,20.200001
2020-11-25,20.184999,20.594999,20.055,20.575001
2020-11-27,20.66,20.735001,20.42,20.495001
2020-11-30,20.434999,20.700001,20.1,20.674999
2020-12-01,20.77,20.855,20.540001,20.58
2020-12-02,20.565001,20.855,20.555,20.665001
2020-12-03,20.745001,20.775,20.455,20.545
2020-12-04,20.66,20.809999,20.655001,20.709999
2020-12-07,20.59,20.705,20.540001,20.674999
2020-12-08,20.565001,21.025,20.565001,21.025
2020-12-09,21.15,21.215,20.530001,20.620001
2020-12-10,20.545,20.815001,20.459999,20.530001
2020-12-11,20.285,20.43,19.865,20.155001
2020-12-14,20.48,20.559999,19.9,19.924999
2020-12-15,20.135,20.389999,20.025,20.325001
2020-12-16,20.41,20.719999,20.299999,20.700001
2020-12-17,20.68,20.93,20.635,20.855
2020-12-18,20.775,20.780001,20.344999,20.615
2020-12-21,19.655001,20.035,19.190001,19.795
2020-12-22,19.934999,20.040001,19.790001,20.0
2020-12-23,20.200001,20.57,20.174999,20.43
2020-12-24,20.549999,20.75,20.535,20.75
2020-12-28,20.85,20.879999,20.715,20.825001
2020-12-29,20.875,20.885,20.145,20.34
2020-12-30,20.405001,20.754999,20.35,20.715
2020-12-31,20.725,20.92,20.549999,20.719999
2021-01-04,20.725,20.735001,19.469999,19.825001
2021-01-05,19.58,20.225,19.565001,20.139999
2021-01-06,20.235001,20.77,19.940001,20.195
2021-01-07,20.68,20.799999,20.58,20.785
2021-01-08,20.860001,20.959999,20.525,20.91
2021-01-11,20.52,20.67,20.219999,20.424999
2021-01-12,20.49,20.639999,20.195,20.615
2021-01-13,20.605,20.85,20.540001,20.790001
2021-01-14,20.844999,20.975,20.58,20.665001
2021-01-15,20.495001,20.629999,20.125,20.365
2021-01-19,20.66,20.705,20.469999,20.610001
2021-01-20,20.795,20.9,20.635,20.84
2021-01-21,20.84,20.940001,20.674999,20.915001
2021-01-22,20.665001,20.91,20.610001,20.795
2021-01-25,20.674999,20.75,19.905001,20.360001
2021-01-26,20.559999,20.715,20.4,20.4
2021-01-27,19.99,19.995001,18.205,18.25
2021-01-28,18.785,19.02,18.370001,18.43
2021-01-29,18.355,18.860001,17.66,18.004999
2021-02-01,18.424999,18.615,17.895,18.495001
2021-02-02,18.959999,19.385,18.924999,19.285
2021-02-03,19.504999,19.799999,19.355,19.785
2021-02-04,20.004999,20.219999,19.975,20.219999
2021-02-05,20.25,20.26,20.02,20.245001
2021-02-08,20.290001,20.325001,20.125,20.325001
2021-02-09,20.174999,20.389999,20.1,20.275
2021-02-10,20.325001,20.35,19.795,20.030001
2021-02-11,20.23,20.334999,19.870001,20.325001
2021-02-12,20.280001,20.690001,20.24,20.68
2021-02-16,20.615,20.76,20.440001,20.549999
2021-02-17,20.389999,20.795,20.215,20.754999
2021-02-18,20.455,20.809999,20.334999,20.705
2021-02-19,20.799999,21.209999,20.77,21.209999
2021-02-22,20.73,21.040001,20.625,20.639999
2021-02-23,20.57,21.08,20.059999,21.065001
2021-02-24,20.785,21.5,20.665001,21.459999
2021-02-25,21.24,21.42,19.445,19.700001
2021-02-26,20.155001,20.415001,19.450001,20.195
2021-03-01,20.815001,21.065001,20.795,20.945
2021-03-02,20.924999,21.075001,20.799999,20.865
2021-03-03,20.93,21.014999,20.385,20.385
2021-03-04,20.514999,20.745001,19.514999,19.985001
2021-03-05,20.35,20.705,19.68,20.65
2021-03-08,20.665001,20.870001,20.4,20.66
2021-03-09,20.775,21.030001,20.73,20.92
2021-03-10,21.184999,21.184999,20.959999,21.040001
2021-03-11,21.200001,21.370001,21.184999,21.305
2021-03-12,21.094999,21.49,21.059999,21.32
2021-03-15,21.52,22.145,21.440001,22.120001
2021-03-16,22.115,22.424999,22.075001,22.25
2021-03-17,21.975,22.59,21.91,22.559999
2021-03-18,22.334999,22.559999,21.83,21.83
2021-03-19,22.02,22.424999,21.719999,22.195
2021-03-22,22.514999,23.18,22.434999,23.105
2021-03-23,23.004999,23.055,22.33,22.549999
2021-03-24,22.790001,23.014999,22.434999,22.434999
2021-03-25,22.379999,22.85,21.825001,22.780001
2021-03-26,23.0,23.4,22.555,23.4
2021-03-29,22.975,23.09,22.615,22.955
2021-03-30,22.965,23.469999,22.83,23.440001
2021-03-31,23.584999,23.764999,23.305,23.549999
2021-04-01,23.705,24.059999,23.635,24.059999
2021-04-05,24.280001,24.325001,24.08,24.215
2021-04-06,24.225,24.434999,24.139999,24.18
2021-04-07,24.215,24.58,24.18,24.530001
2021-04-08,24.719999,24.84,24.594999,24.715
2021-04-09,24.6,24.934999,24.530001,24.745001
2021-04-12,24.615,24.99,24.4,24.99
2021-04-13,24.91,25.105,24.844999,24.955
2021-04-14,24.950001,25.059999,24.690001,24.825001
2021-04-15,25.025,25.200001,24.965,25.139999
2021-04-16,25.139999,25.42,25.040001,25.334999
2021-04-19,25.215,25.264999,24.5,24.885
2021-04-20,24.695,24.799999,24.155001,24.575001
2021-04-21,24.525,25.305,24.370001,25.26
2021-04-22,25.254999,25.325001,24.215,24.485001
2021-04-23,24.605,25.195,24.52,24.959999
2021-04-26,25.07,25.110001,24.855,25.045
2021-04-27,25.094999,25.355,24.915001,25.299999
2021-04-28,25.35,25.465,25.17,25.225
2021-04-29,25.565001,25.620001,24.915001,25.434999
2021-04-30,25.16,25.309999,24.785,24.905001
2021-05-03,25.225,25.389999,25.075001,25.389999
2021-05-04,25.014999,25.110001,24.15,24.844999
2021-05-05,25.09,25.395,24.795,25.18
2021-05-06,25.125,25.295,24.629999,25.26
2021-05-07,25.25,26.035,25.225,25.985001
2021-05-10,26.0,26.215,25.370001,25.42
2021-05-11,24.66,25.07,24.120001,24.424999
2021-05-12,23.959999,23.99,21.844999,22.309999
2021-05-13,22.934999,23.610001,22.924999,23.325001
2021-05-14,23.975,24.870001,23.975,24.745001
2021-05-17,24.5,24.73,23.83,24.370001
2021-05-18,24.48,24.77,24.094999,24.219999
2021-05-19,23.370001,23.715,22.4,23.58
2021-05-20,23.905001,24.355,23.75,24.25
2021-05-21,24.445,24.59,24.235001,24.5
2021-05-24,24.629999,25.07,24.625,24.98
2021-05-25,25.02,25.049999,24.725,24.940001
2021-05-26,25.125,25.59,25.084999,25.559999
2021-05-27,25.690001,26.24,25.67,26.184999
2021-05-28,26.280001,26.334999,25.91,25.924999
2021-06-01,26.254999,26.309999,25.605,25.605
2021-06-02,25.785,26.139999,25.65,25.950001
2021-06-03,25.555,25.905001,25.365,25.684999
2021-06-04,26.1,26.440001,26.1,26.395
2021-06-07,26.385,26.645,26.264999,26.625
2021-06-08,26.705,26.73,26.18,26.440001
2021-06-09,26.615,26.625,26.16,26.290001
2021-06-10,26.615,27.049999,26.530001,27.045
2021-06-11,27.280001,27.5,27.254999,27.415001
2021-06-14,27.415001,27.469999,26.995001,27.285
2021-06-15,27.215,27.254999,26.809999,26.809999
2021-06-16,27.129999,27.370001,26.485001,26.775
2021-06-17,26.809999,27.389999,26.629999,26.934999
2021-06-18,26.295,26.655001,25.639999,25.709999
2021-06-21,26.174999,26.709999,25.790001,26.65
2021-06-22,26.455,27.209999,26.375,27.209999
2021-06-23,27.379999,27.605,27.32,27.469999
2021-06-24,27.795,27.855,27.645,27.790001
2021-06-25,27.799999,27.98,27.629999,27.98
2021-06-28,28.049999,28.120001,27.745001,27.895
2021-06-29,28.055,28.094999,27.615,27.67
2021-06-30,27.559999,27.92,27.465,27.775
2021-07-01,27.940001,28.055,27.815001,28.025
2021-07-02,28.365,28.465,27.955,28.045
2021-07-06,28.195,28.195,27.305,27.719999
2021-07-07,27.879999,27.9,27.24,27.700001
2021-07-08,26.51,27.040001,26.365,26.645
2021-07-09,27.195,27.764999,27.115,27.709999
2021-07-12,27.68,27.889999,27.6,27.875
2021-07-13,27.790001,28.084999,27.565001,27.629999
2021-07-14,27.950001,28.049999,27.445,27.91
2021-07-15,27.58,27.815001,27.395,27.735001
2021-07-16,28.025,28.120001,27.115,27.129999
2021-07-19,26.365,26.48,24.27,25.200001
2021-07-20,25.290001,26.385,25.065001,26.225
2021-07-21,26.52,27.094999,26.475,27.075001
2021-07-22,26.965,27.16,26.6,26.834999
2021-07-23,27.115,27.125,26.825001,26.844999
2021-07-26,26.705,27.084999,26.545,27.084999
2021-07-27,26.825001,26.825001,25.92,26.639999
2021-07-28,26.799999,27.195,26.385,26.985001
2021-07-29,27.125,27.315001,27.07,27.23
2021-07-30,26.74,27.205,26.709999,26.889999
2021-08-02,27.049999,27.084999,26.285,26.385
2021-08-03,26.555,27.035,26.215,27.025
2021-08-04,26.780001,27.174999,26.719999,27.045
2021-08-05,27.17,27.379999,27.145,27.375
2021-08-06,27.504999,27.74,27.415001,27.725
2021-08-09,27.74,27.975,27.6,27.875
2021-08-10,28.0,28.245001,27.889999,28.004999
2021-08-11,28.195,28.52,28.084999,28.440001
2021-08-12,28.365,28.9,28.315001,28.74
2021-08-13,28.934999,29.014999,28.66,28.719999
2021-08-16,28.35,28.690001,28.055,28.684999
2021-08-17,28.23,28.450001,27.48,28.209999
2021-08-18,28.065001,28.235001,27.110001,27.25
2021-08-19,26.605,27.290001,26.379999,26.77
2021-08-20,26.995001,27.9,26.915001,27.815001
2021-08-23,28.195,28.495001,28.18,28.280001
2021-08-24,28.34,28.415001,28.209999,28.32
2021-08-25,28.35,28.674999,28.299999,28.66
2021-08-26,28.395,28.545,27.825001,28.02
2021-08-27,28.219999,28.834999,28.215,28.75
2021-08-30,28.870001,28.965,28.705,28.870001
2021-08-31,28.77,28.959999,28.645,28.959999
2021-09-01,29.025,29.4,28.889999,29.309999
2021-09-02,29.450001,29.485001,29.035,29.299999
2021-09-03,29.110001,29.355,28.940001,29.215
2021-09-07,29.1,29.139999,28.719999,28.809999
2021-09-08,28.655001,28.92,28.355,28.885
2021-09-09,28.795,29.195,28.504999,28.545
2021-09-10,29.075001,29.184999,27.92,28.0
2021-09-13,28.635,28.674999,27.879999,28.5
2021-09-14,28.754999,28.83,28.059999,28.315001
2021-09-15,28.584999,28.975,28.27,28.870001
2021-09-16,28.785,29.165001,28.445,29.030001
2021-09-17,28.945,29.030001,28.01,28.065001
2021-09-20,26.955,27.295,25.125,26.450001
2021-09-21,26.879999,27.209999,26.24,26.995001
2021-09-22,27.389999,28.025,27.174999,27.775
2021-09-23,28.215,28.68,28.17,28.645
2021-09-24,28.280001,29.105,28.25,29.075001
2021-09-27,28.995001,29.200001,28.790001,28.860001
2021-09-28,28.295,28.440001,27.07,27.379999
2021-09-29,27.485001,27.645,27.08,27.200001
2021-09-30,27.559999,27.860001,26.940001,27.195
2021-10-01,27.49,27.995001,27.01,27.674999
2021-10-04,27.665001,27.780001,26.805,27.299999
2021-10-05,27.415001,28.045,27.295,27.795
2021-10-06,27.465,28.0,26.9,27.950001
2021-10-07,28.225,28.530001,28.205,28.49
2021-10-08,28.655001,28.860001,28.52,28.75
2021-10-11,28.635,29.110001,28.535,28.559999
2021-10-12,28.76,28.99,28.51,28.834999
2021-10-13,28.91,29.129999,28.615,29.129999
2021-10-14,29.57,29.92,29.495001,29.895
2021-10-15,30.025,30.32,29.815001,29.915001
2021-10-18,29.67,30.275,29.629999,30.184999
2021-10-19,30.290001,30.42,30.155001,30.299999
2021-10-20,30.305,30.540001,30.25,30.485001
2021-10-21,30.360001,30.985001,30.285,30.965
2021-10-22,30.92,31.084999,30.245001,30.615
2021-10-25,30.764999,31.105,30.459999,31.084999
2021-10-26,31.24,31.264999,30.42,30.799999
2021-10-27,30.825001,31.16,30.35,30.434999
2021-10-28,30.684999,30.940001,30.615,30.885
2021-10-29,30.465,30.889999,30.455,30.795
2021-11-01,30.91,31.035,30.434999,31.02
2021-11-02,31.040001,31.424999,31.030001,31.415001
2021-11-03,31.360001,32.075001,31.254999,31.955
2021-11-04,32.115002,32.224998,31.495001,31.725
2021-11-05,31.93,31.940001,31.07,31.129999
2021-11-08,31.379999,31.424999,30.825001,31.135
2021-11-09,31.02,31.035,30.465,30.85
2021-11-10,30.540001,31.120001,30.184999,30.615
2021-11-11,30.915001,31.219999,30.735001,30.865
2021-11-12,31.145,31.51,31.02,31.465
2021-11-15,31.65,31.684999,31.120001,31.684999
2021-11-16,31.530001,31.844999,31.504999,31.610001
2021-11-17,31.620001,31.719999,31.275,31.315001
2021-11-18,31.495001,31.555,30.975,31.18
2021-11-19,31.115,31.325001,30.805,31.01
2021-11-22,31.305,31.434999,30.645,30.665001
2021-11-23,30.715,31.139999,30.4,31.059999
2021-11-24,30.66,31.370001,30.379999,31.280001
2021-11-26,29.424999,29.695,26.785,27.280001
2021-11-29,28.6,29.34,28.445,29.225
2021-11-30,28.209999,28.51,26.879999,26.879999
2021-12-01,27.92,28.365,25.9,25.9
2021-12-02,26.365,26.965,26.120001,26.68
2021-12-03,26.83,26.92,24.42,25.535
2021-12-06,25.985001,26.584999,25.549999,26.555
2021-12-07,27.33,28.165001,27.290001,27.99
2021-12-08,28.110001,28.85,27.940001,28.815001
2021-12-09,28.799999,29.035,28.1,28.415001
2021-12-10,29.075001,29.334999,28.620001,29.264999
2021-12-13,29.174999,29.195,28.545,28.719999
2021-12-14,28.225,28.625,27.780001,28.49
2021-12-15,28.41,29.514999,27.799999,29.485001
2021-12-16,29.735001,29.834999,28.344999,28.83
2021-12-17,28.285,28.945,27.92,28.34
2021-12-20,27.065001,27.965,26.495001,27.870001
2021-12-21,28.315001,28.68,27.98,28.475
2021-12-22,28.559999,29.370001,28.559999,29.360001
2021-12-23,29.51,29.690001,29.445,29.51
2021-12-27,29.635,29.945,29.43,29.860001
2021-12-28,29.940001,30.26,29.805,30.26
2021-12-29,30.27,30.75,30.084999,30.605
2021-12-30,30.695,30.975,30.485001,30.645
2021-12-31,30.655001,30.895,30.495001,30.775
2022-01-03,30.98,31.299999,30.665001,31.285
2022-01-04,31.4,31.440001,30.83,31.295
2022-01-05,31.184999,31.545,30.040001,30.09
2022-01-06,30.004999,30.434999,29.735001,30.004999
2022-01-07,30.0,30.485001,29.620001,30.43
2022-01-10,29.84,30.745001,28.969999,30.66
2022-01-11,30.5,31.275,30.15,31.23
2022-01-12,31.455,31.700001,31.08,31.389999
2022-01-13,31.450001,31.594999,30.285,30.455
2022-01-14,29.895,30.754999,29.815001,30.625
2022-01-18,29.975,30.0,29.299999,29.504999
2022-01-19,29.75,29.809999,28.955,29.09
2022-01-20,29.445,29.98,28.35,28.485001
2022-01-21,28.205,28.504999,27.125,27.155001
2022-01-24,26.075001,27.1,24.42,26.745001
2022-01-25,25.885,27.15,25.405001,26.725
2022-01-26,27.33,27.924999,26.184999,26.450001
2022-01-27,27.165001,27.415001,26.049999,26.375
2022-01-28,26.65,27.285,26.1,27.205
2022-01-31,27.08,28.139999,26.955,28.110001
2022-02-01,28.405001,29.200001,28.01,29.15
2022-02-02,29.275,29.555,28.875,29.485001
2022-02-03,28.5,28.950001,27.530001,27.684999
2022-02-04,27.805,28.58,27.41,28.094999
2022-02-07,28.485001,28.834999,28.305,28.525
2022-02-08,28.66,29.23,28.415001,29.200001
2022-02-09,29.575001,29.75,29.424999,29.73
2022-02-10,28.969999,29.695,27.955,28.280001
2022-02-11,28.35,28.465,25.995001,26.42
2022-02-14,26.4,26.559999,25.555,26.415001
2022-02-15,27.33,27.52,27.014999,27.5
2022-02-16,27.299999,28.08,27.01,28.035
2022-02-17,27.23,27.285,26.275,26.379999
2022-02-18,26.24,26.455,25.73,26.059999
2022-02-22,25.959999,26.395,25.434999,26.120001
2022-02-23,26.5,26.514999,25.33,25.389999
2022-02-24,23.98,25.855,23.965,25.764999
2022-02-25,25.879999,26.48,25.625,26.290001
2022-02-28,25.290001,25.945,25.129999,25.695
2022-03-01,25.34,25.514999,24.105,24.27
2022-03-02,24.615,25.174999,24.35,25.040001
2022-03-03,25.184999,25.35,24.635,24.969999
2022-03-04,24.275,24.504999,23.860001,24.4
2022-03-07,24.370001,24.389999,23.32,23.530001
2022-03-08,23.445,24.084999,22.99,23.504999
2022-03-09,24.09,24.275,23.875,23.959999
2022-03-10,23.795,24.495001,23.73,24.495001
2022-03-11,24.855,24.879999,24.190001,24.24
2022-03-14,24.290001,24.639999,23.475,23.84
2022-03-15,24.08,24.49,23.84,24.25
2022-03-16,24.684999,25.49,24.52,25.459999
2022-03-17,25.450001,25.84,25.309999,25.67
2022-03-18,25.434999,26.385,25.325001,26.385
2022-03-21,26.299999,26.754999,25.934999,26.41
2022-03-22,26.65,26.775,26.51,26.610001
2022-03-23,26.275,26.719999,26.25,26.655001
2022-03-24,26.690001,27.075001,26.514999,26.985001
2022-03-25,27.065001,27.379999,26.715,27.365
2022-03-28,27.23,27.575001,26.65,27.565001
2022-03-29,27.950001,28.285,27.870001,28.215
2022-03-30,28.084999,28.32,27.575001,28.01
2022-03-31,27.950001,27.985001,27.245001,27.280001
2022-04-01,27.57,27.85,27.254999,27.825001
2022-04-04,27.924999,28.549999,27.809999,28.535
2022-04-05,28.35,28.459999,27.280001,27.325001
2022-04-06,26.875,27.120001,26.245001,27.025
2022-04-07,26.93,27.51,26.655001,27.385
2022-04-08,27.235001,27.77,27.07,27.415001
2022-04-11,27.084999,27.264999,26.615,26.645
2022-04-12,26.934999,27.254999,26.450001,26.48
2022-04-13,26.459999,27.465,26.42,27.41
2022-04-14,27.605,27.84,27.030001,27.045
2022-04-18,26.959999,27.395,26.93,27.219999
2022-04-19,27.280001,28.07,27.209999,27.91
2022-04-20,28.17,28.360001,27.9,28.235001
2022-04-21,28.52,28.549999,26.92,27.184999
2022-04-22,27.16,27.25,25.389999,25.559999
2022-04-25,25.34,25.860001,24.745001,25.780001
2022-04-26,25.575001,25.584999,24.360001,24.395
2022-04-27,24.415001,24.915001,24.15,24.190001
2022-04-28,24.805,25.32,24.475,24.809999
2022-04-29,24.635,25.004999,23.775,23.83
2022-05-02,23.799999,24.094999,23.200001,24.01
2022-05-03,24.209999,24.775,24.08,24.719999
2022-05-04,24.895,25.955,24.715,25.84
2022-05-05,25.535,25.625,23.225,23.575001
2022-05-06,23.389999,23.745001,22.715,23.725
2022-05-09,23.18,23.305,22.620001,22.754999
2022-05-10,23.305,23.344999,22.695,23.129999
2022-05-11,23.094999,23.705,22.955,23.184999
2022-05-12,23.02,23.485001,22.76,23.415001
2022-05-13,23.84,24.17,23.725,24.155001
2022-05-16,24.245001,24.68,24.15,24.65
2022-05-17,25.035,25.135,24.725,24.959999
2022-05-18,24.690001,24.77,23.07,23.165001
2022-05-19,22.950001,23.934999,22.875,23.870001
2022-05-20,24.26,24.309999,22.955,23.84
2022-05-23,24.065001,24.205,23.655001,24.01
2022-05-24,23.809999,24.030001,23.405001,23.965
2022-05-25,23.74,24.34,23.74,24.215
2022-05-26,24.325001,24.5,24.280001,24.299999
2022-05-27,24.625,24.825001,24.530001,24.790001
2022-05-31,24.555,25.08,24.26,25.014999
2022-06-01,25.15,25.290001,24.440001,25.1
2022-06-02,25.059999,25.559999,24.975,25.355
2022-06-03,25.129999,25.305,24.934999,25.225
2022-06-06,25.455,25.530001,25.184999,25.389999
2022-06-07,25.059999,25.745001,25.035,25.705
2022-06-08,25.555,25.799999,25.43,25.754999
2022-06-09,25.52,25.725,25.055,25.105
2022-06-10,24.615,24.725,24.059999,24.33
2022-06-13,23.375,23.51,22.530001,22.629999
2022-06-14,22.805,23.155001,22.625,23.045
2022-06-15,23.315001,24.08,23.275,23.68
2022-06-16,23.09,23.209999,22.620001,22.940001
2022-06-17,23.004999,23.424999,22.815001,23.290001
2022-06-21,23.735001,23.934999,23.5,23.51
2022-06-22,23.32,24.014999,23.275,23.985001
2022-06-23,24.055,24.1,23.674999,23.98
2022-06-24,24.205,24.389999,24.18,24.205
2022-06-27,24.315001,24.625,24.17,24.58
2022-06-28,24.73,24.834999,24.120001,24.23
2022-06-29,24.17,24.34,23.92,24.195
2022-06-30,23.945,24.18,23.6,24.105
2022-07-01,23.975,24.445,23.75,24.385
2022-07-05,23.950001,24.434999,23.690001,24.379999
2022-07-06,24.355,24.67,24.190001,24.59
2022-07-07,24.68,24.91,24.66,24.725
2022-07-08,24.715,25.094999,24.700001,25.01
2022-07-11,24.780001,24.875,24.545,24.629999
2022-07-12,24.620001,24.889999,24.385,24.51
2022-07-13,24.209999,24.82,24.16,24.719999
2022-07-14,24.32,24.719999,24.115,24.684999
2022-07-15,24.934999,25.34,24.860001,25.305
2022-07-18,25.370001,25.48,24.83,24.924999
2022-07-19,25.205,25.365,25.1,25.105
2022-07-20,25.200001,25.48,25.135,25.424999
2022-07-21,25.440001,25.73,25.235001,25.705
2022-07-22,25.725,25.860001,25.405001,25.815001
2022-07-25,25.799999,26.049999,25.725,25.934999
2022-07-26,25.790001,25.844999,25.42,25.594999
2022-07-27,25.955,26.295,25.9,26.049999
2022-07-28,26.190001,26.719999,26.035,26.674999
2022-07-29,26.75,26.92,26.625,26.865
2022-08-01,26.620001,26.805,26.325001,26.370001
2022-08-02,26.200001,26.67,25.955,26.215
2022-08-03,26.475,26.975,26.450001,26.9
2022-08-04,26.775,26.875,26.540001,26.870001
2022-08-05,26.58,27.209999,26.565001,27.165001
2022-08-08,27.165001,27.51,26.875,27.125
2022-08-09,26.940001,27.139999,26.809999,27.049999
2022-08-10,27.48,27.85,27.42,27.780001
2022-08-11,27.83,27.924999,27.405001,27.690001
2022-08-12,27.805,28.155001,27.709999,27.84
2022-08-15,27.645,28.15,27.645,28.07
2022-08-16,28.025,28.129999,27.805,27.969999
2022-08-17,27.825001,28.184999,27.65,28.01
2022-08-18,28.0,28.26,27.885,28.23
2022-08-19,27.91,27.985001,27.264999,27.545
2022-08-22,26.93,27.084999,26.545,26.625
2022-08-23,26.68,27.07,26.615,26.825001
2022-08-24,26.934999,27.379999,26.885,27.299999
2022-08-25,27.440001,27.780001,27.295,27.73
2022-08-26,27.655001,27.785,26.295,26.385
2022-08-29,26.200001,26.6,26.115,26.459999
2022-08-30,26.540001,26.605,26.014999,26.25
2022-08-31,26.530001,26.705,26.309999,26.485001
2022-09-01,26.280001,26.65,25.92,26.629999
2022-09-02,27.08,27.24,26.275,26.51
2022-09-06,26.785,26.809999,26.135,26.215
2022-09-07,26.16,26.969999,26.145,26.915001
2022-09-08,26.695,27.18,26.575001,27.135
2022-09-09,27.35,27.504999,27.275,27.285
2022-09-12,27.52,27.645,27.165001,27.315001
2022-09-13,26.745001,26.93,25.9,26.135
2022-09-14,26.16,26.305,25.915001,26.155001
2022-09-15,26.105,26.5,26.065001,26.184999
2022-09-16,25.865,26.275,25.530001,26.209999
2022-09-19,25.975,26.690001,25.945,26.584999
2022-09-20,26.32,26.424999,25.98,26.165001
2022-09-21,26.360001,26.610001,25.735001,25.735001
2022-09-22,25.84,26.040001,25.545,25.780001
2022-09-23,25.5,25.530001,24.415001,25.014999
2022-09-26,24.76,25.245001,24.469999,24.584999
2022-09-27,24.895,24.965,24.09,24.405001
2022-09-28,24.485001,25.045,24.285,24.889999
2022-09-29,24.565001,24.58,24.0,24.545
2022-09-30,24.465,24.905001,24.245001,24.295
2022-10-03,24.635,25.040001,24.525,24.809999
2022-10-04,25.299999,25.4,25.1,25.254999
2022-10-05,25.07,25.285,24.785,25.205
2022-10-06,25.26,25.355,24.76,24.809999
2022-10-07,24.655001,24.705,24.215,24.315001
2022-10-10,24.254999,24.26,23.719999,24.02
2022-10-11,23.959999,24.225,23.67,23.815001
2022-10-12,23.9,24.08,23.809999,23.940001
2022-10-13,23.77,24.4,23.735001,24.295
2022-10-14,24.535,24.610001,23.785,24.014999
2022-10-17,24.385,24.584999,24.305,24.325001
2022-10-18,24.584999,24.635,24.26,24.57
2022-10-19,24.495001,24.65,24.280001,24.48
2022-10-20,24.575001,24.885,24.459999,24.620001
2022-10-21,24.719999,24.950001,24.635,24.66
2022-10-24,24.805,24.924999,24.514999,24.879999
2022-10-25,24.870001,25.405001,24.84,25.379999
2022-10-26,25.275,25.725,25.26,25.665001
2022-10-27,25.75,25.99,25.67,25.924999
2022-10-28,25.934999,26.344999,25.91,26.23
2022-10-31,26.145,26.465,26.129999,26.440001
2022-11-01,26.719999,26.719999,26.370001,26.584999
2022-11-02,26.455,26.709999,26.155001,26.24
2022-11-03,26.030001,26.605,25.889999,26.52
2022-11-04,26.754999,27.045,26.375,26.700001
2022-11-07,26.790001,26.945,26.620001,26.83
2022-11-08,26.940001,26.945,26.295,26.434999
2022-11-09,26.42,26.42,25.92,26.030001
2022-11-10,26.775,27.02,26.645,26.745001
2022-11-11,26.615,26.924999,26.530001,26.895
2022-11-14,26.889999,27.264999,26.855,26.889999
2022-11-15,27.235001,27.245001,26.344999,26.76
2022-11-16,26.915001,27.110001,26.83,27.08
2022-11-17,26.735001,27.254999,26.735001,27.219999
2022-11-18,27.360001,27.389999,27.075001,27.379999
2022-11-21,27.305,27.77,27.305,27.73
2022-11-22,27.834999,28.254999,27.834999,28.225
2022-11-23,28.190001,28.555,28.139999,28.525
2022-11-25,28.360001,28.540001,28.35,28.465
2022-11-28,28.155001,28.34,27.815001,27.934999
2022-11-29,28.004999,28.200001,27.855,28.15
2022-11-30,28.129999,28.785,27.895,28.68
2022-12-01,28.719999,28.950001,28.41,28.93
2022-12-02,28.6,29.235001,28.6,29.215
2022-12-05,29.004999,29.235001,28.645,28.924999
2022-12-06,29.049999,29.155001,28.385,28.545
2022-12-07,28.440001,28.545,28.190001,28.33
2022-12-08,28.309999,28.684999,28.174999,28.594999
2022-12-09,28.52,28.629999,28.23,28.264999
2022-12-12,28.290001,28.504999,28.209999,28.334999
2022-12-13,29.17,29.205,28.440001,28.959999
2022-12-14,29.01,29.535,28.815001,29.469999
2022-12-15,29.15,29.285,28.184999,28.51
2022-12-16,28.26,28.66,28.045,28.455
2022-12-19,28.565001,29.065001,28.549999,28.825001
2022-12-20,28.775,29.115,28.555,28.955
2022-12-21,29.280001,29.58,29.23,29.469999
2022-12-22,29.375,29.455,27.985001,28.674999
2022-12-23,28.735001,29.190001,28.584999,29.105
2022-12-27,29.040001,29.205,28.815001,29.1
2022-12-28,29.23,29.5,29.059999,29.135
2022-12-29,29.334999,29.51,29.290001,29.32
2022-12-30,29.129999,29.355,29.004999,29.34
2023-01-03,29.485001,29.58,28.955,29.434999
2023-01-04,29.584999,29.91,29.469999,29.895
2023-01-05,29.709999,29.855,29.525,29.775
2023-01-06,30.059999,30.35,29.885,30.135
2023-01-09,30.23,30.365,29.9,30.004999
2023-01-10,29.995001,30.73,29.995001,30.700001
2023-01-11,30.780001,30.790001,30.530001,30.605
2023-01-12,30.934999,31.405001,30.700001,31.360001
2023-01-13,31.275,31.92,31.275,31.764999
2023-01-17,31.530001,31.795,31.385,31.620001
2023-01-18,31.855,31.91,30.969999,31.1
2023-01-19,30.690001,31.225,30.49,31.0
2023-01-20,31.1,31.629999,30.950001,31.514999
2023-01-23,31.594999,31.785,31.48,31.719999
2023-01-24,31.59,32.375,31.58,32.299999
2023-01-25,31.825001,32.355,31.290001,32.290001
2023-01-26,32.5,32.610001,32.16,32.5
2023-01-27,32.505001,33.095001,32.474998,32.805
2023-01-30,32.384998,32.505001,32.049999,32.360001
2023-01-31,32.32,32.845001,32.244999,32.715
2023-02-01,32.740002,33.415001,32.349998,33.259998
2023-02-02,33.584999,33.735001,32.389999,32.880001
2023-02-03,32.400002,32.900002,32.145,32.700001
2023-02-06,32.490002,32.654999,32.235001,32.349998
2023-02-07,32.205002,32.98,32.18,32.834999
2023-02-08,32.630001,32.884998,31.895,32.185001
2023-02-09,32.439999,32.645,31.639999,31.719999
2023-02-10,31.4,31.645,31.1,31.43
2023-02-13,31.780001,32.154999,31.715,32.025002
2023-02-14,32.32,32.895,32.119999,32.695
2023-02-15,32.610001,33.055,32.599998,33.025002
2023-02-16,32.549999,32.915001,32.115002,32.139999
2023-02-17,31.805,32.150002,31.49,32.095001
2023-02-21,31.365,31.565001,30.77,30.9
2023-02-22,30.860001,31.43,30.67,31.355
2023-02-23,31.684999,31.975,31.18,31.860001
2023-02-24,31.32,31.4,30.860001,31.305
2023-02-27,31.68,32.02,31.68,31.865
2023-02-28,31.945,32.384998,31.885,32.244999
2023-03-01,32.134998,32.375,31.695,32.044998
2023-03-02,31.785,32.665001,31.75,32.639999
2023-03-03,32.830002,33.209999,32.75,33.16
2023-03-06,33.259998,33.494999,33.224998,33.415001
2023-03-07,33.330002,33.68,32.939999,33.044998
2023-03-08,33.0,33.424999,32.919998,33.32
2023-03-09,33.525002,33.615002,31.495001,31.58
2023-03-10,31.215,31.485001,28.26,29.825001
2023-03-13,28.32,29.735001,27.955,29.355
2023-03-14,30.42,31.01,29.745001,30.245001
2023-03-15,28.92,29.405001,27.58,29.094999
2023-03-16,28.620001,30.379999,28.51,30.344999
2023-03-17,29.870001,30.129999,28.445,28.690001
2023-03-20,28.695,29.434999,28.465,29.385
2023-03-21,30.08,30.719999,30.075001,30.67
2023-03-22,30.77,31.235001,30.059999,30.059999
2023-03-23,30.565001,31.09,29.43,29.709999
2023-03-24,29.25,30.295,28.635,30.290001
2023-03-27,30.610001,30.950001,30.370001,30.855
2023-03-28,30.844999,31.285,30.735001,31.24
2023-03-29,31.67,31.870001,31.5,31.795
2023-03-30,31.84,31.915001,31.235001,31.799999
2023-03-31,31.844999,32.084999,31.775,31.875
2023-04-03,31.875,32.285,31.565001,32.25
2023-04-04,32.119999,32.189999,31.485001,31.975
2023-04-05,31.879999,32.134998,31.555,32.105
2023-04-06,31.98,32.52,31.825001,32.384998
2023-04-10,32.165001,32.639999,32.130001,32.57
2023-04-11,32.709999,32.945,32.610001,32.764999
2023-04-12,33.0,33.095001,32.490002,32.625
2023-04-13,32.91,33.290001,32.904999,33.209999
2023-04-14,33.16,33.52,33.009998,33.52
2023-04-17,33.560001,34.055,33.560001,33.985001
2023-04-18,34.044998,34.25,33.825001,34.134998
2023-04-19,33.970001,34.334999,33.919998,34.130001
2023-04-20,33.764999,34.209999,33.630001,33.790001
2023-04-21,33.924999,34.145,33.599998,34.105
2023-04-24,34.110001,34.220001,33.865002,34.189999
2023-04-25,33.900002,34.084999,32.66,32.764999
2023-04-26,33.060001,33.645,32.880001,33.205002
2023-04-27,33.755001,34.130001,33.73,33.895
2023-04-28,34.014999,34.650002,34.014999,34.650002
2023-05-01,34.75,35.299999,34.720001,34.884998
2023-05-02,34.580002,34.580002,32.900002,34.115002
2023-05-03,33.994999,34.474998,33.555,33.580002
2023-05-04,33.279999,33.395,32.290001,32.805
2023-05-05,33.445,34.154999,33.404999,34.075001
2023-05-08,34.189999,34.400002,33.945,34.375
2023-05-09,34.115002,34.220001,33.900002,34.035
2023-05-10,34.549999,34.724998,33.75,34.465
2023-05-11,34.285,34.715,33.884998,34.700001
2023-05-12,34.849998,34.959999,34.224998,34.68
2023-05-15,34.805,35.130001,34.595001,35.125
2023-05-16,34.904999,35.125,34.575001,34.605
2023-05-17,35.014999,35.259998,34.810001,35.174999
2023-05-18,35.220001,35.91,35.174999,35.91
2023-05-19,36.014999,36.125,35.025002,35.404999
2023-05-22,35.384998,35.709999,35.014999,35.41
2023-05-23,35.195,35.619999,34.82,35.060001
2023-05-24,34.650002,34.669998,34.200001,34.404999
2023-05-25,34.855,34.965,34.490002,34.755001
2023-05-26,35.200001,35.91,35.165001,35.48
2023-05-30,36.110001,36.235001,35.380001,35.959999
2023-05-31,35.785,36.240002,35.544998,36.084999
2023-06-01,36.360001,37.154999,36.279999,37.134998
2023-06-02,37.610001,38.044998,37.439999,37.814999
2023-06-05,37.865002,38.299999,37.785,38.27
2023-06-06,38.395,39.439999,38.299999,39.389999
2023-06-07,39.285,39.424999,38.974998,39.325001
2023-06-08,39.299999,39.994999,39.16,39.82
2023-06-09,39.82,39.959999,39.415001,39.66
2023-06-12,39.529999,39.73,39.325001,39.595001
2023-06-13,39.869999,39.985001,39.544998,39.654999
2023-06-14,39.735001,40.279999,39.695,40.279999
2023-06-15,40.404999,40.459999,39.715,39.724998
2023-06-16,39.695,40.450001,39.610001,40.419998
2023-06-20,40.275002,40.415001,39.919998,40.415001
2023-06-21,40.615002,40.915001,40.485001,40.84
2023-06-22,40.630001,41.48,40.59,41.330002
2023-06-23,40.830002,41.369999,40.59,41.029999
2023-06-26,41.055,41.549999,41.025002,41.084999
2023-06-27,41.27,42.044998,41.27,41.674999
2023-06-28,41.735001,42.400002,41.735001,42.395
2023-06-29,42.330002,42.330002,41.845001,41.935001
2023-06-30,42.25,42.525002,42.099998,42.34
2023-07-03,42.365002,42.514999,42.189999,42.380001
2023-07-05,42.115002,42.41,42.049999,42.130001
2023-07-06,41.139999,41.185001,39.009998,41.040001
2023-07-07,40.810001,41.785,40.759998,41.424999
2023-07-10,41.435001,41.724998,41.189999,41.665001
2023-07-11,42.035,42.195,41.52,41.860001
2023-07-12,42.535,43.055,42.52,43.029999
2023-07-13,43.419998,43.580002,42.849998,42.884998
2023-07-14,42.900002,43.285,42.599998,43.139999
2023-07-17,43.060001,43.59,43.060001,43.205002
2023-07-18,43.224998,43.645,43.195,43.419998
2023-07-19,43.759998,43.790001,42.935001,43.095001
2023-07-20,42.955002,43.369999,42.715,43.115002
2023-07-21,43.395,43.759998,43.224998,43.345001
2023-07-24,43.445,43.935001,43.389999,43.724998
2023-07-25,43.75,44.195,43.654999,43.77
2023-07-26,43.459999,44.395,43.459999,44.345001
2023-07-27,44.755001,44.799999,42.73,43.240002
2023-07-28,44.055,44.314999,43.525002,44.110001
2023-07-31,44.185001,44.439999,43.895,44.439999
2023-08-01,43.799999,44.075001,43.575001,44.07
2023-08-02,42.625,42.724998,41.445,42.055
2023-08-03,41.314999,42.415001,40.974998,42.105
2023-08-04,42.869999,43.255001,41.25,41.424999
2023-08-07,41.904999,42.529999,41.689999,42.509998
2023-08-08,41.615002,42.145,40.130001,42.064999
2023-08-09,42.310001,42.759998,41.415001,42.264999
2023-08-10,42.974998,43.455002,41.59,42.185001
2023-08-11,41.805,43.110001,41.700001,43.009998
2023-08-14,42.759998,43.48,42.384998,43.395
2023-08-15,43.095001,43.095001,41.955002,42.145
2023-08-16,42.23,42.805,41.799999,41.814999
2023-08-17,42.145,42.25,40.830002,40.830002
2023-08-18,40.215,41.540001,40.110001,41.34
2023-08-21,41.595001,42.009998,41.224998,41.889999
2023-08-22,42.355,42.365002,41.459999,41.810001
2023-08-23,42.09,42.595001,42.044998,42.509998
2023-08-24,42.82,42.955002,41.599998,41.695
2023-08-25,41.974998,42.779999,41.435001,42.595001
2023-08-28,43.0,43.465,42.935001,43.419998
2023-08-29,43.5,44.200001,43.470001,43.990002
2023-08-30,44.224998,44.794998,44.055,44.705002
2023-08-31,44.744999,45.279999,44.700001,45.174999
2023-09-01,45.514999,45.715,45.279999,45.474998
2023-09-05,45.389999,45.685001,45.035,45.294998
2023-09-06,45.209999,45.349998,44.435001,44.915001
2023-09-07,44.244999,45.115002,43.974998,44.950001
2023-09-08,44.985001,45.779999,44.985001,45.41
2023-09-11,45.849998,46.09,45.529999,45.970001
2023-09-12,45.735001,46.255001,45.645,45.834999
2023-09-13,46.02,46.439999,45.974998,46.240002
2023-09-14,46.610001,47.029999,46.544998,46.98
2023-09-15,46.830002,47.084999,45.994999,46.110001
2023-09-18,45.814999,46.625,45.634998,46.255001
2023-09-19,46.264999,46.529999,45.709999,46.415001
2023-09-20,46.785,46.939999,45.465,45.514999
2023-09-21,44.48,44.985001,43.724998,43.73
2023-09-22,43.880001,44.505001,43.619999,43.715
2023-09-25,43.134998,43.845001,42.880001,43.695
2023-09-26,43.220001,43.465,41.549999,41.720001
2023-09-27,42.290001,42.580002,41.349998,42.564999
2023-09-28,42.560001,43.720001,42.314999,43.549999
2023-09-29,44.389999,44.525002,43.084999,43.169998
2023-10-02,43.07,43.665001,42.615002,43.080002
2023-10-03,42.48,42.849998,40.700001,41.055
2023-10-04,41.450001,42.185001,41.145,42.134998
2023-10-05,42.099998,42.41,41.16,42.384998
2023-10-06,41.720001,43.125,41.235001,42.705002
2023-10-09,41.904999,43.005001,41.674999,43.0
2023-10-10,43.25,43.994999,43.209999,43.695
2023-10-11,43.970001,44.244999,42.98,44.075001
2023-10-12,44.365002,44.825001,42.73,43.650002
2023-10-13,43.735001,43.830002,40.465,41.040001
2023-10-16,41.814999,42.994999,41.73,42.990002
2023-10-17,42.125,43.285,41.915001,42.41
2023-10-18,41.889999,42.035,40.735001,41.035
2023-10-19,41.334999,41.639999,39.924999,40.009998
2023-10-20,40.0,40.465,39.525002,39.915001
2023-10-23,39.529999,41.224998,39.220001,40.595001
2023-10-24,41.125,41.584999,40.584999,41.490002
2023-10-25,41.400002,41.415001,39.674999,40.18
2023-10-26,40.169998,40.5,39.41,40.035
2023-10-27,40.400002,40.66,39.244999,39.355
2023-10-30,40.084999,40.855,40.084999,40.794998
2023-10-31,40.965,42.174999,40.755001,42.110001
2023-11-01,42.294998,43.165001,42.294998,43.060001
2023-11-02,43.535,43.814999,43.195,43.799999
2023-11-03,44.174999,44.485001,44.055,44.290001
2023-11-06,44.595001,45.105,44.455002,45.064999
2023-11-07,45.115002,45.355,44.904999,45.205002
2023-11-08,45.485001,45.740002,44.950001,45.639999
2023-11-09,45.849998,45.939999,44.549999,44.755001
2023-11-10,45.154999,45.860001,45.099998,45.66
2023-11-13,45.474998,46.150002,45.389999,45.935001
2023-11-14,46.689999,46.810001,46.060001,46.064999
2023-11-15,46.505001,46.689999,46.314999,46.580002
2023-11-16,46.634998,47.0,46.490002,46.91
2023-11-17,47.049999,47.395,46.860001,47.32
2023-11-20,47.474998,47.759998,47.43,47.494999
2023-11-21,47.455002,48.09,47.424999,47.98
2023-11-22,48.345001,48.369999,47.575001,47.805
2023-11-24,47.950001,48.939999,47.900002,48.790001
2023-11-27,48.685001,48.849998,48.634998,48.705002
2023-11-28,48.810001,49.16,48.599998,49.025002
2023-11-29,49.224998,49.279999,48.560001,48.68
2023-11-30,48.764999,49.095001,48.5,49.009998
2023-12-01,49.18,49.439999,49.035,49.115002
2023-12-04,48.790001,49.095001,48.279999,49.055
2023-12-05,48.950001,49.275002,48.915001,49.23
2023-12-06,49.52,49.66,48.990002,49.145
2023-12-07,49.240002,49.310001,49.0,49.139999
2023-12-08,49.365002,49.895,49.345001,49.785
2023-12-11,49.91,50.470001,49.875,50.445
2023-12-12,50.735001,51.325001,50.639999,51.154999
2023-12-13,51.34,51.619999,50.93,51.544998
2023-12-14,51.755001,51.799999,50.84,51.544998
2023-12-15,51.424999,51.634998,50.68,50.810001
2023-12-18,50.860001,50.900002,50.625,50.779999
2023-12-19,50.595001,50.715,50.290001,50.395
2023-12-20,50.540001,50.625,48.5,48.825001
2023-12-21,49.145,49.57,48.619999,49.294998
2023-12-22,49.5,49.990002,48.950001,49.990002
2023-12-26,50.095001,50.695,49.924999,50.634998
2023-12-27,50.805,51.709999,50.805,51.685001
2023-12-28,51.825001,51.889999,51.435001,51.755001
2023-12-29,51.775002,51.955002,51.084999,51.700001
2024-01-02,51.075001,51.895,50.59,51.709999
2024-01-03,51.294998,51.66,50.369999,50.814999
2024-01-04,50.779999,51.345001,50.715,50.889999
2024-01-05,51.025002,51.915001,51.025002,51.689999
2024-01-08,51.744999,52.625,51.610001,52.285
2024-01-09,52.025002,52.990002,52.014999,52.895
2024-01-10,53.145,53.345001,53.0,53.16
2024-01-11,53.474998,53.650002,52.380001,53.299999
2024-01-12,53.474998,53.474998,52.810001,52.939999
2024-01-16,52.299999,52.634998,51.465,52.064999
2024-01-17,51.279999,51.68,50.445,51.055
2024-01-18,51.665001,52.040001,51.105,51.93
2024-01-19,52.41,52.799999,52.299999,52.584999
2024-01-22,52.875,53.595001,52.755001,53.494999
2024-01-23,53.830002,54.299999,53.779999,54.244999
2024-01-24,54.485001,54.549999,53.555,53.584999
2024-01-25,53.705002,53.790001,53.189999,53.224998
2024-01-26,53.360001,53.775002,53.139999,53.455002
2024-01-29,53.43,53.544998,52.965,53.259998
2024-01-30,53.445,53.75,53.380001,53.669998
2024-01-31,53.580002,53.700001,52.095001,52.305
2024-02-01,52.715,53.064999,52.049999,52.509998
2024-02-02,52.584999,53.055,52.365002,52.605
2024-02-05,52.884998,53.695,52.299999,53.650002
2024-02-06,53.875,54.349998,53.605,54.314999
2024-02-07,54.580002,54.615002,54.18,54.404999
2024-02-08,54.439999,54.669998,54.105,54.630001
2024-02-09,54.700001,54.945,54.334999,54.43
2024-02-12,54.59,54.665001,53.529999,53.830002
2024-02-13,52.990002,53.189999,50.09,51.775002
2024-02-14,52.915001,53.384998,52.400002,53.290001
2024-02-15,53.580002,53.695,52.959999,53.43
2024-02-16,53.305,54.029999,53.09,53.575001
2024-02-20,53.18,53.275002,51.965,52.665001
2024-02-21,52.5,52.970001,52.299999,52.889999
2024-02-22,53.965,54.264999,53.369999,53.465
2024-02-23,53.849998,54.450001,53.700001,54.384998
2024-02-26,54.650002,54.84,54.575001,54.689999
2024-02-27,54.985001,55.275002,54.900002,55.23
2024-02-28,55.044998,55.115002,54.575001,54.790001
2024-02-29,55.25,55.310001,54.564999,55.18
2024-03-01,55.395,55.610001,54.93,55.145
2024-03-04,55.154999,55.330002,55.005001,55.169998
2024-03-05,54.855,54.915001,53.215,54.029999
2024-03-06,54.735001,54.830002,53.735001,53.970001
2024-03-07,54.560001,54.584999,53.790001,54.110001
2024-03-08,54.450001,54.669998,52.5,53.439999
2024-03-11,53.290001,53.939999,52.700001,53.689999
2024-03-12,54.355,55.084999,53.990002,55.029999
2024-03-13,55.084999,55.32,54.915001,55.215
2024-03-14,55.355,55.509998,53.355,54.485001
2024-03-15,54.005001,54.349998,52.889999,53.974998
2024-03-18,54.349998,54.775002,54.314999,54.564999
2024-03-19,54.575001,55.355,54.369999,55.325001
2024-03-20,55.325001,56.064999,55.209999,55.959999
2024-03-21,56.25,56.435001,55.82,56.165001
2024-03-22,55.98,56.514999,55.915001,56.075001
2024-03-25,56.060001,56.5,56.02,56.224998
2024-03-26,56.525002,56.84,56.365002,56.384998
2024-03-27,56.75,56.915001,56.224998,56.869999
2024-03-28,56.91,56.98,56.32,56.369999
2024-04-01,56.395,56.575001,55.700001,56.18
2024-04-02,55.235001,55.424999,54.349998,55.369999
2024-04-03,55.029999,55.900002,54.845001,55.544998
2024-04-04,56.064999,56.32,53.470001,54.325001
2024-04-05,53.884998,54.75,53.5,53.779999
2024-04-08,54.365002,55.084999,54.125,54.855
2024-04-09,55.119999,55.224998,53.884998,55.064999
2024-04-10,54.34,54.705002,53.529999,54.584999
2024-04-11,54.580002,55.23,53.459999,55.080002
2024-04-12,53.869999,53.869999,51.310001,52.779999
2024-04-15,53.34,53.82,51.150002,51.27
2024-04-16,51.43,52.599998,51.200001,52.080002
2024-04-17,52.310001,52.82,51.27,52.41
2024-04-18,52.709999,53.07,51.830002,52.119999
2024-04-19,52.07,52.59,51.099998,51.48
2024-04-22,52.529999,53.799999,52.470001,53.459999
2024-04-23,54.099998,54.700001,53.959999,54.509998
2024-04-24,54.73,54.880001,54.09,54.84
2024-04-25,53.27,54.389999,52.889999,54.209999
2024-04-26,55.060001,55.27,54.77,55.130001
2024-04-29,55.380001,55.799999,55.040001,55.59
2024-04-30,55.509998,55.849998,54.73,54.779999
2024-05-01,54.439999,55.84,54.290001,54.610001
2024-05-02,55.240002,55.66,54.48,55.52
2024-05-03,56.509998,56.639999,56.009998,56.529999
2024-05-06,56.959999,57.299999,56.93,57.200001
2024-05-07,57.439999,57.450001,57.169998,57.41
2024-05-08,57.380001,57.73,57.349998,57.630001
2024-05-09,57.66,57.860001,57.389999,57.830002
2024-05-10,57.91,58.25,57.75,58.25
2024-05-13,58.32,58.34,57.77,57.93
2024-05-14,57.880001,58.52,57.740002,58.349998
2024-05-15,59.0,59.560001,58.75,59.549999
2024-05-16,59.509998,59.66,59.279999,59.619999
2024-05-17,59.599998,60.02,59.490002,59.91
2024-05-20,59.959999,60.279999,59.73,59.900002
2024-05-21,59.900002,60.57,59.860001,60.450001
2024-05-22,60.389999,60.66,59.490002,59.84
2024-05-23,60.5,60.59,59.060001,59.41
2024-05-24,59.59,60.450001,59.540001,60.34
2024-05-28,60.450001,60.470001,59.150002,59.700001
2024-05-29,58.380001,59.049999,58.25,58.549999
2024-05-30,58.48,59.16,58.07,58.630001
2024-05-31,59.099998,59.610001,57.860001,59.540001
2024-06-03,59.880001,59.98,58.599998,59.759998
2024-06-04,59.200001,59.73,58.75,59.599998
2024-06-05,59.990002,60.27,59.330002,60.189999
2024-06-06,60.419998,60.509998,60.040001,60.439999
2024-06-07,60.450001,60.950001,60.310001,60.73
2024-06-10,60.310001,60.900002,60.119999,60.779999
2024-06-11,60.389999,60.889999,60.0,60.75
2024-06-12,61.459999,61.639999,61.150002,61.400002
2024-06-13,61.419998,61.599998,60.599998,61.400002
2024-06-14,60.68,60.91,59.860001,60.459999
2024-06-17,60.490002,61.02,60.110001,60.669998
2024-06-18,61.0,61.099998,60.5,60.799999
2024-06-20,60.849998,60.900002,59.57,59.990002
2024-06-21,59.619999,60.59,59.25,60.360001
2024-06-24,60.209999,60.889999,60.110001,60.470001
2024-06-25,60.619999,61.27,60.389999,61.200001
2024-06-26,61.09,61.529999,60.959999,61.459999
2024-06-27,61.540001,61.790001,61.439999,61.790001
2024-06-28,61.740002,61.950001,61.299999,61.389999
2024-07-01,61.709999,62.580002,61.560001,62.549999
2024-07-02,62.419998,63.049999,62.419998,62.959999
2024-07-03,63.0,63.16,62.740002,62.790001
2024-07-05,62.990002,63.0,62.490002,62.740002
2024-07-08,63.18,63.48,63.130001,63.299999
2024-07-09,63.419998,63.5,63.080002,63.259998
2024-07-10,63.330002,63.75,63.189999,63.34
2024-07-11,63.709999,63.77,62.77,63.220001
2024-07-12,63.73,64.220001,63.68,63.75
2024-07-15,63.98,64.129997,63.119999,63.220001
2024-07-16,63.41,63.490002,62.970001,62.970001
2024-07-17,62.23,62.619999,61.490002,61.889999
2024-07-18,62.66,62.779999,60.560001,60.98
2024-07-19,60.59,60.950001,59.369999,59.709999
2024-07-22,60.279999,61.529999,60.209999,61.419998
2024-07-23,61.459999,62.060001,61.209999,61.59
2024-07-24,60.709999,60.709999,57.110001,57.389999
2024-07-25,57.77,58.939999,56.380001,57.16
2024-07-26,58.110001,58.880001,57.869999,58.799999
2024-07-29,59.07,59.540001,58.57,59.279999
2024-07-30,59.48,59.610001,57.369999,58.400002
2024-07-31,59.169998,60.200001,59.02,59.209999
2024-08-01,59.299999,59.490002,55.459999,56.599998
2024-08-02,54.299999,54.66,48.82,49.919998
2024-08-05,39.200001,45.869999,38.599998,39.220001
2024-08-06,41.860001,45.220001,41.150002,43.040001
2024-08-07,46.139999,46.529999,43.130001,44.009998
2024-08-08,45.16,45.990002,44.529999,45.73
2024-08-09,46.009998,48.939999,45.529999,48.73
2024-08-12,48.939999,50.48,48.259998,48.900002
2024-08-13,49.32,50.860001,49.32,50.790001
2024-08-14,51.360001,52.529999,51.099998,52.52
2024-08-15,53.220001,53.900002,52.84,53.560001
2024-08-16,53.040001,53.73,52.889999,53.470001
2024-08-19,53.560001,54.32,53.439999,54.150002
2024-08-20,53.880001,54.029999,52.830002,52.959999
2024-08-21,53.080002,53.110001,51.959999,52.66
2024-08-22,52.880001,52.98,51.330002,51.540001
2024-08-23,52.200001,53.150002,51.889999,53.029999
2024-08-26,53.200001,53.27,52.43,53.049999
2024-08-27,52.720001,53.639999,52.509998,53.639999
2024-08-28,53.619999,53.689999,51.73,52.119999
2024-08-29,52.900002,53.419998,52.639999,53.0
2024-08-30,53.490002,53.919998,53.0,53.779999
2024-09-03,53.209999,53.240002,47.389999,48.330002
2024-09-04,47.709999,49.330002,47.139999,47.759998
2024-09-05,48.18,49.310001,47.880001,48.889999
2024-09-06,49.43,49.720001,46.049999,47.18
2024-09-09,47.700001,48.93,47.439999,48.650002
2024-09-10,48.959999,49.220001,47.619999,49.18
2024-09-11,49.5,50.23,47.189999,50.169998
2024-09-12,49.970001,50.459999,49.360001,50.400002
2024-09-13,50.25,51.07,50.220001,50.529999
2024-09-16,50.5,50.5,49.700001,50.279999
2024-09-17,50.310001,50.580002,49.400002,49.75
2024-09-18,49.869999,51.139999,49.470001,49.950001
2024-09-19,50.900002,51.259998,50.580002,51.060001
2024-09-20,50.880001,51.52,50.810001,51.16
2024-09-23,51.419998,51.68,50.869999,51.09
2024-09-24,51.290001,51.43,50.25,51.07
2024-09-25,50.93,51.290001,50.689999,50.759998
2024-09-26,50.849998,50.990002,50.490002,50.759998
2024-09-27,50.790001,50.810001,49.529999,49.540001
2024-09-30,49.459999,50.169998,48.889999,50.110001
2024-10-01,50.200001,50.200001,47.869999,48.189999
2024-10-02,48.139999,48.68,47.459999,48.549999
2024-10-03,47.939999,48.400002,47.310001,47.41
2024-10-04,48.02,48.470001,47.599998,48.360001
2024-10-07,47.900002,47.970001,46.009998,46.240002
2024-10-08,47.02,47.41,46.759998,47.099998
2024-10-09,47.259998,47.849998,47.18,47.73
2024-10-10,47.630001,47.66,47.119999,47.459999
2024-10-11,47.349998,47.900002,47.349998,47.689999
2024-10-14,48.029999,48.82,47.970001,48.549999
2024-10-15,48.990002,49.18,47.68,47.77
2024-10-16,47.84,48.169998,47.459999,48.029999
2024-10-17,48.209999,48.459999,47.950001,48.400002
2024-10-18,48.580002,49.029999,48.48,48.970001
2024-10-21,48.84,49.07,48.32,48.950001
2024-10-22,48.610001,49.209999,48.380001,49.040001
2024-10-23,48.73,48.830002,47.169998,47.830002
2024-10-24,48.34,48.380001,47.150002,48.25
2024-10-25,48.5,48.740002,47.060001,47.07
2024-10-28,48.099998,48.529999,47.970001,48.189999
2024-10-29,48.130001,48.68,47.98,48.330002
2024-10-30,48.139999,48.5,47.68,47.75
2024-10-31,47.130001,47.150002,45.869999,45.91
2024-11-01,46.529999,47.080002,46.259998,46.299999
2024-11-04,46.57,47.450001,46.419998,47.369999
2024-11-05,47.68,48.639999,47.68,48.599998
2024-11-06,51.25,51.25,50.060001,51.09
2024-11-07,51.490002,51.970001,51.439999,51.889999
2024-11-08,51.860001,52.110001,51.5,51.990002
2024-11-11,52.290001,52.470001,52.0,52.060001
2024-11-12,51.950001,52.240002,51.43,52.09
2024-11-13,52.299999,52.82,51.990002,52.700001
2024-11-14,52.860001,53.16,52.540001,52.68
2024-11-15,52.349998,52.450001,49.599998,50.82
2024-11-18,51.049999,52.200001,50.869999,51.82
2024-11-19,50.27,51.580002,50.25,50.900002
2024-11-20,50.889999,51.0,49.07,50.040001
2024-11-21,50.759998,50.900002,49.400002,50.27
2024-11-22,50.389999,51.299999,50.34,51.209999
2024-11-25,52.040001,52.290001,51.040001,52.23
2024-11-26,52.220001,52.740002,52.220001,52.5
2024-11-27,52.43,52.720001,51.799999,52.580002
2024-11-29,52.939999,53.279999,52.900002,52.919998
2024-12-02,53.23,53.470001,53.119999,53.459999
2024-12-03,53.130001,53.73,52.82,53.529999
2024-12-04,53.869999,54.040001,53.34,53.389999
2024-12-05,53.209999,53.52,53.139999,53.279999
2024-12-06,53.779999,53.939999,53.490002,53.75
2024-12-09,53.740002,53.889999,52.93,53.189999
2024-12-10,53.400002,53.610001,53.07,53.259998
2024-12-11,53.869999,54.0,53.41,53.5
2024-12-12,53.389999,53.720001,53.049999,53.330002
2024-12-13,53.700001,53.779999,52.970001,53.290001
2024-12-16,53.450001,53.459999,52.720001,52.830002
2024-12-17,52.580002,52.869999,52.09,52.209999
2024-12-18,52.459999,52.759998,47.689999,47.689999
2024-12-19,48.990002,49.16,45.48,45.599998
2024-12-20,45.91,49.169998,45.830002,49.119999
2024-12-23,49.529999,50.709999,48.619999,50.66
2024-12-24,51.0,52.130001,51.0,52.029999
2024-12-26,51.68,52.110001,51.02,51.970001
2024-12-27,51.540001,51.610001,49.290001,50.73
2024-12-30,49.400002,50.939999,48.48,50.209999
2024-12-31,50.599998,50.799999,49.759998,50.060001
2025-01-02,50.5,50.549999,48.290001,49.509998
2025-01-03,49.799999,50.919998,49.77,50.869999
2025-01-06,51.110001,51.439999,50.52,51.119999
2025-01-07,51.290001,51.369999,49.049999,49.650002
2025-01-08,49.259998,49.84,48.459999,49.639999
2025-01-10,48.869999,48.98,47.450001,48.02
2025-01-13,47.200001,48.66,47.049999,48.509998
2025-01-14,49.07,49.509998,48.209999,49.009998
2025-01-15,50.240002,51.110001,50.220001,51.040001
2025-01-16,51.139999,51.290001,50.830002,51.0
2025-01-17,51.48,51.48,50.84,50.880001
2025-01-21,51.369999,52.0,51.189999,51.959999
2025-01-22,51.91,51.98,51.450001,51.57
2025-01-23,51.57,52.150002,51.57,52.0
2025-01-24,52.16,52.310001,51.889999,52.110001
2025-01-27,49.0,50.740002,48.880001,50.32
2025-01-28,50.73,51.400002,50.029999,51.220001
2025-01-29,51.290001,51.439999,50.34,51.369999
2025-01-30,51.669998,51.779999,51.130001,51.5
2025-01-31,51.75,51.939999,50.279999,50.599998
2025-02-03,48.830002,50.970001,48.259998,50.009998
2025-02-04,50.400002,50.990002,50.09,50.779999
2025-02-05,50.709999,51.41,50.509998,51.34
2025-02-06,51.619999,51.650002,51.07,51.57
2025-02-07,51.73,51.799999,50.610001,50.619999
2025-02-10,51.240002,51.369999,50.919998,51.32
2025-02-11,51.110001,51.52,51.060001,51.240002
2025-02-12,50.669998,51.48,50.529999,51.369999
2025-02-13,51.419998,51.830002,51.110001,51.779999
2025-02-14,51.860001,52.0,51.599998,51.900002
2025-02-18,52.049999,52.25,51.810001,52.029999
2025-02-19,51.869999,52.34,51.799999,52.32
2025-02-20,52.299999,52.5,51.709999,52.240002
2025-02-21,52.25,52.25,50.16,50.380001
2025-02-24,50.790001,51.130001,49.639999,50.200001
2025-02-25,50.07,50.580002,48.950001,50.080002
2025-02-26,50.299999,51.130001,49.810001,50.57
2025-02-27,50.790001,51.049999,49.02,49.029999
2025-02-28,48.939999,49.790001,48.32,49.759998
2025-03-03,50.099998,50.119999,46.900002,47.529999
2025-03-04,46.549999,48.139999,45.209999,46.970001
2025-03-05,47.130001,48.130001,46.52,48.009998
2025-03-06,46.459999,47.150002,45.34,45.41
2025-03-07,45.549999,46.57,44.779999,46.43
2025-03-10,45.139999,45.450001,43.48,43.900002
2025-03-11,43.82,44.279999,42.639999,43.950001
2025-03-12,44.82,45.200001,43.720001,45.040001
2025-03-13,44.990002,45.360001,43.560001,44.029999
2025-03-14,44.799999,46.029999,44.700001,46.0
2025-03-17,46.259998,46.98,46.209999,46.869999
2025-03-18,47.0,47.02,45.849998,46.220001
2025-03-19,46.470001,47.529999,46.240002,46.970001
2025-03-20,46.549999,47.599998,46.470001,47.419998
2025-03-21,46.889999,47.5,46.599998,47.43
2025-03-24,48.240002,48.990002,48.18,48.91
2025-03-25,49.09,49.150002,48.639999,48.759998
2025-03-26,49.02,49.07,47.48,47.959999
2025-03-27,47.869999,48.220001,47.279999,47.849998
2025-03-28,47.560001,47.77,45.639999,45.740002
2025-03-31,44.470001,46.029999,44.060001,45.759998
2025-04-01,45.439999,46.080002,44.630001,45.700001
2025-04-02,44.869999,46.799999,44.779999,46.450001
2025-04-03,42.880001,43.66,40.66,40.66
2025-04-04,38.299999,39.279999,36.110001,36.650002
2025-04-07,34.950001,39.240002,34.200001,36.560001
2025-04-08,38.299999,38.450001,32.669998,34.139999
2025-04-09,33.529999,38.48,33.310001,37.790001
2025-04-10,36.330002,36.98,32.049999,34.18
2025-04-11,33.650002,34.68,32.82,34.630001
2025-04-14,36.09,36.669998,34.93,36.560001
2025-04-15,36.59,37.330002,36.34,36.709999
2025-04-16,35.98,36.59,34.75,35.169998
2025-04-17,35.599998,35.82,35.34,35.66
2025-04-21,35.459999,35.549999,34.189999,34.580002
2025-04-22,35.23,35.84,35.18,35.700001
2025-04-23,36.610001,36.950001,35.82,36.349998
2025-04-24,36.529999,37.130001,36.5,37.02
2025-04-25,37.130001,37.82,36.669998,37.810001
2025-04-28,38.0,38.060001,36.970001,37.650002
2025-04-29,37.5,37.950001,37.389999,37.880001
2025-04-30,37.209999,37.580002,36.279999,37.41
2025-05-01,37.939999,38.02,37.450001,37.709999
2025-05-02,38.099998,38.580002,37.990002,38.52
2025-05-05,38.18,38.509998,37.990002,38.169998
2025-05-06,37.610001,37.970001,37.360001,37.41
2025-05-07,37.669998,38.02,37.279999,37.919998
2025-05-08,38.220001,38.830002,38.110001,38.66
2025-05-09,38.700001,39.040001,38.599998,38.77
2025-05-12,40.32,41.369999,40.25,41.330002
2025-05-13,41.630001,42.080002,41.459999,41.48
2025-05-14,41.490002,41.5,40.939999,41.029999
2025-05-15,40.84,41.400002,40.669998,41.400002
2025-05-16,41.57,41.740002,41.310001,41.48
2025-05-19,40.599998,41.400002,40.549999,41.240002
2025-05-20,41.349998,41.490002,40.91,41.450001
2025-05-21,40.970001,41.360001,39.700001,39.98
2025-05-22,39.900002,40.5,39.720001,40.130001
2025-05-23,38.720001,39.509998,38.630001,38.830002
2025-05-27,40.009998,40.82,39.849998,40.779999
2025-05-28,40.869999,40.900002,40.439999,40.610001
2025-05-29,41.130001,41.130001,40.27,40.580002
2025-05-30,40.360001,40.689999,39.66,40.43
2025-06-02,40.25,40.720001,40.130001,40.689999
2025-06-03,40.799999,41.209999,40.700001,41.139999
2025-06-04,41.209999,41.279999,41.02,41.18
2025-06-05,41.400002,41.77,40.59,40.810001
2025-06-06,41.290001,41.709999,41.290001,41.66
2025-06-09,41.75,42.060001,41.689999,41.849998
2025-06-10,41.959999,42.099998,41.779999,41.950001
2025-06-11,42.279999,42.57,41.459999,41.759998
2025-06-12,41.5,41.880001,41.380001,41.549999
2025-06-13,40.490002,41.09,39.560001,39.880001
2025-06-16,40.709999,41.459999,40.669998,41.299999
2025-06-17,40.919998,41.029999,39.73,40.130001
2025-06-18,40.119999,40.990002,39.889999,40.599998
2025-06-20,40.849998,40.939999,40.110001,40.380001
2025-06-23,40.450001,40.73,39.619999,40.700001
2025-06-24,41.75,42.220001,41.700001,42.220001
2025-06-25,42.290001,42.360001,41.98,42.299999
2025-06-26,42.349998,42.580002,42.349998,42.41
2025-06-27,42.580002,42.650002,42.02,42.419998
2025-06-30,42.740002,42.759998,42.400002,42.599998
2025-07-01,42.43,42.810001,42.41,42.59
2025-07-02,42.639999,42.849998,42.5,42.689999
2025-07-03,43.009998,43.150002,42.790001,42.82
2025-07-07,42.57,42.720001,42.200001,42.610001
2025-07-08,43.040001,43.279999,42.959999,43.099998
2025-07-09,43.650002,43.91,43.470001,43.849998
2025-07-10,43.959999,44.110001,43.830002,44.029999
2025-07-11,43.549999,44.16,43.540001,43.939999
2025-07-14,43.75,43.849998,43.57,43.610001
2025-07-15,44.07,44.119999,43.709999,43.75
2025-07-16,43.849998,43.93,42.560001,43.599998
2025-07-17,43.73,43.82,43.57,43.68
2025-07-18,43.900002,44.009998,43.75,44.009998
2025-07-21,44.209999,44.59,44.119999,44.16
2025-07-22,44.279999,44.32,43.689999,44.259998
2025-07-23,44.599998,45.189999,44.389999,45.169998
2025-07-24,45.32,45.48,45.150002,45.23
2025-07-25,45.220001,45.470001,45.139999,45.43
2025-07-28,45.900002,46.060001,45.75,46.040001
2025-07-29,46.389999,46.450001,45.380001,45.5
2025-07-30,45.66,45.830002,45.049999,45.43
2025-07-31,45.900002,46.07,45.16,45.330002
2025-08-01,44.27,44.279999,42.93,43.459999
2025-08-04,44.119999,44.970001,44.07,44.959999
2025-08-05,45.07,45.09,44.09,44.77
2025-08-06,44.830002,45.490002,44.650002,45.490002
2025-08-07,45.75,45.84,44.93,45.279999
2025-08-08,45.630001,46.080002,45.59,46.080002
2025-08-11,46.139999,46.299999,45.830002,46.0
2025-08-12,46.349998,46.98,46.349998,46.950001
2025-08-13,47.240002,47.299999,46.93,47.110001
2025-08-14,46.689999,47.139999,46.619999,47.009998
2025-08-15,47.139999,47.220001,46.880001,47.09
2025-08-18,47.18,47.779999,47.119999,47.689999
2025-08-19,47.91,47.959999,47.080002,47.18
2025-08-20,47.189999,47.389999,46.439999,47.299999
2025-08-21,47.02,47.200001,46.619999,46.959999
2025-08-22,47.040001,48.93,47.040001,48.93
2025-08-25,48.650002,49.009998,48.5,48.84
2025-08-26,48.619999,49.02,48.619999,49.0
2025-08-27,48.939999,49.060001,48.599998,48.959999
2025-08-28,49.220001,49.349998,48.900002,49.209999
2025-08-29,49.360001,49.419998,48.509998,48.740002
2025-09-02,47.509998,48.0,46.939999,47.990002
2025-09-03,48.060001,48.619999,48.060001,48.619999
2025-09-04,48.75,49.349998,48.73,49.299999
2025-09-05,49.869999,49.959999,48.57,49.299999
2025-09-08,49.560001,49.810001,49.459999,49.75
2025-09-09,49.669998,49.91,49.330002,49.889999
2025-09-10,50.18,50.279999,49.790001,49.959999
2025-09-11,50.389999,50.610001,50.27,50.599998
2025-09-12,50.57,50.900002,50.529999,50.619999
2025-09-15,50.93,50.93,50.330002,50.400002
2025-09-16,50.310001,50.369999,49.91,49.970001
2025-09-17,50.09,51.240002,50.09,50.91
2025-09-18,51.290001,51.369999,50.84,50.84
2025-09-19,51.119999,51.150002,50.560001,50.889999
2025-09-22,50.759998,50.950001,50.48,50.490002
2025-09-23,50.560001,50.57,49.790001,50.150002
2025-09-24,50.32,50.509998,49.77,50.48
2025-09-25,49.91,50.709999,49.700001,50.099998
2025-09-26,50.43,51.209999,50.040001,51.209999
2025-09-29,51.310001,51.34,50.68,50.830002
2025-09-30,50.759998,51.060001,50.639999,50.939999
2025-10-01,50.689999,51.189999,50.689999,51.07
2025-10-02,51.209999,51.279999,50.709999,50.709999
2025-10-03,50.970001,51.02,50.560001,50.959999
2025-10-06,51.09,51.110001,50.720001,51.040001
2025-10-07,51.18,51.23,50.32,50.470001
2025-10-08,50.669998,51.029999,50.509998,50.959999
2025-10-09,51.049999,51.150002,50.5,50.900002
2025-10-10,50.939999,51.119999,47.380001,47.669998
2025-10-13,48.939999,49.619999,48.810001,49.470001
2025-10-14,48.029999,49.220001,47.220001,48.34
2025-10-15,49.09,49.189999,47.52,48.139999
2025-10-16,48.400002,48.459999,45.689999,45.77
2025-10-17,46.25,47.720001,45.400002,47.720001
2025-10-20,48.369999,49.599998,48.34,49.580002
2025-10-21,49.330002,49.919998,48.889999,49.720001
2025-10-22,49.599998,49.709999,48.040001,49.330002
2025-10-23,49.130001,49.93,49.130001,49.889999
2025-10-24,50.490002,50.599998,50.099998,50.27
2025-10-27,51.07,51.16,50.75,50.959999
2025-10-28,51.009998,51.09,50.25,50.25
2025-10-29,50.540001,50.790001,49.82,49.830002
2025-10-30,49.970001,50.419998,49.57,49.66
2025-10-31,50.220001,50.23,49.02,49.68
2025-11-03,49.82,49.939999,49.02,49.889999
2025-11-04,48.799999,49.48,48.57,48.860001
2025-11-05,48.790001,50.049999,48.759998,49.779999
2025-11-06,49.549999,49.709999,48.349998,48.720001
2025-11-07,48.110001,48.93,47.290001,48.91
2025-11-10,49.84,50.34,49.75,50.34
2025-11-11,50.310001,50.490002,50.189999,50.400002
2025-11-12,50.5,50.529999,49.919998,50.200001
2025-11-13,49.959999,50.16,48.07,48.619999
2025-11-14,47.82,49.32,47.41,48.830002
2025-11-17,48.400002,49.130001,47.290001,47.549999
2025-11-18,46.970001,47.650002,46.189999,46.73
2025-11-19,46.84,47.93,46.59,47.380001
2025-11-20,48.950001,49.110001,45.5,45.619999
2025-11-21,46.380001,47.09,45.02,46.849998
2025-11-24,47.279999,48.599998,47.200001,48.560001
2025-11-25,48.529999,49.310001,47.630001,49.259998
2025-11-26,49.540001,50.09,49.439999,50.009998
2025-11-28,49.990002,50.48,49.990002,50.34
2025-12-01,49.98,50.849998,49.91,50.52
2025-12-02,50.73,50.93,50.509998,50.880001
2025-12-03,50.549999,51.099998,50.52,51.02
2025-12-04,51.25,51.330002,50.849998,51.279999
2025-12-05,51.380001,51.639999,51.220001,51.599998
2025-12-08,51.599998,51.669998,50.939999,51.25
2025-12-09,51.169998,51.540001,51.130001,51.18
2025-12-10,51.049999,52.32,50.93,52.220001
2025-12-11,51.93,52.669998,51.459999,52.540001
2025-12-12,52.73,53.009998,51.389999,52.619999
2025-12-15,52.93,52.970001,52.0,52.619999
2025-12-16,52.540001,52.849998,52.040001,52.669998
2025-12-17,52.779999,53.080002,52.139999,52.380001
2025-12-18,52.810001,53.259998,52.490002,53.099998
2025-12-19,53.380001,54.169998,53.369999,54.110001
2025-12-22,54.52,55.049999,54.52,54.990002
2025-12-23,54.869999,55.09,54.849998,54.919998
2025-12-24,54.959999,55.110001,54.84,54.93
2025-12-26,55.130001,55.130001,54.68,55.0
2025-12-29,54.849998,55.560001,54.779999,55.369999
2025-12-30,55.389999,55.860001,55.389999,55.689999
2025-12-31,55.73,55.950001,55.34,55.380001
2026-01-02,55.970001,56.099998,55.48,55.82
2026-01-05,56.209999,56.290001,55.66,55.689999
2026-01-06,55.740002,56.110001,55.68,56.080002
2026-01-07,55.939999,55.939999,55.389999,55.540001
2026-01-08,55.439999,56.009998,55.380001,55.880001
2026-01-09,55.91,56.459999,55.619999,56.369999
2026-01-12,55.830002,56.34,55.77,56.34
2026-01-13,56.400002,56.41,55.259998,55.540001
2026-01-14,54.900002,55.130001,54.119999,54.849998
2026-01-15,55.68,55.970001,55.5,55.650002
2026-01-16,55.869999,55.970001,55.330002,55.57
2026-01-20,53.040001,54.240002,51.970001,52.299999
2026-01-21,53.549999,55.099998,53.189999,54.959999
2026-01-22,55.330002,55.57,54.860001,55.57
2026-01-23,55.18,55.73,54.950001,55.040001
2026-01-26,55.049999,55.419998,54.950001,55.060001
2026-01-27,55.150002,55.299999,54.59,54.599998
2026-01-28,54.740002,54.98,54.220001,54.470001
2026-01-29,54.16,54.439999,52.740002,54.220001
2026-01-30,54.139999,54.759998,53.669998,54.099998
2026-02-02,54.23,55.509998,54.23,55.349998
2026-02-03,55.240002,55.349998,52.93,54.169998
2026-02-04,54.389999,54.549999,52.650002,53.700001
2026-02-05,52.73,53.400002,51.75,52.07
2026-02-06,52.869999,53.959999,52.869999,53.869999
2026-02-09,53.919998,54.799999,53.700001,54.740002
2026-02-10,54.720001,54.779999,54.099998,54.169998
2026-02-11,54.810001,54.810001,53.560001,54.16
2026-02-12,54.5,54.66,52.419998,52.419998
2026-02-13,52.450001,53.419998,51.650002,52.080002
2026-02-17,51.869999,53.139999,51.240002,52.959999
2026-02-18,52.950001,53.59,52.610001,52.950001
2026-02-19,52.360001,52.52,51.779999,52.330002
2026-02-20,51.900002,53.189999,51.700001,52.950001
2026-02-23,52.75,53.200001,51.700001,51.77
2026-02-24,51.869999,52.84,51.639999,52.759998
2026-02-25,53.34,53.799999,53.130001,53.799999
2026-02-26,53.869999,53.91,52.34,53.369999
2026-02-27,52.119999,52.84,51.73,52.279999
2026-03-02,50.720001,52.48,50.720001,51.889999
2026-03-03,49.990002,51.52,48.029999,50.84
2026-03-04,51.099998,52.150002,50.860001,51.790001
2026-03-05,50.970001,51.380001,48.869999,49.98
2026-03-06,48.060001,48.849998,46.580002,46.580002
2026-03-09,46.369999,49.25,45.52,48.959999
2026-03-10,48.84,50.029999,47.66,47.720001
2026-03-11,48.099998,48.860001,47.720001,48.799999
2026-03-12,47.639999,48.009998,47.029999,47.099998
2026-03-13,47.709999,48.150002,46.66,46.68
2026-03-16,47.549999,48.540001,47.540001,48.529999
2026-03-17,48.880001,49.27,48.619999,48.720001
2026-03-18,48.110001,48.18,46.689999,46.779999
2026-03-19,45.700001,47.900002,45.389999,47.43
2026-03-20,47.299999,47.330002,45.43,45.790001
2026-03-23,47.330002,47.880001,46.369999,46.869999
2026-03-24,46.18,47.290001,46.040001,46.290001
2026-03-25,46.98,47.23,46.310001,47.02
2026-03-26,46.41,46.720001,45.189999,45.189999
2026-03-27,44.82,44.950001,43.349998,43.439999
2026-03-30,44.380001,44.419998,43.290001,43.66
2026-03-31,44.700001,45.849998,44.32,45.799999
2026-04-01,46.099998,46.560001,45.610001,46.27
2026-04-02,44.790001,46.419998,44.599998,46.23
2026-04-06,46.220001,46.98,46.220001,46.880001
2026-04-07,46.290001,46.389999,45.18,45.990002
2026-04-08,48.349998,48.669998,47.5,48.279999
2026-04-09,48.119999,49.299999,48.040001,49.299999
2026-04-10,49.400002,49.470001,48.66,48.869999
2026-04-13,48.59,49.919998,48.529999,49.860001
2026-04-14,50.540001,50.610001,50.060001,50.259998
2026-04-15,50.380001,50.48,49.880001,50.119999
2026-04-16,50.110001,50.360001,49.57,50.110001
2026-04-17,50.73,50.959999,50.450001,50.450001
2026-04-20,50.189999,50.25,49.669998,50.139999
2026-04-21,50.209999,50.209999,49.23,49.669998
2026-04-22,50.259998,50.299999,49.68,49.990002
2026-04-23,49.799999,50.099998,48.77,50.099998
2026-04-24,50.040001,50.32,49.689999,49.740002
2026-04-27,49.889999,50.619999,49.889999,50.580002
2026-04-28,50.150002,51.009998,50.029999,50.919998
2026-04-29,50.939999,51.040001,50.150002,50.439999
2026-04-30,50.669998,51.23,50.330002,51.23
2026-05-01,51.32,51.5,50.939999,50.970001
2026-05-04,51.009998,51.57,50.16,50.599998
2026-05-05,51.09,51.240002,50.599998,50.77
2026-05-06,51.360001,51.450001,51.060001,51.220001
2026-05-07,51.459999,51.52,51.029999,51.360001
2026-05-08,51.490002,51.700001,51.18,51.209999
2026-05-11,51.240002,51.450001,50.82,50.939999
2026-05-12,50.759998,51.619999,50.529999,51.400002
2026-05-13,51.43,51.540001,50.889999,50.98
2026-05-14,51.119999,51.759998,50.880001,51.540001
2026-05-15,50.82,51.610001,50.75,51.369999
2026-05-18,51.75,51.959999,51.400002,51.869999
2026-05-19,51.75,52.02,51.529999,51.77
2026-05-20,51.830002,52.27,51.720001,52.220001
2026-05-21,51.98,53.150002,51.93,53.07
2026-05-22,52.93,53.139999,52.630001,52.77
2026-05-26,53.439999,53.84,53.439999,53.599998
2026-05-27,53.720001,54.259998,53.52,54.220001
2026-05-28,54.040001,54.849998,54.040001,54.779999
2026-05-29,55.040001,55.529999,54.889999,55.189999
2026-06-01,54.84,55.279999,54.48,54.490002
2026-06-02,54.889999,55.040001,54.610001,54.98
2026-06-03,54.73,55.080002,54.599998,54.869999
2026-06-04,54.889999,56.0,54.810001,55.849998
2026-06-05,55.580002,55.68,53.360001,53.77
2026-06-08,54.540001,54.84,54.119999,54.349998
2026-06-09,54.689999,55.029999,52.189999,53.869999
2026-06-10,53.299999,53.580002,52.099998,52.389999
2026-06-11,52.529999,53.849998,51.880001,53.580002
2026-06-12,54.09,54.900002,53.689999,54.900002
2026-06-15,56.150002,56.849998,56.099998,56.849998
2026-06-16,56.849998,57.02,56.57,56.759998
2026-06-17,57.0,57.049999,55.16,55.529999
2026-06-18,56.509998,56.619999,56.02,56.439999
2026-06-22,57.09,57.459999,56.459999,56.52
2026-06-23,55.099998,55.68,54.810001,55.0
2026-06-24,55.290001,55.869999,54.709999,55.16
2026-06-25,56.27,56.27,55.220001,55.610001
2026-06-26,54.82,55.84,54.509998,55.529999
2026-06-29,56.240002,56.68,55.529999,56.59
2026-06-30,56.529999,57.419998,56.509998,57.259998
2026-07-01,56.93,57.349998,56.669998,57.09
2026-07-02,57.23,57.700001,56.630001,57.310001
2026-07-06,57.830002,58.169998,57.779999,58.07
2026-07-07,58.130001,58.299999,57.439999,57.830002
2026-07-08,57.150002,57.73,56.330002,57.290001
2026-07-09,57.580002,57.939999,57.259998,57.91
2026-07-10,57.98,58.619999,57.34,58.540001
2026-07-13,58.209999,58.549999,57.419998,57.66
2026-07-14,58.099998,58.400002,57.880001,58.0
2026-07-15,58.380001,58.950001,58.080002,58.830002
2026-07-16,58.610001,58.790001,57.779999,58.119999
2026-07-17,56.34,57.240002,56.209999,56.599998
2026-07-20,57.459999,57.98,56.939999,57.130001
2026-07-21,57.799999,58.220001,57.380001,58.139999
2026-07-22,57.869999,58.040001,57.52,57.790001
2026-07-23,56.310001,56.68,55.68,56.34
2026-07-24,56.549999,57.43,56.439999,56.82
2026-07-27,57.450001,57.549999,56.41,56.93
2026-07-28,56.93,57.48,56.509998,57.099998
2026-07-29,56.73,57.52,55.290001,55.349998
2026-07-30,56.450001,57.220001,56.16,57.220001
2026-07-31,57.59,58.18,56.41,58.060001
2026-08-03,58.360001,58.57,58.209999,58.259998
2026-08-04,58.759998,58.77,58.110001,58.110001
2026-08-05,58.049999,59.259998,57.84,59.07
2026-08-06,58.830002,59.549999,58.799999,59.5
2026-08-07,59.439999,59.59,59.240002,59.360001
2026-08-10,59.549999,59.84,59.419998,59.5
2026-08-11,59.490002,59.779999,59.419998,59.75
2026-08-12,60.07,60.75,59.990002,60.619999
2026-08-13,60.779999,60.849998,60.32,60.470001
2026-08-14,60.779999,60.900002,60.450001,60.790001
2026-08-17,60.919998,60.98,60.330002,60.549999
2026-08-18,60.380001,60.610001,60.27,60.369999
2026-08-19,60.82,61.43,60.759998,61.349998
2026-08-20,60.959999,61.259998,60.810001,61.029999
2026-08-21,61.580002,61.619999,61.369999,61.57
2026-08-24,61.740002,61.790001,61.299999,61.299999
2026-08-25,61.68,62.07,61.369999,62.07
2026-08-26,61.93,62.240002,61.84,62.150002
2026-08-27,62.23,63.009998,62.200001,62.950001
2026-08-28,62.689999,62.740002,62.32,62.549999
2026-08-31,62.360001,63.119999,62.259998,63.02
2026-09-01,62.619999,62.880001,61.830002,62.099998
2026-09-02,62.27,63.119999,62.27,63.029999
2026-09-03,63.16,63.709999,63.080002,63.700001
2026-09-04,64.0,64.110001,63.52,63.529999
2026-09-08,63.52,63.630001,62.919998,63.02
2026-09-09,62.830002,62.990002,62.43,62.599998
2026-09-10,61.900002,62.200001,61.450001,61.48
2026-09-11,62.59,63.09,62.560001,62.880001
2026-09-14,61.93,62.849998,61.869999,62.610001
2026-09-15,62.75,62.849998,62.169998,62.580002
2026-09-16,62.950001,63.02,61.52,62.310001
