Date,Open,High,Low,Close
2004-03-26,18.190001,18.23,16.67,17.33
2004-03-29,17.110001,17.17,16.290001,16.5
2004-03-30,16.68,16.799999,16.129999,16.280001
2004-03-31,16.33,16.959999,16.23,16.74
2004-04-01,16.76,17.25,16.65,16.65
2004-04-02,15.21,16.549999,15.21,15.64
2004-04-05,16.17,16.639999,14.81,14.97
2004-04-06,15.35,15.53,15.07,15.32
2004-04-07,15.41,16.360001,15.34,15.76
2004-04-08,14.96,16.82,14.96,16.26
2004-04-12,15.71,16.120001,15.0,15.28
2004-04-13,15.29,17.98,15.29,17.26
2004-04-14,17.290001,17.709999,15.6,15.62
2004-04-15,16.02,16.780001,15.22,15.74
2004-04-16,15.59,15.69,14.77,14.94
2004-04-19,15.73,16.08,15.33,15.42
2004-04-20,15.24,16.719999,14.79,16.67
2004-04-21,16.610001,16.940001,15.55,15.6
2004-04-22,15.89,15.98,13.86,14.61
2004-04-23,14.42,14.56,13.89,14.01
2004-04-26,14.75,15.22,14.39,14.77
2004-04-27,15.05,15.17,14.37,15.07
2004-04-28,15.55,16.540001,15.55,16.290001
2004-04-29,16.360001,17.27,15.87,16.6
2004-04-30,16.27,17.23,16.139999,17.190001
2004-05-03,17.690001,17.719999,16.610001,16.620001
2004-05-04,16.799999,17.129999,15.97,16.549999
2004-05-05,16.43,16.549999,15.64,15.77
2004-05-06,16.450001,17.67,16.450001,17.049999
2004-05-07,17.219999,18.17,16.440001,18.129999
2004-05-10,19.440001,20.200001,18.99,19.77
2004-05-11,19.23,19.280001,17.940001,18.57
2004-05-12,18.790001,20.41,18.139999,18.139999
2004-05-13,18.780001,18.92,17.969999,18.860001
2004-05-14,18.66,19.27,18.059999,18.469999
2004-05-17,19.700001,20.450001,19.65,19.959999
2004-05-18,19.6,19.700001,19.139999,19.33
2004-05-19,18.48,18.93,17.58,18.93
2004-05-20,18.6,19.25,18.549999,18.67
2004-05-21,18.73,18.74,18.0,18.49
2004-05-24,18.790001,18.82,17.959999,18.08
2004-05-25,18.41,18.42,15.73,15.96
2004-05-26,16.09,16.299999,15.78,15.97
2004-05-27,15.74,15.86,15.19,15.28
2004-05-28,15.44,15.65,15.39,15.5
2004-06-01,16.6,16.959999,16.190001,16.299999
2004-06-02,16.049999,16.700001,15.95,16.08
2004-06-03,16.43,17.040001,16.16,17.030001
2004-06-04,16.24,16.9,15.82,16.780001
2004-06-07,16.6,16.700001,15.33,15.39
2004-06-08,15.79,15.88,15.0,15.01
2004-06-09,14.56,15.46,14.56,15.39
2004-06-10,15.33,15.35,14.92,15.04
2004-06-14,15.54,16.360001,15.54,16.07
2004-06-15,15.34,15.35,14.72,15.05
2004-06-16,14.83,15.22,14.48,14.79
2004-06-17,15.06,15.58,15.0,15.15
2004-06-18,14.74,15.25,14.51,14.99
2004-06-21,15.61,15.62,14.96,15.26
2004-06-22,15.44,15.64,14.31,14.31
2004-06-23,14.6,14.82,13.75,13.98
2004-06-24,14.39,14.97,14.16,14.81
2004-06-25,14.78,15.29,14.47,15.19
2004-06-28,15.28,16.129999,15.19,16.07
2004-06-29,15.22,16.280001,15.22,15.47
2004-06-30,15.27,15.73,14.25,14.34
2004-07-01,14.74,15.57,14.41,15.2
2004-07-02,15.23,15.45,14.8,15.08
2004-07-06,16.25,16.75,16.129999,16.25
2004-07-07,16.360001,16.469999,15.59,15.81
2004-07-08,15.86,16.360001,15.5,16.200001
2004-07-09,16.01,16.030001,15.71,15.78
2004-07-12,15.25,15.61,14.61,14.96
2004-07-13,14.86,15.08,14.28,14.46
2004-07-14,14.9,16.59,13.34,13.76
2004-07-15,13.94,14.73,13.6,14.71
2004-07-16,14.27,14.58,13.95,14.34
2004-07-19,15.17,15.83,14.86,15.17
2004-07-20,15.53,15.57,13.98,14.17
2004-07-21,14.0,16.459999,13.91,16.41
2004-07-22,16.65,17.1,15.29,15.75
2004-07-23,15.82,16.940001,15.82,16.5
2004-07-26,17.219999,17.93,16.98,17.299999
2004-07-27,17.24,17.34,16.299999,16.549999
2004-07-28,16.77,17.41,15.94,16.15
2004-07-29,16.0,16.120001,15.42,15.68
2004-07-30,15.85,15.89,15.27,15.32
2004-08-02,16.42,16.58,15.22,15.37
2004-08-03,15.56,16.049999,15.28,16.030001
2004-08-04,16.33,16.65,15.82,16.209999
2004-08-05,16.190001,18.41,16.17,18.32
2004-08-06,18.209999,19.68,18.18,19.34
2004-08-09,19.969999,19.969999,18.629999,18.889999
2004-08-10,18.799999,18.860001,17.25,17.469999
2004-08-11,18.15,18.49,17.84,18.040001
2004-08-12,18.610001,19.299999,18.360001,19.08
2004-08-13,18.91,19.25,17.969999,17.98
2004-08-16,19.280001,19.280001,17.42,17.57
2004-08-17,16.58,17.280001,16.16,17.02
2004-08-18,17.549999,17.549999,16.129999,16.23
2004-08-19,16.540001,17.549999,16.309999,16.959999
2004-08-20,16.99,17.040001,15.78,16.0
2004-08-23,16.68,16.709999,15.79,15.88
2004-08-24,15.63,15.81,15.33,15.33
2004-08-25,15.4,15.76,14.81,14.98
2004-08-26,15.22,15.22,14.76,14.91
2004-08-27,14.91,15.02,14.67,14.71
2004-08-30,15.35,15.58,15.3,15.44
2004-08-31,15.64,15.85,15.28,15.29
2004-09-01,15.39,15.39,14.72,14.91
2004-09-02,14.97,15.05,14.18,14.28
2004-09-03,14.36,14.38,13.79,13.91
2004-09-07,14.52,14.64,14.03,14.07
2004-09-08,14.16,14.31,13.88,14.06
2004-09-09,14.12,14.41,13.7,14.01
2004-09-10,13.9,14.23,13.69,13.76
2004-09-13,13.64,13.78,13.16,13.17
2004-09-14,13.5,13.89,13.5,13.56
2004-09-15,13.88,14.67,13.68,14.64
2004-09-16,14.29,14.66,14.27,14.39
2004-09-17,14.11,14.43,13.93,14.03
2004-09-20,13.98,15.29,13.98,14.43
2004-09-21,15.98,15.98,13.38,13.66
2004-09-22,15.28,15.3,13.95,14.74
2004-09-23,14.85,15.08,14.61,14.8
2004-09-24,14.93,14.94,14.08,14.28
2004-09-27,14.86,15.09,14.55,14.62
2004-09-28,14.73,14.84,13.69,13.83
2004-09-29,14.09,14.14,13.2,13.21
2004-09-30,13.49,13.67,13.2,13.34
2004-10-01,13.11,13.11,12.6,12.75
2004-10-04,13.05,13.45,12.99,13.41
2004-10-05,13.51,14.19,13.51,13.95
2004-10-06,14.01,14.1,13.24,13.28
2004-10-07,13.33,14.66,13.32,14.5
2004-10-08,14.7,15.52,13.78,15.05
2004-10-11,14.69,15.27,14.28,14.71
2004-10-12,15.21,15.69,14.91,15.05
2004-10-13,13.92,15.63,13.92,15.42
2004-10-14,15.22,16.559999,15.22,16.43
2004-10-15,16.280001,16.49,14.72,15.04
2004-10-18,16.16,16.16,14.64,14.71
2004-10-19,16.32,16.32,14.32,15.13
2004-10-20,15.46,15.53,14.8,14.85
2004-10-21,14.98,15.19,14.28,14.54
2004-10-22,14.59,15.41,14.31,15.28
2004-10-25,16.07,16.709999,16.02,16.58
2004-10-26,16.719999,16.870001,15.97,16.389999
2004-10-27,16.48,16.530001,15.66,15.72
2004-10-28,16.02,16.049999,15.36,15.39
2004-10-29,15.83,16.290001,14.96,16.27
2004-11-01,16.43,16.76,16.18,16.27
2004-11-02,15.99,16.32,15.21,16.18
2004-11-03,15.05,15.18,13.79,14.04
2004-11-04,13.83,14.02,12.95,13.97
2004-11-05,13.67,14.1,13.23,13.84
2004-11-08,14.11,14.48,13.68,13.8
2004-11-09,12.89,13.96,12.89,13.61
2004-11-10,13.16,13.51,12.79,13.08
2004-11-11,13.11,13.12,12.64,13.04
2004-11-12,13.24,13.48,13.04,13.33
2004-11-15,14.05,14.06,13.25,13.38
2004-11-16,13.41,13.67,13.2,13.21
2004-11-17,13.2,13.39,12.77,13.21
2004-11-18,13.22,13.29,12.96,12.98
2004-11-19,12.79,13.83,12.77,13.5
2004-11-22,13.71,13.71,12.94,12.97
2004-11-23,12.78,12.91,12.57,12.67
2004-11-24,12.58,12.89,12.56,12.72
2004-11-26,12.76,12.9,12.59,12.78
2004-11-29,12.99,13.69,12.93,13.3
2004-11-30,13.27,13.38,13.07,13.24
2004-12-01,13.1,13.12,12.77,12.97
2004-12-02,12.97,13.04,12.72,12.98
2004-12-03,13.02,13.06,12.4,12.96
2004-12-06,12.95,13.4,12.93,13.19
2004-12-07,13.07,13.74,12.96,13.67
2004-12-08,13.52,13.68,13.18,13.19
2004-12-09,13.52,13.71,12.77,12.88
2004-12-10,13.05,13.15,12.68,12.76
2004-12-13,12.37,12.61,12.13,12.54
2004-12-14,12.55,12.97,12.21,12.73
2004-12-15,12.41,12.88,12.23,12.35
2004-12-16,12.34,12.59,11.96,12.27
2004-12-17,12.34,12.75,11.87,11.95
2004-12-20,12.26,12.34,11.77,11.83
2004-12-21,11.78,12.0,11.37,11.55
2004-12-22,11.42,11.71,11.37,11.45
2004-12-23,11.41,11.64,11.14,11.23
2004-12-27,11.53,12.16,11.53,12.14
2004-12-28,12.25,12.4,11.97,12.0
2004-12-29,11.61,11.79,11.61,11.62
2004-12-30,12.25,12.61,12.18,12.56
2004-12-31,12.42,13.29,12.42,13.29
2005-01-03,13.39,14.23,13.25,14.08
2005-01-04,14.01,14.45,13.93,13.98
2005-01-05,13.98,14.09,13.26,14.09
2005-01-06,14.09,14.09,13.33,13.58
2005-01-07,13.47,13.51,12.94,13.49
2005-01-10,13.92,13.93,12.94,13.23
2005-01-11,13.44,13.68,13.05,13.19
2005-01-12,13.94,13.94,12.54,12.56
2005-01-13,12.7,12.86,12.37,12.84
2005-01-14,12.68,12.82,12.29,12.43
2005-01-18,13.13,13.15,12.3,12.47
2005-01-19,12.47,13.21,12.41,13.18
2005-01-20,13.37,14.11,13.28,13.83
2005-01-21,13.75,14.46,13.4,14.36
2005-01-24,14.38,14.75,14.17,14.65
2005-01-25,14.34,14.36,13.88,14.06
2005-01-26,13.84,13.84,13.06,13.44
2005-01-27,13.5,13.57,12.96,13.24
2005-01-28,13.15,13.56,12.83,13.24
2005-01-31,13.63,13.63,12.79,12.82
2005-02-01,12.8,13.02,12.02,12.03
2005-02-02,12.01,12.06,11.52,11.66
2005-02-03,12.03,12.12,11.72,11.79
2005-02-04,11.97,11.97,10.9,11.21
2005-02-07,11.53,11.75,11.36,11.73
2005-02-08,11.66,11.67,11.45,11.6
2005-02-09,11.52,12.02,11.41,12.0
2005-02-10,11.98,11.99,11.38,11.51
2005-02-11,11.64,11.82,11.25,11.43
2005-02-14,11.28,11.86,11.18,11.52
2005-02-15,11.57,11.76,11.13,11.27
2005-02-16,11.4,11.5,11.03,11.1
2005-02-17,11.25,11.91,11.21,11.77
2005-02-18,11.99,12.12,11.18,11.18
2005-02-22,12.18,13.2,12.09,13.14
2005-02-23,12.94,12.94,12.3,12.39
2005-02-24,12.51,12.51,11.48,11.57
2005-02-25,11.75,11.78,10.92,11.49
2005-02-28,11.89,12.5,11.73,12.08
2005-03-01,11.95,12.1,11.66,12.04
2005-03-02,12.88,12.91,12.2,12.5
2005-03-03,12.28,13.07,12.23,12.93
2005-03-04,12.49,12.5,11.94,11.94
2005-03-07,12.36,12.6,12.05,12.26
2005-03-08,12.06,12.5,11.95,12.4
2005-03-09,12.23,12.72,12.2,12.7
2005-03-10,12.62,12.97,12.42,12.49
2005-03-11,12.29,12.98,12.11,12.8
2005-03-14,12.82,12.99,12.36,12.39
2005-03-15,12.44,13.22,12.33,13.15
2005-03-16,13.3,13.81,13.19,13.49
2005-03-17,13.25,13.67,13.2,13.29
2005-03-18,13.65,13.67,13.08,13.14
2005-03-21,13.62,13.98,13.33,13.61
2005-03-22,13.76,14.28,13.15,14.27
2005-03-23,14.61,14.89,13.88,14.06
2005-03-24,13.86,13.88,12.97,13.42
2005-03-28,14.01,14.01,13.44,13.75
2005-03-29,13.96,14.68,13.38,14.49
2005-03-30,14.47,14.47,13.64,13.64
2005-03-31,13.71,14.1,13.57,14.02
2005-04-01,13.64,14.38,12.92,14.09
2005-04-04,14.53,14.76,13.96,14.11
2005-04-05,14.1,14.11,13.66,13.68
2005-04-06,13.75,13.76,12.89,13.15
2005-04-07,12.92,12.96,12.3,12.33
2005-04-08,12.06,12.65,11.52,12.62
2005-04-11,12.09,12.46,11.82,11.98
2005-04-12,12.12,12.83,11.2,11.3
2005-04-13,11.68,13.44,11.27,13.31
2005-04-14,13.4,14.6,12.67,14.53
2005-04-15,14.92,18.049999,14.71,17.74
2005-04-18,18.33,18.59,16.41,16.559999
2005-04-19,15.28,15.97,14.81,14.96
2005-04-20,14.86,17.25,14.52,16.92
2005-04-21,16.219999,16.219999,14.26,14.41
2005-04-22,14.54,16.32,14.2,15.38
2005-04-25,15.29,15.47,14.6,14.62
2005-04-26,14.27,15.15,14.27,14.91
2005-04-27,14.62,15.93,14.43,14.87
2005-04-28,14.19,16.870001,14.19,16.860001
2005-04-29,15.75,16.92,15.26,15.31
2005-05-02,15.45,16.01,15.08,15.12
2005-05-03,15.19,15.31,14.53,14.53
2005-05-04,14.44,15.38,13.7,13.85
2005-05-05,13.48,15.82,13.43,13.98
2005-05-06,13.29,14.06,13.11,14.05
2005-05-09,14.11,14.56,13.53,13.75
2005-05-10,14.05,15.11,14.03,14.91
2005-05-11,14.69,15.8,14.31,14.45
2005-05-12,14.43,16.23,14.16,16.120001
2005-05-13,15.88,17.700001,15.4,16.32
2005-05-16,16.870001,16.870001,15.67,15.68
2005-05-17,15.92,16.209999,14.45,14.57
2005-05-18,14.11,14.13,13.3,13.63
2005-05-19,13.35,14.02,13.25,13.32
2005-05-20,13.57,13.73,13.07,13.14
2005-05-23,13.38,13.45,12.75,12.95
2005-05-24,13.12,13.3,12.53,12.69
2005-05-25,12.83,13.11,12.58,12.58
2005-05-26,12.23,12.38,11.65,12.24
2005-05-27,12.06,12.43,12.06,12.15
2005-05-31,12.69,13.45,12.67,13.29
2005-06-01,13.34,13.34,12.17,12.36
2005-06-02,12.35,12.43,11.8,11.84
2005-06-03,11.78,12.49,11.52,12.15
2005-06-06,12.68,13.0,12.21,12.28
2005-06-07,12.22,12.43,11.47,12.39
2005-06-08,12.05,12.83,12.05,12.7
2005-06-09,12.69,13.07,12.06,12.08
2005-06-10,12.16,12.4,11.9,11.96
2005-06-13,12.12,12.12,11.31,11.65
2005-06-14,11.65,12.02,11.52,11.79
2005-06-15,11.22,11.96,11.05,11.46
2005-06-16,11.24,11.36,11.04,11.15
2005-06-17,10.83,11.64,10.78,11.48
2005-06-20,12.51,12.53,11.31,11.47
2005-06-21,11.52,11.67,11.01,11.08
2005-06-22,10.96,11.31,10.81,11.05
2005-06-23,11.19,12.13,10.96,12.13
2005-06-24,12.27,12.32,11.95,12.18
2005-06-27,12.73,12.78,12.38,12.52
2005-06-28,12.31,12.31,11.55,11.58
2005-06-29,11.54,11.78,11.44,11.77
2005-06-30,11.72,12.1,11.5,12.04
2005-07-01,11.75,11.92,11.38,11.4
2005-07-05,12.41,12.41,11.53,11.68
2005-07-06,11.67,12.33,11.54,12.27
2005-07-07,13.91,13.92,12.48,12.49
2005-07-08,12.24,12.29,11.09,11.45
2005-07-11,10.96,11.41,10.53,11.28
2005-07-12,11.03,11.37,10.85,10.95
2005-07-13,11.09,11.44,10.8,10.84
2005-07-14,10.87,11.13,10.5,10.81
2005-07-15,10.61,10.9,10.13,10.33
2005-07-18,11.09,11.09,10.77,10.77
2005-07-19,10.63,10.79,10.36,10.45
2005-07-20,10.8,10.94,9.88,10.23
2005-07-21,10.23,11.21,10.23,10.97
2005-07-22,11.01,11.05,10.51,10.52
2005-07-25,11.12,11.28,10.7,11.1
2005-07-26,11.11,11.25,10.92,10.99
2005-07-27,11.03,11.03,10.34,10.36
2005-07-28,10.4,10.58,10.27,10.52
2005-07-29,10.24,11.73,10.24,11.57
2005-08-01,11.75,12.23,11.36,12.08
2005-08-02,12.0,12.03,11.69,11.75
2005-08-03,11.9,12.01,11.62,11.83
2005-08-04,12.12,12.57,11.99,12.52
2005-08-05,11.82,12.92,11.82,12.48
2005-08-08,12.56,13.29,12.56,13.21
2005-08-09,12.25,12.78,12.24,12.4
2005-08-10,12.03,12.56,11.51,12.38
2005-08-11,12.34,12.94,11.88,12.42
2005-08-12,12.36,12.98,12.18,12.74
2005-08-15,12.87,12.99,12.08,12.26
2005-08-16,12.37,13.89,12.28,13.52
2005-08-17,13.35,13.76,12.78,13.3
2005-08-18,13.47,13.88,13.01,13.42
2005-08-19,12.84,13.85,12.61,13.42
2005-08-22,13.67,13.89,13.2,13.42
2005-08-23,13.63,14.05,13.3,13.34
2005-08-24,13.56,14.18,13.0,14.17
2005-08-25,13.92,14.12,13.66,13.73
2005-08-26,13.79,14.2,13.65,13.72
2005-08-29,14.34,14.41,13.38,13.52
2005-08-30,13.49,14.18,13.47,13.65
2005-08-31,13.37,13.63,12.56,12.6
2005-09-01,12.86,13.37,12.31,13.15
2005-09-02,13.21,13.72,13.03,13.57
2005-09-06,14.17,14.18,12.9,12.93
2005-09-07,13.06,13.2,12.44,12.52
2005-09-08,12.72,12.94,12.37,12.93
2005-09-09,12.46,12.65,11.96,11.98
2005-09-12,11.66,11.89,11.45,11.65
2005-09-13,11.76,12.48,11.75,12.39
2005-09-14,12.79,13.26,12.67,12.91
2005-09-15,12.72,13.17,12.28,12.49
2005-09-16,11.89,11.93,11.07,11.22
2005-09-19,12.17,12.46,12.04,12.14
2005-09-20,12.23,12.96,11.83,12.64
2005-09-21,13.07,13.91,12.96,13.79
2005-09-22,13.85,14.39,13.31,13.33
2005-09-23,13.64,13.88,12.75,12.96
2005-09-26,13.27,13.47,12.64,13.04
2005-09-27,13.06,13.46,12.51,12.76
2005-09-28,12.6,12.98,12.37,12.63
2005-09-29,12.92,13.23,12.15,12.24
2005-09-30,12.42,12.44,11.92,11.92
2005-10-03,12.37,12.62,11.98,12.46
2005-10-04,12.5,13.21,12.11,13.2
2005-10-05,13.15,14.58,12.97,14.55
2005-10-06,14.53,15.63,14.04,14.96
2005-10-07,14.56,14.82,14.3,14.59
2005-10-10,14.93,15.61,14.87,15.55
2005-10-11,15.35,15.7,15.06,15.63
2005-10-12,15.56,16.27,15.04,16.219999
2005-10-13,16.32,17.190001,15.98,16.469999
2005-10-14,15.99,16.030001,14.83,14.87
2005-10-17,15.3,15.3,14.58,14.67
2005-10-18,14.92,15.4,14.79,15.33
2005-10-19,15.63,15.86,13.47,13.5
2005-10-20,14.18,16.190001,13.98,16.110001
2005-10-21,15.53,16.27,15.26,16.129999
2005-10-24,16.18,16.440001,14.61,14.74
2005-10-25,14.96,15.3,14.2,14.53
2005-10-26,14.8,14.88,13.72,14.59
2005-10-27,14.73,16.299999,14.57,16.02
2005-10-28,15.45,15.61,14.11,14.25
2005-10-31,14.04,15.39,13.93,15.32
2005-11-01,14.85,15.66,14.65,14.85
2005-11-02,14.99,14.99,13.38,13.48
2005-11-03,13.12,13.23,12.5,13.0
2005-11-04,12.88,13.62,12.69,13.17
2005-11-07,13.11,13.65,12.76,13.1
2005-11-08,13.61,13.61,13.04,13.08
2005-11-09,13.14,13.36,12.42,12.8
2005-11-10,12.68,13.17,11.73,11.9
2005-11-11,11.82,11.96,11.63,11.63
2005-11-14,11.99,12.34,11.77,12.18
2005-11-15,12.16,12.69,11.7,12.23
2005-11-16,12.22,12.68,12.17,12.26
2005-11-17,11.92,12.2,11.25,11.25
2005-11-18,11.19,11.67,10.96,11.12
2005-11-21,11.18,11.38,10.71,10.82
2005-11-22,11.01,11.1,10.5,10.6
2005-11-23,10.96,11.03,10.67,10.96
2005-11-25,11.04,11.24,10.88,10.88
2005-11-28,11.34,11.99,11.33,11.84
2005-11-29,11.77,11.96,11.61,11.89
2005-11-30,11.84,12.13,11.55,12.06
2005-12-01,12.09,12.23,11.14,11.24
2005-12-02,11.1,11.23,10.94,11.01
2005-12-05,11.45,11.68,11.4,11.6
2005-12-06,11.16,11.59,10.96,11.52
2005-12-07,11.49,12.44,11.45,12.18
2005-12-08,11.88,12.41,11.73,12.21
2005-12-09,11.91,12.2,11.56,11.69
2005-12-12,10.86,11.81,10.83,11.47
2005-12-13,10.57,11.42,10.57,11.11
2005-12-14,10.75,10.79,10.39,10.48
2005-12-15,10.66,11.11,10.37,10.73
2005-12-16,10.7,10.75,10.15,10.68
2005-12-19,11.11,11.38,10.65,11.38
2005-12-20,11.32,11.45,11.0,11.19
2005-12-21,10.71,11.07,10.34,10.81
2005-12-22,10.82,10.89,10.28,10.29
2005-12-23,10.37,10.48,10.24,10.27
2005-12-27,10.97,11.65,10.83,11.57
2005-12-28,11.55,11.64,11.26,11.35
2005-12-29,11.36,11.67,11.14,11.61
2005-12-30,11.96,12.07,11.55,12.07
2006-01-03,12.25,12.51,10.99,11.14
2006-01-04,11.22,11.71,10.97,11.37
2006-01-05,11.43,11.84,11.31,11.31
2006-01-06,11.23,11.5,10.81,11.0
2006-01-09,11.35,11.35,10.98,11.13
2006-01-10,11.39,11.39,10.84,10.86
2006-01-11,11.03,11.16,10.83,10.94
2006-01-12,10.98,11.38,10.94,11.2
2006-01-13,11.4,11.61,11.11,11.23
2006-01-17,12.13,12.46,11.87,11.91
2006-01-18,12.62,12.7,12.2,12.25
2006-01-19,12.12,12.34,11.65,11.98
2006-01-20,12.1,14.56,11.89,14.56
2006-01-23,14.44,14.48,13.58,13.93
2006-01-24,13.79,13.83,13.14,13.31
2006-01-25,12.95,13.38,12.62,12.87
2006-01-26,12.89,12.91,12.19,12.42
2006-01-27,12.27,12.33,11.72,11.97
2006-01-30,12.22,12.46,12.07,12.39
2006-01-31,12.45,13.06,12.45,12.95
2006-02-01,13.03,13.03,12.34,12.36
2006-02-02,12.54,13.47,12.48,13.23
2006-02-03,13.37,13.7,12.64,12.96
2006-02-06,13.43,13.43,12.99,13.04
2006-02-07,13.2,13.67,12.97,13.59
2006-02-08,13.41,13.61,12.76,12.83
2006-02-09,12.56,13.15,12.27,13.12
2006-02-10,13.35,13.73,12.69,12.87
2006-02-13,13.34,13.7,13.05,13.35
2006-02-14,13.09,13.15,12.01,12.25
2006-02-15,12.43,12.95,12.21,12.31
2006-02-16,12.19,12.29,11.13,11.48
2006-02-17,11.64,12.21,11.52,12.01
2006-02-21,12.36,12.64,12.28,12.41
2006-02-22,12.27,12.3,11.68,11.88
2006-02-23,11.86,11.97,11.58,11.87
2006-02-24,11.94,12.06,11.42,11.46
2006-02-27,11.79,11.83,11.4,11.59
2006-02-28,11.74,12.36,11.71,12.34
2006-03-01,12.05,12.07,11.52,11.54
2006-03-02,11.79,11.95,11.56,11.72
2006-03-03,12.03,12.1,11.36,11.96
2006-03-06,12.22,12.91,12.22,12.74
2006-03-07,12.92,13.34,12.64,12.66
2006-03-08,12.83,13.34,12.26,12.32
2006-03-09,12.21,12.69,12.01,12.68
2006-03-10,12.52,12.6,11.79,11.85
2006-03-13,11.72,11.75,10.89,11.37
2006-03-14,11.61,11.72,10.53,10.74
2006-03-15,11.17,11.54,10.98,11.35
2006-03-16,10.59,12.05,10.57,11.98
2006-03-17,11.56,12.2,11.53,12.12
2006-03-20,12.11,12.21,10.79,11.79
2006-03-21,11.71,11.89,11.17,11.62
2006-03-22,11.71,11.79,11.11,11.21
2006-03-23,11.19,11.57,11.11,11.17
2006-03-24,11.23,11.48,11.09,11.19
2006-03-27,11.46,11.72,11.41,11.46
2006-03-28,11.69,11.9,11.38,11.58
2006-03-29,11.46,11.57,10.79,10.95
2006-03-30,11.03,11.73,10.7,11.57
2006-03-31,11.42,11.65,11.27,11.39
2006-04-03,11.47,11.62,11.03,11.57
2006-04-04,11.66,11.8,11.09,11.14
2006-04-05,11.24,11.36,11.06,11.13
2006-04-06,11.34,11.74,11.25,11.45
2006-04-07,11.44,12.31,11.2,12.26
2006-04-10,12.44,12.49,12.04,12.19
2006-04-11,12.09,13.06,12.06,13.0
2006-04-12,13.08,13.09,12.66,12.76
2006-04-13,12.93,13.0,12.28,12.38
2006-04-17,12.8,13.02,12.27,12.58
2006-04-18,12.55,12.55,11.31,11.4
2006-04-19,11.52,11.8,11.23,11.32
2006-04-20,11.3,11.67,11.02,11.64
2006-04-21,11.24,11.98,11.19,11.59
2006-04-24,12.26,12.42,11.67,11.75
2006-04-25,11.71,12.19,11.59,11.75
2006-04-26,11.76,11.79,11.34,11.76
2006-04-27,12.27,12.52,11.55,11.84
2006-04-28,12.13,12.13,11.42,11.59
2006-05-01,11.83,12.59,11.75,12.54
2006-05-02,12.2,12.27,11.93,11.99
2006-05-03,12.21,12.45,11.95,11.99
2006-05-04,11.92,12.16,11.71,11.86
2006-05-05,11.39,11.62,11.18,11.62
2006-05-08,11.98,12.06,11.81,12.0
2006-05-09,12.1,12.15,11.88,11.99
2006-05-10,12.22,12.32,11.78,11.78
2006-05-11,12.33,12.92,11.99,12.49
2006-05-12,12.71,14.26,12.71,14.19
2006-05-15,15.12,15.13,13.44,13.57
2006-05-16,13.49,13.61,12.98,13.35
2006-05-17,13.83,16.26,13.39,16.26
2006-05-18,15.54,17.09,14.96,16.99
2006-05-19,16.16,18.01,15.9,17.18
2006-05-22,18.549999,19.620001,16.73,17.719999
2006-05-23,16.700001,18.26,15.36,18.26
2006-05-24,17.870001,19.870001,17.129999,17.360001
2006-05-25,16.67,16.67,15.31,15.5
2006-05-26,14.92,15.04,14.26,14.26
2006-05-30,15.39,18.719999,15.39,18.66
2006-05-31,18.09,18.09,16.41,16.440001
2006-06-01,16.469999,16.559999,14.48,14.52
2006-06-02,14.17,14.97,13.92,14.32
2006-06-05,14.97,17.139999,14.97,16.65
2006-06-06,16.719999,18.559999,16.65,17.34
2006-06-07,17.209999,17.860001,16.07,17.799999
2006-06-08,17.92,20.75,17.879999,18.35
2006-06-09,17.9,18.450001,17.07,18.120001
2006-06-12,18.129999,21.25,17.889999,20.959999
2006-06-13,20.950001,23.809999,20.27,23.809999
2006-06-14,23.450001,23.49,21.450001,21.459999
2006-06-15,21.049999,21.139999,15.65,15.9
2006-06-16,16.559999,18.129999,16.52,17.25
2006-06-19,16.059999,18.1,15.73,17.83
2006-06-20,17.52,17.65,16.389999,16.690001
2006-06-21,16.67,16.719999,14.88,15.52
2006-06-22,15.95,16.66,15.56,15.88
2006-06-23,16.41,16.58,14.94,15.89
2006-06-26,16.549999,16.610001,15.49,15.62
2006-06-27,15.58,16.549999,15.27,16.4
2006-06-28,16.02,17.0,15.78,15.79
2006-06-29,15.28,15.3,12.93,13.03
2006-06-30,12.9,13.47,12.74,13.08
2006-07-03,13.29,13.51,12.77,13.05
2006-07-05,13.92,14.77,13.86,14.15
2006-07-06,14.04,14.04,13.25,13.65
2006-07-07,13.9,14.45,13.43,13.97
2006-07-10,14.17,14.5,13.67,14.02
2006-07-11,14.31,14.68,13.1,13.14
2006-07-12,13.39,14.85,13.26,14.49
2006-07-13,15.17,17.83,15.17,17.790001
2006-07-14,17.57,18.790001,17.280001,18.049999
2006-07-17,18.73,18.76,17.75,18.639999
2006-07-18,18.200001,19.58,17.66,17.74
2006-07-19,17.620001,17.620001,14.47,15.55
2006-07-20,15.1,16.370001,14.87,16.209999
2006-07-21,16.23,17.559999,16.23,17.4
2006-07-24,17.08,17.08,14.89,14.98
2006-07-25,15.44,15.68,14.31,14.85
2006-07-26,15.04,15.21,14.09,14.62
2006-07-27,14.26,15.39,14.07,14.94
2006-07-28,14.73,14.75,14.06,14.33
2006-07-31,15.01,15.13,14.86,14.95
2006-08-01,15.49,16.15,15.03,15.05
2006-08-02,14.93,14.93,13.92,14.34
2006-08-03,15.1,15.19,14.2,14.46
2006-08-04,14.03,14.91,13.65,14.34
2006-08-07,14.98,15.53,14.97,15.23
2006-08-08,15.2,15.55,14.86,15.23
2006-08-09,14.76,15.41,14.07,15.2
2006-08-10,15.56,15.73,14.45,14.46
2006-08-11,14.72,14.85,14.3,14.3
2006-08-14,14.15,14.43,13.41,14.26
2006-08-15,13.57,13.72,13.15,13.42
2006-08-16,12.69,12.95,12.11,12.41
2006-08-17,12.69,12.72,12.21,12.24
2006-08-18,12.11,12.52,11.57,11.64
2006-08-21,12.4,12.62,12.21,12.22
2006-08-22,12.42,12.42,11.93,12.19
2006-08-23,12.26,12.73,12.16,12.4
2006-08-24,12.24,12.58,12.21,12.4
2006-08-25,12.41,12.47,12.08,12.31
2006-08-28,12.92,12.92,12.07,12.18
2006-08-29,12.27,12.83,12.21,12.28
2006-08-30,12.14,12.35,12.1,12.22
2006-08-31,12.23,12.33,12.07,12.31
2006-09-01,12.14,12.33,11.91,11.96
2006-09-05,12.8,12.86,12.43,12.63
2006-09-06,13.06,13.88,13.06,13.74
2006-09-07,14.07,14.49,13.67,13.88
2006-09-08,13.79,13.8,13.05,13.16
2006-09-11,13.95,13.95,12.75,12.99
2006-09-12,13.04,13.14,11.55,11.92
2006-09-13,11.4,11.56,10.99,11.18
2006-09-14,11.36,12.02,10.74,11.55
2006-09-15,11.49,12.54,11.4,11.76
2006-09-18,12.28,12.41,11.58,11.78
2006-09-19,11.96,12.69,11.86,11.98
2006-09-20,11.75,11.75,11.34,11.39
2006-09-21,11.43,12.6,11.28,12.25
2006-09-22,12.47,13.28,12.47,12.59
2006-09-25,12.97,13.41,11.93,12.12
2006-09-26,12.23,12.23,11.51,11.53
2006-09-27,11.65,11.9,11.42,11.58
2006-09-28,11.64,12.06,11.59,11.72
2006-09-29,11.75,12.1,11.72,11.98
2006-10-02,12.45,12.72,12.11,12.57
2006-10-03,12.68,12.91,11.97,12.24
2006-10-04,12.64,12.64,11.62,11.86
2006-10-05,11.94,12.06,11.65,11.98
2006-10-06,11.99,12.17,11.55,11.56
2006-10-09,12.07,12.09,11.58,11.68
2006-10-10,11.77,11.89,11.47,11.52
2006-10-11,11.75,12.03,11.31,11.62
2006-10-12,11.5,11.51,11.09,11.09
2006-10-13,11.17,11.35,10.75,10.75
2006-10-16,11.07,11.2,10.91,11.09
2006-10-17,11.36,12.03,11.35,11.73
2006-10-18,11.44,11.83,11.33,11.34
2006-10-19,11.51,11.57,10.78,10.9
2006-10-20,11.06,11.23,10.44,10.63
2006-10-23,11.15,11.25,10.62,11.08
2006-10-24,11.25,11.27,10.78,10.78
2006-10-25,10.88,10.88,10.6,10.66
2006-10-26,10.56,10.96,10.47,10.56
2006-10-27,10.66,10.99,10.53,10.8
2006-10-30,11.36,11.43,10.92,11.2
2006-10-31,11.1,11.39,10.99,11.1
2006-11-01,10.93,11.68,10.89,11.51
2006-11-02,11.61,11.76,11.41,11.42
2006-11-03,11.16,11.43,10.34,11.16
2006-11-06,11.39,11.41,10.99,11.16
2006-11-07,11.06,11.19,10.87,11.09
2006-11-08,11.41,11.49,10.7,10.75
2006-11-09,10.65,11.07,10.57,11.01
2006-11-10,11.01,11.12,10.77,10.79
2006-11-13,11.19,11.26,10.69,10.86
2006-11-14,10.89,11.31,10.14,10.5
2006-11-15,10.47,10.61,10.13,10.31
2006-11-16,10.13,10.35,10.04,10.16
2006-11-17,10.37,10.48,10.05,10.05
2006-11-20,10.42,10.48,9.91,9.97
2006-11-21,10.05,10.06,9.84,9.9
2006-11-22,10.02,10.15,9.81,10.14
2006-11-24,10.81,10.86,10.56,10.73
2006-11-27,11.26,12.33,11.14,12.3
2006-11-28,12.48,12.55,11.56,11.62
2006-11-29,11.41,11.43,10.67,10.83
2006-11-30,10.88,11.3,10.58,10.91
2006-12-01,11.07,12.28,10.96,11.66
2006-12-04,12.01,12.01,10.98,11.23
2006-12-05,11.13,11.59,10.85,11.27
2006-12-06,11.39,11.55,11.19,11.33
2006-12-07,11.35,12.68,11.17,12.67
2006-12-08,12.58,12.67,11.91,12.07
2006-12-11,11.88,11.93,10.71,10.71
2006-12-12,11.2,11.39,10.35,10.65
2006-12-13,10.45,10.58,10.15,10.18
2006-12-14,10.74,10.75,9.64,9.97
2006-12-15,9.68,10.07,9.39,10.05
2006-12-18,10.64,10.91,10.46,10.6
2006-12-19,11.06,11.31,10.27,10.3
2006-12-20,10.3,10.33,10.03,10.26
2006-12-21,10.36,10.89,10.13,10.53
2006-12-22,10.59,11.46,10.59,11.36
2006-12-26,12.03,12.03,11.24,11.26
2006-12-27,11.12,11.12,10.59,10.64
2006-12-28,10.84,11.06,10.73,10.99
2006-12-29,10.95,11.65,10.71,11.56
2007-01-03,12.16,12.75,11.53,12.04
2007-01-04,12.4,12.42,11.28,11.51
2007-01-05,11.84,12.25,11.68,12.14
2007-01-08,12.48,12.83,11.78,12.0
2007-01-09,11.86,12.47,11.69,11.91
2007-01-10,12.34,12.5,11.43,11.47
2007-01-11,11.42,11.48,10.5,10.87
2007-01-12,10.93,10.93,10.14,10.15
2007-01-16,10.64,10.89,10.4,10.74
2007-01-17,10.9,10.9,10.35,10.59
2007-01-18,10.65,11.04,10.45,10.85
2007-01-19,10.8,11.03,10.24,10.4
2007-01-22,10.77,11.08,10.62,10.77
2007-01-23,10.77,10.94,10.22,10.34
2007-01-24,10.41,10.41,9.87,9.89
2007-01-25,9.99,11.38,9.95,11.22
2007-01-26,10.95,11.6,10.92,11.13
2007-01-29,11.5,11.6,10.92,11.45
2007-01-30,11.28,11.49,10.95,10.96
2007-01-31,11.09,11.26,10.27,10.42
2007-02-01,10.32,10.43,10.14,10.31
2007-02-02,10.3,10.36,9.96,10.08
2007-02-05,10.53,10.7,10.44,10.55
2007-02-06,10.55,10.88,10.44,10.65
2007-02-07,10.31,10.56,10.24,10.32
2007-02-08,10.49,10.91,10.4,10.44
2007-02-09,10.42,11.56,10.25,11.1
2007-02-12,11.33,11.88,11.3,11.61
2007-02-13,11.42,11.42,10.33,10.34
2007-02-14,10.19,10.26,9.7,10.23
2007-02-15,10.28,10.32,10.05,10.22
2007-02-16,10.42,10.44,9.98,10.02
2007-02-20,10.62,10.72,10.14,10.24
2007-02-21,10.48,10.53,10.17,10.2
2007-02-22,10.23,10.52,10.01,10.18
2007-02-23,10.41,10.7,10.36,10.58
2007-02-26,10.59,11.44,10.52,11.15
2007-02-27,12.12,19.01,12.1,18.309999
2007-02-28,17.209999,17.290001,14.5,15.42
2007-03-01,17.76,19.4,15.36,15.82
2007-03-02,16.700001,18.629999,16.040001,18.610001
2007-03-05,20.4,20.41,18.129999,19.629999
2007-03-06,18.309999,18.34,15.76,15.96
2007-03-07,16.25,16.27,14.52,15.24
2007-03-08,14.34,14.7,13.48,14.29
2007-03-09,13.7,14.62,13.67,14.09
2007-03-12,14.96,14.96,13.76,13.99
2007-03-13,14.87,18.42,14.6,18.129999
2007-03-14,17.629999,21.25,16.75,17.27
2007-03-15,16.91,16.91,15.27,16.43
2007-03-16,15.38,17.709999,15.29,16.790001
2007-03-19,15.82,15.82,14.58,14.59
2007-03-20,15.01,15.16,13.25,13.27
2007-03-21,13.27,13.67,11.21,12.19
2007-03-22,12.29,12.95,12.04,12.93
2007-03-23,13.13,13.18,12.46,12.95
2007-03-26,13.39,14.7,12.91,13.16
2007-03-27,13.35,13.9,13.35,13.48
2007-03-28,14.28,15.51,14.22,14.98
2007-03-29,14.45,16.049999,14.34,15.14
2007-03-30,14.94,15.82,14.14,14.64
2007-04-02,14.91,15.46,14.4,14.53
2007-04-03,14.02,14.06,12.81,13.46
2007-04-04,13.82,13.91,13.2,13.24
2007-04-05,13.57,13.66,12.69,13.23
2007-04-09,13.26,13.56,12.89,13.14
2007-04-10,13.33,13.33,12.56,12.68
2007-04-11,12.72,14.08,12.72,13.49
2007-04-12,13.65,14.15,12.58,12.71
2007-04-13,12.67,13.0,12.13,12.2
2007-04-16,11.86,12.1,11.46,11.98
2007-04-17,11.7,12.17,11.5,12.14
2007-04-18,12.48,12.57,11.95,12.42
2007-04-19,13.16,13.27,12.41,12.54
2007-04-20,12.03,12.67,11.97,12.07
2007-04-23,12.6,13.08,12.48,13.04
2007-04-24,13.12,13.89,13.04,13.12
2007-04-25,12.74,13.23,12.58,13.21
2007-04-26,13.16,13.67,12.67,12.79
2007-04-27,13.12,13.26,12.41,12.45
2007-04-30,12.9,14.31,12.78,14.22
2007-05-01,14.1,14.6,13.48,13.51
2007-05-02,13.52,13.52,12.55,13.08
2007-05-03,13.01,13.36,12.89,13.09
2007-05-04,12.91,13.36,12.59,12.91
2007-05-07,13.34,13.37,13.11,13.15
2007-05-08,13.48,13.69,13.16,13.21
2007-05-09,13.43,13.5,12.54,12.88
2007-05-10,13.31,13.85,12.89,13.6
2007-05-11,13.47,13.47,12.63,12.95
2007-05-14,13.26,14.43,13.01,13.96
2007-05-15,13.88,14.3,13.27,14.01
2007-05-16,14.02,14.18,13.47,13.5
2007-05-17,13.62,13.82,13.25,13.51
2007-05-18,13.01,13.22,12.69,12.76
2007-05-21,13.24,13.3,12.7,13.3
2007-05-22,12.09,13.38,12.08,13.06
2007-05-23,12.77,13.28,12.55,13.24
2007-05-24,13.15,14.36,12.92,14.08
2007-05-25,13.81,13.87,13.23,13.34
2007-05-29,13.86,13.95,13.31,13.53
2007-05-30,14.18,14.29,12.82,12.83
2007-05-31,12.78,13.18,12.62,13.05
2007-06-01,12.77,13.01,12.43,12.78
2007-06-04,13.47,13.54,13.21,13.29
2007-06-05,13.58,14.17,13.54,13.63
2007-06-06,14.07,15.06,14.06,14.87
2007-06-07,15.08,17.09,14.89,17.059999
2007-06-08,16.75,16.780001,14.73,14.84
2007-06-11,15.31,15.47,14.24,14.71
2007-06-12,15.46,16.700001,14.77,16.67
2007-06-13,16.049999,16.1,14.67,14.73
2007-06-14,14.76,14.82,13.59,13.64
2007-06-15,13.01,13.97,12.58,13.94
2007-06-18,14.42,14.51,13.35,13.42
2007-06-19,13.78,13.8,12.79,12.85
2007-06-20,12.77,14.76,12.75,14.67
2007-06-21,14.8,15.56,14.17,14.21
2007-06-22,14.45,16.58,14.31,15.75
2007-06-25,16.5,17.24,15.41,16.65
2007-06-26,16.459999,18.889999,16.209999,18.889999
2007-06-27,18.870001,18.98,15.44,15.53
2007-06-28,15.7,15.71,14.98,15.54
2007-06-29,15.25,17.129999,14.62,16.23
2007-07-02,16.48,16.48,15.31,15.4
2007-07-03,14.96,15.3,14.85,14.92
2007-07-05,15.37,15.95,15.17,15.48
2007-07-06,15.36,15.59,14.67,14.72
2007-07-09,15.34,15.69,15.03,15.16
2007-07-10,15.88,17.68,15.83,17.57
2007-07-11,17.690001,17.91,16.639999,16.639999
2007-07-12,16.389999,16.389999,14.93,15.54
2007-07-13,15.39,15.51,14.79,15.15
2007-07-16,15.57,15.83,15.27,15.59
2007-07-17,15.58,15.78,15.31,15.63
2007-07-18,16.379999,17.059999,15.95,16.0
2007-07-19,15.43,15.62,15.06,15.23
2007-07-20,15.39,18.530001,15.36,16.950001
2007-07-23,16.620001,17.09,16.389999,16.809999
2007-07-24,17.629999,19.09,17.48,18.549999
2007-07-25,17.77,19.459999,17.379999,18.1
2007-07-26,19.41,23.360001,19.299999,20.74
2007-07-27,20.34,24.17,19.6,24.17
2007-07-30,23.639999,23.639999,20.860001,20.870001
2007-07-31,20.08,23.93,19.68,23.52
2007-08-01,23.709999,26.219999,23.26,23.67
2007-08-02,22.940001,23.0,21.200001,21.219999
2007-08-03,21.52,25.549999,21.09,25.16
2007-08-06,25.32,26.469999,22.440001,22.940001
2007-08-07,23.33,23.74,20.790001,21.559999
2007-08-08,20.969999,22.950001,19.33,21.450001
2007-08-09,24.459999,26.9,23.84,26.48
2007-08-10,28.040001,29.84,26.91,28.299999
2007-08-13,28.02,28.02,25.48,26.57
2007-08-14,25.559999,28.290001,25.309999,27.68
2007-08-15,28.219999,31.76,26.16,30.67
2007-08-16,32.68,37.5,30.440001,30.83
2007-08-17,25.25,31.459999,25.23,29.99
2007-08-20,29.870001,29.950001,25.799999,26.33
2007-08-21,26.389999,26.719999,24.77,25.25
2007-08-22,24.33,24.440001,22.870001,22.889999
2007-08-23,22.469999,23.610001,22.049999,22.620001
2007-08-24,22.75,23.030001,20.440001,20.719999
2007-08-27,22.24,22.83,21.959999,22.719999
2007-08-28,23.870001,26.57,23.719999,26.299999
2007-08-29,25.870001,26.02,23.440001,23.809999
2007-08-30,25.4,25.58,23.690001,25.059999
2007-08-31,23.530001,24.07,22.469999,23.379999
2007-09-04,21.93,24.809999,21.709999,22.780001
2007-09-05,24.030001,25.450001,23.799999,24.58
2007-09-06,24.43,25.139999,23.66,23.99
2007-09-07,25.98,26.969999,25.6,26.23
2007-09-10,26.91,28.82,26.559999,27.379999
2007-09-11,27.110001,27.209999,25.190001,25.27
2007-09-12,25.969999,26.209999,24.57,24.959999
2007-09-13,25.01,25.32,23.83,24.76
2007-09-14,26.379999,26.48,24.68,24.92
2007-09-17,26.450001,27.08,25.799999,26.48
2007-09-18,25.790001,26.23,20.27,20.35
2007-09-19,19.959999,20.57,19.17,20.030001
2007-09-20,20.469999,20.82,19.549999,20.450001
2007-09-21,19.440001,19.809999,18.370001,19.0
2007-09-24,19.040001,19.620001,18.32,19.370001
2007-09-25,20.25,20.459999,18.440001,18.6
2007-09-26,17.92,18.18,17.299999,17.629999
2007-09-27,17.120001,17.469999,16.950001,17.0
2007-09-28,17.23,18.219999,16.91,18.0
2007-10-01,18.440001,18.440001,17.110001,17.84
2007-10-02,17.67,18.889999,17.6,18.49
2007-10-03,18.879999,18.99,18.309999,18.799999
2007-10-04,18.65,18.65,18.26,18.440001
2007-10-05,17.549999,17.559999,16.440001,16.91
2007-10-08,17.73,17.83,17.32,17.459999
2007-10-09,17.15,17.280001,16.09,16.120001
2007-10-10,16.42,17.35,16.389999,16.67
2007-10-11,16.15,19.73,16.08,18.879999
2007-10-12,18.68,18.74,17.49,17.73
2007-10-15,18.139999,20.01,17.950001,19.25
2007-10-16,20.07,20.75,19.73,20.02
2007-10-17,18.76,20.110001,18.280001,18.540001
2007-10-18,19.16,19.559999,17.73,18.5
2007-10-19,19.15,22.959999,19.02,22.959999
2007-10-22,23.889999,23.940001,21.379999,21.639999
2007-10-23,21.290001,21.43,20.129999,20.41
2007-10-24,21.16,24.15,20.59,20.799999
2007-10-25,20.84,22.4,20.040001,21.17
2007-10-26,19.84,20.969999,19.48,19.559999
2007-10-29,19.93,20.24,19.540001,19.870001
2007-10-30,20.459999,21.15,20.309999,21.07
2007-10-31,20.530001,22.09,18.299999,18.530001
2007-11-01,19.889999,24.15,17.379999,23.209999
2007-11-02,22.559999,25.17,22.559999,23.01
2007-11-05,25.25,25.459999,23.610001,24.309999
2007-11-06,23.5,23.74,21.24,21.389999
2007-11-07,23.15,26.85,22.75,26.49
2007-11-08,26.450001,29.15,25.32,26.16
2007-11-09,27.959999,28.84,26.209999,28.5
2007-11-12,30.57,31.09,24.469999,31.09
2007-11-13,27.469999,27.5,23.82,24.1
2007-11-14,23.35,27.030001,23.07,25.940001
2007-11-15,26.959999,29.309999,25.98,28.059999
2007-11-16,27.040001,28.120001,25.120001,25.49
2007-11-19,26.74,27.18,25.74,26.01
2007-11-20,26.120001,27.35,23.620001,24.879999
2007-11-21,26.299999,27.77,24.549999,26.84
2007-11-23,26.42,26.42,25.35,25.610001
2007-11-26,26.459999,28.950001,25.84,28.91
2007-11-27,28.139999,28.24,26.23,26.280001
2007-11-28,25.139999,25.139999,23.549999,24.110001
2007-11-29,24.59,24.610001,23.35,23.969999
2007-11-30,22.67,23.389999,22.0,22.870001
2007-12-03,23.59,24.49,23.4,23.610001
2007-12-04,24.299999,24.59,23.32,23.790001
2007-12-05,22.719999,23.030001,21.870001,22.530001
2007-12-06,22.68,22.75,20.870001,20.959999
2007-12-07,20.690001,21.01,20.290001,20.85
2007-12-10,21.16,21.459999,20.360001,20.74
2007-12-11,20.690001,23.700001,19.77,23.59
2007-12-12,20.82,24.219999,20.49,22.469999
2007-12-13,23.530001,24.040001,22.41,22.559999
2007-12-14,23.530001,23.530001,22.26,23.27
2007-12-17,24.129999,24.860001,23.42,24.52
2007-12-18,23.700001,24.6,22.41,22.639999
2007-12-19,22.620001,22.68,21.299999,21.68
2007-12-20,21.02,21.67,20.58,20.58
2007-12-21,19.82,19.82,18.280001,18.469999
2007-12-24,19.08,19.42,18.48,18.6
2007-12-26,19.370001,19.469999,18.6,18.66
2007-12-27,19.15,20.51,19.15,20.26
2007-12-28,19.59,21.049999,19.440001,20.74
2007-12-31,21.870001,22.75,21.790001,22.5
2008-01-02,22.58,24.049999,22.4,23.17
2008-01-03,23.110001,23.27,22.110001,22.49
2008-01-04,23.5,24.299999,23.25,23.940001
2008-01-07,24.620001,24.879999,23.299999,23.790001
2008-01-08,23.27,25.6,22.629999,25.43
2008-01-09,25.610001,25.950001,23.9,24.120001
2008-01-10,24.559999,24.610001,22.620001,23.450001
2008-01-11,24.040001,24.41,23.219999,23.68
2008-01-14,23.76,23.93,22.65,22.9
2008-01-15,24.1,24.59,22.969999,23.34
2008-01-16,23.9,24.379999,22.85,24.379999
2008-01-17,24.110001,28.51,23.870001,28.459999
2008-01-18,27.549999,29.299999,26.27,27.18
2008-01-22,35.119999,37.57,29.709999,31.01
2008-01-23,33.84,34.419998,28.469999,29.02
2008-01-24,28.07,28.48,27.030001,27.780001
2008-01-25,26.190001,29.76,25.93,29.08
2008-01-28,29.67,30.26,27.57,27.780001
2008-01-29,26.610001,27.959999,26.549999,27.32
2008-01-30,27.530001,28.34,24.74,27.620001
2008-01-31,28.780001,28.809999,25.450001,26.200001
2008-02-01,25.66,25.75,24.02,24.02
2008-02-04,25.09,26.030001,24.85,25.99
2008-02-05,27.200001,28.49,27.200001,28.24
2008-02-06,27.75,29.309999,27.040001,28.969999
2008-02-07,29.51,29.700001,26.780001,27.66
2008-02-08,27.98,28.889999,27.219999,28.01
2008-02-11,29.139999,29.57,27.32,27.6
2008-02-12,26.559999,27.17,25.25,26.33
2008-02-13,25.67,26.059999,24.57,24.879999
2008-02-14,24.639999,25.639999,23.98,25.540001
2008-02-15,25.58,25.67,24.450001,25.02
2008-02-19,25.389999,26.59,24.73,25.59
2008-02-20,25.6,26.950001,24.209999,24.4
2008-02-21,24.42,25.450001,23.74,25.120001
2008-02-22,24.99,25.93,23.620001,24.059999
2008-02-25,24.059999,25.07,22.690001,23.030001
2008-02-26,23.440001,23.450001,21.639999,21.9
2008-02-27,21.9,23.01,21.83,22.690001
2008-02-28,22.690001,23.790001,22.690001,23.530001
2008-02-29,23.540001,26.91,23.540001,26.540001
2008-03-03,27.540001,28.129999,26.27,26.280001
2008-03-04,27.190001,27.42,25.51,25.52
2008-03-05,25.52,25.77,23.299999,24.6
2008-03-06,25.450001,27.9,25.040001,27.549999
2008-03-07,28.52,29.290001,22.290001,27.49
2008-03-10,28.129999,29.73,27.92,29.379999
2008-03-11,27.25,28.639999,26.35,26.360001
2008-03-12,26.389999,27.25,24.9,27.219999
2008-03-13,27.219999,29.620001,25.65,27.290001
2008-03-14,27.309999,32.889999,26.02,31.16
2008-03-17,35.139999,35.599998,31.1,32.240002
2008-03-18,32.240002,32.240002,25.58,25.790001
2008-03-19,25.780001,29.950001,25.16,29.84
2008-03-20,29.84,29.84,25.799999,26.620001
2008-03-24,26.639999,27.040001,24.75,25.73
2008-03-25,25.75,26.42,25.17,25.719999
2008-03-26,25.75,26.85,25.51,26.08
2008-03-27,25.549999,25.98,24.91,25.879999
2008-03-28,25.809999,25.959999,25.040001,25.709999
2008-03-31,25.709999,26.77,25.35,25.610001
2008-04-01,25.610001,25.610001,22.52,22.68
2008-04-02,22.639999,23.65,22.389999,23.43
2008-04-03,23.84,24.15,23.0,23.209999
2008-04-04,23.0,23.309999,21.75,22.450001
2008-04-07,22.450001,22.73,21.209999,22.42
2008-04-08,22.42,23.16,22.360001,22.360001
2008-04-09,22.360001,23.57,22.360001,22.809999
2008-04-10,22.799999,23.219999,21.629999,21.98
2008-04-11,23.030001,23.59,22.65,23.459999
2008-04-14,23.459999,24.35,23.459999,23.82
2008-04-15,23.84,23.99,22.719999,22.780001
2008-04-16,22.030001,22.09,20.5,20.530001
2008-04-17,21.129999,21.540001,20.35,20.370001
2008-04-18,20.370001,20.370001,19.209999,20.129999
2008-04-21,20.15,21.120001,20.15,20.5
2008-04-22,20.469999,21.6,20.469999,20.870001
2008-04-23,20.629999,20.950001,19.879999,20.26
2008-04-24,20.26,20.77,19.209999,20.059999
2008-04-25,19.6,20.360001,19.280001,19.59
2008-04-28,20.139999,20.25,19.370001,19.639999
2008-04-29,19.860001,20.540001,19.629999,20.24
2008-04-30,20.24,20.809999,19.690001,20.790001
2008-05-01,20.780001,20.83,18.870001,18.879999
2008-05-02,18.870001,19.110001,17.969999,18.18
2008-05-05,18.68,19.290001,18.68,18.9
2008-05-06,18.9,19.57,18.110001,18.209999
2008-05-07,18.48,19.98,18.42,19.73
2008-05-08,19.73,19.92,18.620001,19.4
2008-05-09,19.98,20.01,19.299999,19.41
2008-05-12,19.17,19.48,16.92,17.790001
2008-05-13,17.790001,18.629999,17.76,17.98
2008-05-14,17.98,17.98,16.74,17.66
2008-05-15,17.65,17.84,16.25,16.299999
2008-05-16,16.299999,17.92,16.299999,16.469999
2008-05-19,16.469999,17.889999,15.82,17.01
2008-05-20,17.02,18.42,17.02,17.58
2008-05-21,17.639999,18.889999,17.01,18.59
2008-05-22,18.92,19.110001,17.82,18.049999
2008-05-23,18.58,19.799999,18.379999,19.549999
2008-05-27,20.780001,20.950001,19.42,19.639999
2008-05-28,19.639999,20.030001,19.01,19.07
2008-05-29,19.08,19.17,17.540001,18.139999
2008-05-30,18.139999,18.209999,17.559999,17.83
2008-06-02,17.83,20.450001,17.83,19.83
2008-06-03,19.799999,21.0,18.889999,20.24
2008-06-04,20.639999,21.309999,19.76,20.799999
2008-06-05,20.540001,20.59,18.620001,18.629999
2008-06-06,18.629999,23.790001,18.629999,23.559999
2008-06-09,23.559999,24.469999,20.780001,23.120001
2008-06-10,24.370001,24.42,22.309999,23.18
2008-06-11,23.440001,24.299999,22.860001,24.120001
2008-06-12,23.610001,23.98,21.91,23.33
2008-06-13,23.02,23.139999,21.040001,21.219999
2008-06-16,21.219999,22.84,20.73,20.950001
2008-06-17,20.959999,21.42,20.02,21.129999
2008-06-18,21.67,22.860001,21.26,22.24
2008-06-19,22.24,22.610001,20.91,21.58
2008-06-20,21.58,23.700001,21.58,22.870001
2008-06-23,22.889999,23.139999,22.52,22.639999
2008-06-24,22.690001,23.48,21.68,22.42
2008-06-25,22.42,22.42,20.34,21.139999
2008-06-26,22.23,23.99,22.15,23.93
2008-06-27,23.75,24.559999,23.299999,23.440001
2008-06-30,24.25,24.26,23.27,23.950001
2008-07-01,25.139999,25.57,23.639999,23.65
2008-07-02,23.4,25.959999,22.700001,25.92
2008-07-03,25.92,26.08,24.440001,24.780001
2008-07-07,25.48,26.91,24.73,25.780001
2008-07-08,25.719999,26.049999,23.02,23.15
2008-07-09,23.16,25.389999,22.59,25.23
2008-07-10,25.219999,26.620001,25.07,25.59
2008-07-11,25.559999,29.440001,25.559999,27.49
2008-07-14,27.49,29.299999,26.9,28.48
2008-07-15,28.469999,30.809999,27.01,28.540001
2008-07-16,28.190001,28.32,24.870001,25.1
2008-07-17,24.58,25.5,23.99,25.01
2008-07-18,25.01,25.190001,23.780001,24.049999
2008-07-21,24.049999,24.58,23.040001,23.049999
2008-07-22,24.02,24.08,21.049999,21.18
2008-07-23,21.23,22.08,20.73,21.309999
2008-07-24,21.309999,23.610001,21.309999,23.440001
2008-07-25,23.450001,23.450001,22.309999,22.91
2008-07-28,22.91,24.620001,22.91,24.23
2008-07-29,24.200001,24.219999,21.959999,22.030001
2008-07-30,22.030001,22.309999,20.99,21.209999
2008-07-31,22.33,22.959999,21.450001,22.940001
2008-08-01,22.66,23.370001,22.35,22.57
2008-08-04,23.530001,23.860001,22.940001,23.49
2008-08-05,22.99,22.99,20.059999,21.139999
2008-08-06,21.66,21.66,19.75,20.23
2008-08-07,20.23,21.459999,20.23,21.15
2008-08-08,21.15,21.690001,20.110001,20.66
2008-08-11,20.66,20.959999,19.66,20.120001
2008-08-12,20.639999,21.51,20.379999,21.17
2008-08-13,21.57,22.110001,20.799999,21.549999
2008-08-14,22.299999,22.299999,20.07,20.34
2008-08-15,20.24,20.65,19.57,19.58
2008-08-18,19.58,21.440001,19.58,20.98
2008-08-19,21.76,22.139999,21.280001,21.280001
2008-08-20,21.299999,21.67,20.389999,20.42
2008-08-21,20.43,21.08,18.940001,19.82
2008-08-22,19.83,19.83,18.639999,18.809999
2008-08-25,18.780001,21.219999,18.780001,20.969999
2008-08-26,20.98,21.27,20.48,20.49
2008-08-27,20.48,20.67,19.530001,19.76
2008-08-28,19.360001,19.66,19.219999,19.43
2008-08-29,19.43,20.709999,19.43,20.65
2008-09-02,20.65,22.299999,20.469999,21.99
2008-09-03,21.99,22.299999,21.389999,21.43
2008-09-04,22.02,24.15,21.91,24.030001
2008-09-05,24.540001,24.709999,22.969999,23.059999
2008-09-08,22.219999,24.059999,22.120001,22.639999
2008-09-09,22.690001,25.68,22.58,25.469999
2008-09-10,25.469999,25.48,23.799999,24.52
2008-09-11,25.379999,26.25,24.389999,24.389999
2008-09-12,24.799999,26.67,24.799999,25.66
2008-09-15,25.66,31.870001,25.66,31.700001
2008-09-16,31.700001,33.700001,30.24,30.299999
2008-09-17,31.959999,36.400002,30.25,36.220001
2008-09-18,36.099998,42.16,33.099998,33.099998
2008-09-19,33.07,33.080002,27.950001,32.07
2008-09-22,32.400002,34.220001,30.809999,33.849998
2008-09-23,33.849998,36.080002,32.630001,35.720001
2008-09-24,35.700001,36.709999,34.16,35.189999
2008-09-25,35.189999,35.189999,32.450001,32.82
2008-09-26,32.82,36.400002,32.82,34.740002
2008-09-29,36.919998,48.400002,36.919998,46.720001
2008-09-30,43.77,43.799999,38.860001,39.389999
2008-10-01,39.389999,42.380001,39.389999,39.810001
2008-10-02,39.82,46.48,39.82,45.259998
2008-10-03,45.220001,45.52,41.509998,45.139999
2008-10-06,45.119999,58.240002,45.119999,52.049999
2008-10-07,52.049999,54.189999,47.029999,53.68
2008-10-08,53.68,59.060001,51.900002,57.529999
2008-10-09,57.57,64.919998,52.540001,63.919998
2008-10-10,65.849998,76.940002,65.629997,69.949997
2008-10-13,69.949997,71.419998,54.689999,54.990002
2008-10-14,55.099998,59.810001,46.349998,55.130001
2008-10-15,55.689999,69.470001,55.689999,69.25
2008-10-16,69.209999,81.169998,66.510002,67.610001
2008-10-17,67.650002,74.480003,59.82,70.330002
2008-10-20,70.400002,70.400002,52.700001,52.970001
2008-10-21,52.950001,56.369999,50.91,53.110001
2008-10-22,63.119999,72.559998,60.049999,69.650002
2008-10-23,68.029999,79.43,64.43,67.800003
2008-10-24,67.800003,89.529999,67.800003,79.129997
2008-10-27,79.129997,81.650002,65.900002,80.059998
2008-10-28,73.300003,78.980003,65.660004,66.959999
2008-10-29,66.959999,71.139999,62.720001,69.959999
2008-10-30,69.830002,69.830002,62.669998,62.900002
2008-10-31,62.93,65.849998,56.73,59.889999
2008-11-03,60.169998,60.77,53.630001,53.68
2008-11-04,53.68,53.68,44.25,47.73
2008-11-05,47.73,55.619999,46.869999,54.560001
2008-11-06,56.709999,64.779999,55.599998,63.68
2008-11-07,63.68,63.68,56.029999,56.099998
2008-11-10,56.09,62.09,54.630001,59.98
2008-11-11,59.98,64.730003,58.580002,61.439999
2008-11-12,61.52,67.190002,61.52,66.459999
2008-11-13,66.449997,69.989998,58.66,59.830002
2008-11-14,62.599998,66.309998,59.75,66.309998
2008-11-17,69.57,69.589996,65.099998,69.150002
2008-11-18,70.089996,73.129997,67.18,67.639999
2008-11-19,68.459999,75.0,67.339996,74.260002
2008-11-20,74.260002,81.480003,72.760002,80.860001
2008-11-21,80.739998,80.739998,71.629997,72.669998
2008-11-24,71.190002,71.349998,61.810001,64.699997
2008-11-25,64.760002,65.489998,60.25,60.900002
2008-11-26,60.900002,62.5,54.619999,54.919998
2008-11-28,56.02,56.82,50.5,55.279999
2008-12-01,60.470001,68.599998,60.360001,68.510002
2008-12-02,66.68,67.010002,62.310001,62.98
2008-12-03,62.98,65.370003,60.18,60.720001
2008-12-04,62.189999,65.080002,60.209999,63.639999
2008-12-05,63.639999,66.540001,59.259998,59.93
2008-12-08,58.860001,59.869999,57.349998,58.490002
2008-12-09,59.48,59.57,56.369999,58.91
2008-12-10,58.91,58.91,53.790001,55.73
2008-12-11,55.080002,56.439999,52.939999,55.779999
2008-12-12,55.779999,58.84,54.259998,54.279999
2008-12-15,55.68,58.490002,55.68,56.759998
2008-12-16,56.759998,56.759998,50.91,52.369999
2008-12-17,52.0,52.189999,49.360001,49.84
2008-12-18,49.84,49.84,44.5,47.34
2008-12-19,46.009998,46.009998,41.290001,44.93
2008-12-22,44.93,46.689999,42.75,44.560001
2008-12-23,43.189999,45.389999,41.68,45.02
2008-12-24,45.02,45.02,44.150002,44.209999
2008-12-26,44.27,44.360001,42.919998,43.380001
2008-12-29,43.349998,46.240002,42.16,43.900002
2008-12-30,43.990002,44.290001,41.630001,41.630001
2008-12-31,41.630001,41.630001,37.959999,40.0
2009-01-02,39.580002,39.82,36.880001,39.189999
2009-01-05,39.240002,40.220001,38.299999,39.080002
2009-01-06,38.060001,39.330002,37.34,38.560001
2009-01-07,40.290001,43.82,40.119999,43.389999
2009-01-08,43.380001,44.599998,42.560001,42.560001
2009-01-09,41.18,43.130001,41.049999,42.82
2009-01-12,42.060001,46.619999,41.939999,45.84
2009-01-13,45.84,47.080002,43.23,43.27
2009-01-14,46.240002,51.549999,46.139999,49.139999
2009-01-15,49.139999,55.16,49.139999,51.0
2009-01-16,51.0,51.0,45.959999,46.110001
2009-01-20,50.119999,57.360001,49.27,56.650002
2009-01-21,51.52,54.119999,46.150002,46.419998
2009-01-22,50.650002,51.759998,46.509998,47.290001
2009-01-23,50.389999,51.110001,46.43,47.27
2009-01-26,47.889999,47.93,44.290001,45.689999
2009-01-27,45.110001,45.93,42.200001,42.25
2009-01-28,42.25,42.25,38.09,39.66
2009-01-29,41.34,43.029999,41.119999,42.630001
2009-01-30,42.630001,45.529999,42.09,44.84
2009-02-02,49.419998,49.540001,45.259998,45.52
2009-02-03,45.52,45.52,42.43,43.060001
2009-02-04,43.060001,44.52,41.389999,43.849998
2009-02-05,43.830002,46.23,42.32,43.73
2009-02-06,43.709999,43.709999,41.200001,43.369999
2009-02-09,45.400002,45.450001,43.040001,43.639999
2009-02-10,45.139999,48.119999,44.18,46.669998
2009-02-11,46.669998,46.669998,44.5,44.529999
2009-02-12,44.52,47.580002,41.209999,41.25
2009-02-13,41.599998,43.02,40.73,42.93
2009-02-17,48.139999,51.18,46.959999,48.66
2009-02-18,48.66,50.290001,46.0,48.459999
2009-02-19,48.540001,48.540001,44.810001,47.080002
2009-02-20,47.080002,52.040001,47.080002,49.299999
2009-02-23,49.299999,53.16,48.970001,52.619999
2009-02-24,52.5,52.560001,44.279999,45.490002
2009-02-25,45.73,47.23,42.84,44.669998
2009-02-26,43.75,45.330002,41.91,44.66
2009-02-27,44.66,47.34,44.459999,46.349998
2009-03-02,49.959999,53.25,48.349998,52.650002
2009-03-03,52.650002,52.759998,48.5,50.93
2009-03-04,48.02,48.830002,45.02,47.560001
2009-03-05,47.560001,51.950001,46.98,50.169998
2009-03-06,50.169998,51.950001,47.650002,49.330002
2009-03-09,49.349998,51.34,48.400002,49.68
2009-03-10,49.68,49.68,43.880001,44.369999
2009-03-11,43.349998,44.259998,42.360001,43.610001
2009-03-12,43.529999,43.98,40.75,41.18
2009-03-13,40.990002,43.52,40.029999,42.360001
2009-03-16,42.360001,44.23,42.360001,43.740002
2009-03-17,44.23,44.59,40.740002,40.799999
2009-03-18,41.139999,42.389999,38.98,40.060001
2009-03-19,40.060001,44.169998,38.790001,43.68
2009-03-20,43.599998,47.630001,43.07,45.889999
2009-03-23,45.889999,45.889999,41.27,43.23
2009-03-24,43.240002,44.0,41.630001,42.93
2009-03-25,42.349998,44.200001,40.810001,42.25
2009-03-26,42.25,42.25,40.169998,40.360001
2009-03-27,40.360001,42.130001,40.360001,41.040001
2009-03-30,44.860001,46.279999,44.860001,45.540001
2009-03-31,45.540001,45.540001,42.27,44.139999
2009-04-01,45.419998,45.599998,42.259998,42.279999
2009-04-02,42.279999,42.68,40.299999,42.040001
2009-04-03,42.029999,42.029999,39.639999,39.700001
2009-04-06,41.959999,43.02,40.830002,40.93
2009-04-07,41.48,42.5,40.360001,40.389999
2009-04-08,40.389999,40.860001,38.700001,38.849998
2009-04-09,37.220001,37.740002,36.529999,36.529999
2009-04-13,38.32,38.91,37.509998,37.810001
2009-04-14,37.950001,38.5,36.880001,37.669998
2009-04-15,37.849998,38.060001,36.099998,36.169998
2009-04-16,36.040001,36.799999,34.880001,35.790001
2009-04-17,35.360001,35.52,33.68,33.939999
2009-04-20,33.939999,39.580002,33.939999,39.18
2009-04-21,40.27,40.290001,36.950001,37.139999
2009-04-22,37.139999,38.189999,36.009998,38.099998
2009-04-23,38.099998,38.52,37.009998,37.150002
2009-04-24,36.860001,37.529999,36.369999,36.82
2009-04-27,39.459999,39.52,37.970001,38.32
2009-04-28,39.43,39.639999,37.419998,37.950001
2009-04-29,37.950001,37.950001,35.369999,36.080002
2009-04-30,36.09,36.709999,34.5,36.5
2009-05-01,36.5,36.880001,34.880001,35.299999
2009-05-04,35.299999,36.240002,34.310001,34.529999
2009-05-05,34.540001,35.139999,33.360001,33.360001
2009-05-06,33.360001,33.700001,32.43,32.450001
2009-05-07,32.099998,34.560001,31.91,33.439999
2009-05-08,32.360001,32.720001,31.190001,32.049999
2009-05-11,32.049999,34.080002,32.049999,32.869999
2009-05-12,32.68,33.290001,31.57,31.799999
2009-05-13,32.970001,33.990002,32.560001,33.650002
2009-05-14,33.650002,33.959999,31.32,31.370001
2009-05-15,31.360001,33.610001,30.59,33.119999
2009-05-18,32.91,32.91,30.0,30.24
2009-05-19,30.23,30.32,28.35,28.799999
2009-05-20,27.469999,29.16,26.57,29.030001
2009-05-21,29.030001,32.77,29.030001,31.35
2009-05-22,31.360001,32.709999,30.57,32.630001
2009-05-26,34.57,34.57,30.379999,30.620001
2009-05-27,30.799999,32.529999,29.620001,32.360001
2009-05-28,31.540001,33.32,31.1,31.67
2009-05-29,31.67,31.67,28.85,28.92
2009-06-01,28.700001,30.049999,28.450001,30.040001
2009-06-02,30.040001,30.129999,28.299999,29.629999
2009-06-03,29.620001,31.790001,29.620001,31.02
2009-06-04,31.02,31.02,29.92,30.18
2009-06-05,29.389999,30.809999,28.85,29.620001
2009-06-08,30.879999,31.82,29.33,29.77
2009-06-09,29.77,29.77,27.790001,28.27
2009-06-10,26.9,29.74,26.9,28.459999
2009-06-11,27.360001,28.110001,26.809999,28.110001
2009-06-12,28.08,28.5,27.73,28.15
2009-06-15,29.700001,31.09,29.639999,30.809999
2009-06-16,30.809999,32.75,30.07,32.68
2009-06-17,31.190001,32.77,30.639999,31.540001
2009-06-18,31.540001,31.540001,29.6,30.030001
2009-06-19,29.16,29.32,27.559999,27.99
2009-06-22,30.4,32.049999,30.299999,31.17
2009-06-23,31.299999,31.540001,30.190001,30.58
2009-06-24,30.58,30.58,28.790001,29.049999
2009-06-25,29.450001,29.559999,26.299999,26.360001
2009-06-26,27.09,27.219999,25.76,25.93
2009-06-29,25.93,27.18,25.290001,25.35
2009-06-30,25.360001,27.379999,25.02,26.35
2009-07-01,25.73,26.309999,24.799999,26.219999
2009-07-02,26.219999,28.620001,26.219999,27.950001
2009-07-06,30.32,30.6,28.99,29.0
2009-07-07,29.0,30.940001,28.9,30.85
2009-07-08,30.85,33.049999,30.43,31.299999
2009-07-09,30.23,30.49,29.280001,29.780001
2009-07-10,29.780001,30.34,28.82,29.02
2009-07-13,28.360001,29.24,25.42,26.309999
2009-07-14,26.309999,26.84,24.99,25.02
2009-07-15,25.049999,26.059999,23.83,25.889999
2009-07-16,25.959999,26.18,24.51,25.42
2009-07-17,25.42,25.549999,23.879999,24.34
2009-07-20,25.059999,25.42,24.26,24.4
2009-07-21,24.280001,25.139999,23.809999,23.870001
2009-07-22,24.049999,24.139999,23.24,23.469999
2009-07-23,23.709999,24.049999,23.209999,23.43
2009-07-24,23.870001,23.870001,23.0,23.09
2009-07-27,24.059999,24.860001,24.02,24.280001
2009-07-28,24.280001,25.610001,24.280001,25.01
2009-07-29,25.469999,26.18,25.41,25.610001
2009-07-30,25.4,25.76,24.85,25.4
2009-07-31,25.4,26.219999,24.93,25.92
2009-08-03,25.92,26.49,25.559999,25.559999
2009-08-04,25.549999,26.16,24.889999,24.889999
2009-08-05,24.91,25.85,24.860001,24.9
2009-08-06,24.9,26.15,24.469999,25.67
2009-08-07,24.709999,24.950001,23.98,24.76
2009-08-10,24.76,25.82,24.76,24.99
2009-08-11,24.98,26.98,24.98,25.99
2009-08-12,25.99,26.5,25.110001,25.450001
2009-08-13,25.34,26.15,24.709999,24.709999
2009-08-14,24.77,25.940001,24.26,24.27
2009-08-17,24.27,28.389999,24.27,27.889999
2009-08-18,27.889999,27.889999,26.08,26.18
2009-08-19,28.08,28.139999,26.139999,26.26
2009-08-20,26.450001,26.450001,24.75,25.09
2009-08-21,24.49,25.059999,23.91,25.01
2009-08-24,25.01,25.700001,25.01,25.139999
2009-08-25,25.129999,25.129999,23.68,24.92
2009-08-26,24.91,25.559999,24.690001,24.950001
2009-08-27,25.129999,25.889999,24.43,24.68
2009-08-28,24.440001,25.5,24.280001,24.76
2009-08-31,24.76,27.01,24.76,26.01
2009-09-01,26.01,29.23,26.0,29.15
2009-09-02,29.139999,29.57,28.41,28.9
2009-09-03,28.9,28.9,26.98,27.1
2009-09-04,26.98,26.98,24.860001,25.26
2009-09-08,25.26,26.15,25.26,25.620001
2009-09-09,25.66,25.93,24.23,24.32
2009-09-10,24.4,24.76,22.82,23.549999
2009-09-11,23.49,24.33,22.48,24.15
2009-09-14,25.389999,25.389999,23.32,23.860001
2009-09-15,23.9,24.27,23.07,23.42
2009-09-16,23.290001,23.92,22.780001,23.690001
2009-09-17,23.99,24.07,22.790001,23.65
2009-09-18,23.65,24.43,23.139999,23.92
2009-09-21,25.34,25.51,23.709999,24.059999
2009-09-22,23.809999,23.98,23.059999,23.08
2009-09-23,22.9,23.690001,22.190001,23.49
2009-09-24,23.67,25.370001,23.440001,24.950001
2009-09-25,25.18,26.34,24.809999,25.610001
2009-09-28,26.26,26.4,24.85,24.879999
2009-09-29,24.879999,25.280001,24.540001,25.190001
2009-09-30,25.190001,26.450001,24.76,25.610001
2009-10-01,25.98,28.42,25.98,28.27
2009-10-02,29.34,29.559999,27.98,28.68
2009-10-05,29.34,29.34,26.57,26.84
2009-10-06,26.389999,26.41,25.190001,25.700001
2009-10-07,25.780001,25.82,24.57,24.68
2009-10-08,24.68,24.690001,23.9,24.18
2009-10-09,24.389999,24.540001,22.99,23.120001
2009-10-12,23.120001,23.530001,22.67,23.01
2009-10-13,23.0,24.07,22.74,22.99
2009-10-14,22.08,22.889999,21.549999,22.860001
2009-10-15,23.51,23.530001,21.49,21.719999
2009-10-16,21.719999,22.6,20.98,21.43
2009-10-19,21.41,22.459999,20.91,21.49
2009-10-20,21.549999,21.76,20.9,20.9
2009-10-21,20.9,22.48,20.1,22.219999
2009-10-22,22.219999,22.77,20.33,20.690001
2009-10-23,20.700001,22.59,20.34,22.27
2009-10-26,23.059999,24.860001,21.889999,24.309999
2009-10-27,24.379999,25.219999,24.030001,24.83
2009-10-28,24.83,27.940001,24.83,27.91
2009-10-29,27.16,27.190001,24.68,24.76
2009-10-30,24.76,31.59,24.76,30.690001
2009-11-02,30.700001,31.84,28.07,29.780001
2009-11-03,30.620001,30.799999,28.77,28.809999
2009-11-04,28.809999,28.809999,26.610001,27.719999
2009-11-05,27.280001,27.389999,25.41,25.43
2009-11-06,26.17,26.17,24.059999,24.190001
2009-11-09,24.190001,24.24,22.780001,23.15
2009-11-10,23.15,23.530001,22.780001,22.84
2009-11-11,22.84,23.68,21.610001,23.040001
2009-11-12,23.040001,24.610001,22.91,24.24
2009-11-13,24.25,24.43,23.219999,23.360001
2009-11-16,23.360001,23.42,22.02,22.889999
2009-11-17,22.809999,23.33,22.27,22.41
2009-11-18,22.35,22.65,21.629999,21.629999
2009-11-19,21.629999,24.200001,21.629999,22.629999
2009-11-20,23.450001,23.450001,22.139999,22.190001
2009-11-23,21.98,21.98,20.9,21.16
2009-11-24,21.280001,21.870001,20.35,20.469999
2009-11-25,20.23,20.57,20.049999,20.48
2009-11-27,25.75,25.93,23.120001,24.74
2009-11-30,24.950001,25.57,24.190001,24.51
2009-12-01,24.51,24.51,21.879999,21.92
2009-12-02,21.889999,22.190001,21.01,21.120001
2009-12-03,21.15,22.5,20.610001,22.459999
2009-12-04,21.18,22.76,20.620001,21.25
2009-12-07,22.32,22.459999,21.6,22.1
2009-12-08,23.280001,23.969999,22.84,23.690001
2009-12-09,23.209999,24.200001,22.540001,22.66
2009-12-10,22.66,22.66,21.77,22.32
2009-12-11,21.450001,22.309999,21.389999,21.59
2009-12-14,21.59,21.59,20.57,21.15
2009-12-15,21.09,21.870001,20.91,21.49
2009-12-16,20.889999,21.200001,20.459999,20.540001
2009-12-17,21.889999,22.860001,21.4,22.51
2009-12-18,21.84,23.02,21.68,21.68
2009-12-21,21.459999,21.51,20.280001,20.49
2009-12-22,20.389999,20.4,19.540001,19.540001
2009-12-23,19.540001,19.969999,19.35,19.709999
2009-12-24,19.67,19.67,19.25,19.469999
2009-12-28,20.290001,20.530001,19.9,19.93
2009-12-29,19.870001,20.120001,19.620001,20.01
2009-12-30,20.360001,20.440001,19.93,19.959999
2009-12-31,19.959999,21.83,19.889999,21.68
2010-01-04,21.68,21.68,20.030001,20.040001
2010-01-05,20.049999,20.129999,19.34,19.35
2010-01-06,19.59,19.68,18.77,19.16
2010-01-07,19.68,19.709999,18.700001,19.059999
2010-01-08,19.27,19.27,18.110001,18.129999
2010-01-11,16.93,17.74,16.860001,17.549999
2010-01-12,17.950001,19.459999,17.950001,18.25
2010-01-13,17.940001,18.719999,17.559999,17.85
2010-01-14,18.16,18.27,17.379999,17.629999
2010-01-15,17.629999,19.02,17.629999,17.91
2010-01-19,18.629999,18.85,17.33,17.58
2010-01-20,18.51,19.690001,18.440001,18.68
2010-01-21,18.59,22.299999,18.27,22.27
2010-01-22,22.27,28.01,22.27,27.309999
2010-01-25,27.32,27.32,24.610001,25.41
2010-01-26,26.030001,26.219999,22.77,24.549999
2010-01-27,24.809999,25.690001,23.139999,23.139999
2010-01-28,22.790001,25.299999,22.690001,23.73
2010-01-29,23.73,25.030001,22.110001,24.620001
2010-02-01,24.33,24.33,22.58,22.59
2010-02-02,22.59,22.99,21.08,21.48
2010-02-03,22.110001,22.110001,21.33,21.6
2010-02-04,22.629999,26.32,22.629999,26.08
2010-02-05,25.690001,29.219999,25.370001,26.110001
2010-02-08,26.110001,27.110001,25.48,26.51
2010-02-09,26.51,26.559999,24.780001,26.0
2010-02-10,26.360001,26.77,24.799999,25.4
2010-02-11,25.82,26.110001,23.870001,23.959999
2010-02-12,23.959999,25.540001,22.73,22.73
2010-02-16,23.51,23.57,22.129999,22.25
2010-02-17,22.25,22.6,21.700001,21.719999
2010-02-18,21.719999,22.209999,20.6,20.629999
2010-02-19,21.07,21.139999,19.709999,20.02
2010-02-22,20.16,21.0,19.59,19.940001
2010-02-23,20.389999,21.940001,20.059999,21.370001
2010-02-24,21.23,21.58,20.219999,20.27
2010-02-25,22.030001,22.68,20.059999,20.1
2010-02-26,19.879999,20.530001,19.32,19.5
2010-03-01,19.93,19.940001,19.18,19.26
2010-03-02,18.83,19.360001,18.6,19.059999
2010-03-03,18.950001,19.299999,18.42,18.83
2010-03-04,18.860001,19.27,18.58,18.719999
2010-03-05,18.059999,18.15,17.23,17.42
2010-03-08,17.950001,17.959999,17.559999,17.790001
2010-03-09,18.18,18.190001,17.51,17.92
2010-03-10,18.0,18.6,17.43,18.57
2010-03-11,18.9,19.34,18.059999,18.059999
2010-03-12,17.969999,18.530001,17.58,17.58
2010-03-15,18.280001,18.780001,17.959999,18.0
2010-03-16,17.780001,18.01,17.42,17.690001
2010-03-17,16.969999,17.17,16.52,16.91
2010-03-18,16.959999,16.99,16.309999,16.620001
2010-03-19,16.17,17.57,16.17,16.969999
2010-03-22,18.299999,18.34,16.77,16.870001
2010-03-23,16.84,17.09,16.209999,16.35
2010-03-24,16.85,17.92,16.83,17.549999
2010-03-25,17.07,18.540001,16.620001,18.4
2010-03-26,18.27,18.690001,17.35,17.77
2010-03-29,18.17,18.280001,17.57,17.59
2010-03-30,17.639999,18.08,17.129999,17.129999
2010-03-31,17.66,17.92,17.290001,17.59
2010-04-01,17.01,18.09,16.790001,17.469999
2010-04-05,17.959999,18.16,17.02,17.02
2010-04-06,17.389999,17.540001,16.08,16.23
2010-04-07,16.719999,17.209999,16.16,16.620001
2010-04-08,17.209999,17.799999,16.299999,16.48
2010-04-09,16.32,16.65,16.059999,16.139999
2010-04-12,15.67,16.0,15.23,15.58
2010-04-13,15.98,16.77,15.81,16.200001
2010-04-14,15.8,16.379999,15.55,15.59
2010-04-15,15.87,16.5,15.68,15.89
2010-04-16,16.190001,19.700001,16.110001,18.360001
2010-04-19,19.139999,19.549999,17.34,17.34
2010-04-20,16.84,16.889999,15.73,15.73
2010-04-21,15.94,16.85,15.5,16.32
2010-04-22,17.48,18.190001,16.200001,16.469999
2010-04-23,16.620001,16.709999,16.120001,16.620001
2010-04-26,17.52,17.530001,17.07,17.469999
2010-04-27,18.129999,23.200001,17.940001,22.809999
2010-04-28,22.08,23.030001,20.860001,21.08
2010-04-29,20.370001,20.370001,18.440001,18.440001
2010-04-30,18.75,22.389999,18.41,22.049999
2010-05-03,22.41,22.41,19.610001,20.190001
2010-05-04,22.459999,25.700001,22.459999,23.84
2010-05-05,25.959999,27.23,23.75,24.91
2010-05-06,25.879999,40.709999,24.43,32.799999
2010-05-07,32.759998,42.150002,31.709999,40.950001
2010-05-10,28.65,30.889999,25.68,28.84
2010-05-11,31.040001,31.040001,25.860001,28.32
2010-05-12,26.559999,26.67,24.98,25.52
2010-05-13,26.17,26.85,24.299999,26.68
2010-05-14,28.4,33.240002,28.4,31.24
2010-05-17,31.33,35.25,30.76,30.84
2010-05-18,28.67,34.169998,28.09,33.549999
2010-05-19,34.650002,38.419998,33.07,35.32
2010-05-20,41.790001,46.369999,40.299999,45.790001
2010-05-21,47.66,48.200001,38.950001,40.099998
2010-05-24,41.740002,41.740002,35.57,38.32
2010-05-25,43.150002,43.740002,34.59,34.610001
2010-05-26,32.540001,35.02,24.1,35.02
2010-05-27,30.24,31.030001,29.540001,29.68
2010-05-28,30.23,33.299999,29.530001,32.07
2010-06-01,34.869999,35.68,31.82,35.540001
2010-06-02,34.389999,34.57,29.940001,30.17
2010-06-03,29.65,31.200001,29.120001,29.459999
2010-06-04,32.93,36.119999,31.809999,35.48
2010-06-07,35.66,36.799999,34.43,36.57
2010-06-08,36.529999,37.380001,33.360001,33.700001
2010-06-09,32.330002,34.119999,30.23,33.73
2010-06-10,31.0,31.77,29.690001,30.57
2010-06-11,31.790001,31.790001,28.6,28.790001
2010-06-14,27.940001,28.719999,26.98,28.58
2010-06-15,27.68,27.84,25.68,25.870001
2010-06-16,26.719999,26.719999,25.34,25.92
2010-06-17,25.59,26.639999,25.049999,25.049999
2010-06-18,24.870001,24.879999,23.299999,23.950001
2010-06-21,22.9,25.639999,22.870001,24.879999
2010-06-22,25.139999,27.049999,24.41,27.049999
2010-06-23,26.93,28.549999,26.540001,26.91
2010-06-24,27.610001,30.27,27.530001,29.74
2010-06-25,29.639999,30.41,28.07,28.530001
2010-06-28,29.200001,29.9,28.469999,29.0
2010-06-29,31.219999,35.389999,31.219999,34.130001
2010-06-30,33.950001,34.630001,31.74,34.540001
2010-07-01,34.41,37.580002,32.720001,32.860001
2010-07-02,31.709999,31.879999,29.35,30.120001
2010-07-06,28.82,31.15,27.959999,29.65
2010-07-07,29.559999,29.559999,26.84,26.84
2010-07-08,26.5,27.42,25.709999,25.709999
2010-07-09,25.35,25.67,24.370001,24.98
2010-07-12,24.66,25.139999,23.530001,24.43
2010-07-13,23.290001,24.57,23.120001,24.559999
2010-07-14,24.610001,25.799999,24.18,24.889999
2010-07-15,25.08,27.24,24.74,25.139999
2010-07-16,25.77,28.16,25.709999,26.25
2010-07-19,27.02,27.299999,25.120001,25.969999
2010-07-20,27.35,27.4,23.790001,23.93
2010-07-21,23.610001,26.629999,23.59,25.639999
2010-07-22,24.370001,24.85,23.719999,24.629999
2010-07-23,24.790001,25.17,23.32,23.469999
2010-07-26,24.370001,24.610001,22.700001,22.73
2010-07-27,21.889999,23.57,21.860001,23.190001
2010-07-28,23.93,24.540001,22.24,24.25
2010-07-29,23.4,25.540001,23.040001,24.129999
2010-07-30,25.469999,27.32,23.35,23.5
2010-08-02,23.07,23.24,21.74,22.01
2010-08-03,22.440001,23.059999,21.98,22.629999
2010-08-04,22.690001,23.690001,22.16,22.209999
2010-08-05,23.040001,23.129999,22.07,22.1
2010-08-06,23.34,23.889999,21.719999,21.74
2010-08-09,21.85,22.870001,21.360001,22.139999
2010-08-10,23.299999,24.24,22.17,22.370001
2010-08-11,24.959999,26.1,24.959999,25.389999
2010-08-12,27.209999,27.209999,25.18,25.73
2010-08-13,26.08,26.26,25.450001,26.24
2010-08-16,27.41,28.1,25.379999,26.1
2010-08-17,24.719999,24.889999,23.709999,24.33
2010-08-18,24.299999,25.23,23.4,24.59
2010-08-19,24.48,26.780001,24.26,26.440001
2010-08-20,26.73,27.0,25.49,25.49
2010-08-23,25.969999,25.969999,24.620001,25.66
2010-08-24,27.91,28.77,26.32,27.459999
2010-08-25,28.299999,28.92,26.459999,26.700001
2010-08-26,26.450001,27.549999,25.860001,27.370001
2010-08-27,26.5,28.110001,24.41,24.450001
2010-08-30,25.879999,27.209999,25.41,27.209999
2010-08-31,27.58,27.83,25.93,26.049999
2010-09-01,25.129999,25.129999,23.860001,23.889999
2010-09-02,24.23,24.309999,23.15,23.190001
2010-09-03,21.99,22.780001,21.24,21.309999
2010-09-07,22.77,23.940001,22.77,23.799999
2010-09-08,23.51,23.559999,22.92,23.25
2010-09-09,22.219999,23.24,22.139999,22.809999
2010-09-10,22.639999,22.870001,21.76,21.99
2010-09-13,21.059999,22.049999,20.93,21.209999
2010-09-14,21.690001,21.969999,20.85,21.559999
2010-09-15,22.549999,22.799999,22.1,22.1
2010-09-16,22.65,22.83,21.709999,21.719999
2010-09-17,21.65,22.559999,21.629999,22.01
2010-09-20,22.469999,22.58,21.25,21.5
2010-09-21,21.540001,22.59,21.42,22.35
2010-09-22,22.559999,23.190001,21.91,22.51
2010-09-23,23.91,24.059999,22.559999,23.870001
2010-09-24,22.610001,22.610001,21.709999,21.709999
2010-09-27,22.58,22.75,21.969999,22.540001
2010-09-28,22.92,24.280001,22.4,22.6
2010-09-29,23.139999,23.450001,22.719999,23.25
2010-09-30,22.85,24.52,22.389999,23.700001
2010-10-01,22.9,23.67,22.459999,22.5
2010-10-04,23.629999,24.34,23.299999,23.530001
2010-10-05,22.52,23.08,21.709999,21.76
2010-10-06,21.82,22.129999,21.459999,21.49
2010-10-07,21.309999,22.16,21.280001,21.559999
2010-10-08,21.58,21.639999,20.290001,20.709999
2010-10-11,19.33,19.51,18.799999,18.959999
2010-10-12,20.0,20.1,18.549999,18.93
2010-10-13,17.92,19.16,17.9,19.07
2010-10-14,19.59,21.02,19.4,19.879999
2010-10-15,20.200001,21.59,19.02,19.030001
2010-10-18,20.43,20.709999,18.879999,19.09
2010-10-19,20.700001,21.35,19.33,20.629999
2010-10-20,21.200001,21.200001,19.67,19.790001
2010-10-21,19.700001,20.530001,18.93,19.27
2010-10-22,19.360001,19.360001,18.76,18.780001
2010-10-25,19.219999,19.879999,18.860001,19.85
2010-10-26,20.52,21.01,20.219999,20.219999
2010-10-27,21.110001,22.370001,20.690001,20.709999
2010-10-28,20.280001,21.41,20.18,20.879999
2010-10-29,21.200001,21.4,20.860001,21.200001
2010-11-01,21.65,22.540001,20.92,21.83
2010-11-02,21.34,21.82,21.219999,21.57
2010-11-03,21.66,22.02,19.540001,19.559999
2010-11-04,18.030001,18.799999,17.969999,18.52
2010-11-05,18.07,18.440001,17.92,18.26
2010-11-08,19.33,19.35,18.209999,18.290001
2010-11-09,18.51,19.389999,17.83,19.08
2010-11-10,18.940001,19.959999,18.41,18.469999
2010-11-11,19.440001,19.75,18.48,18.639999
2010-11-12,19.59,21.23,19.290001,20.610001
2010-11-15,20.33,20.370001,19.139999,20.200001
2010-11-16,21.26,23.07,20.950001,22.58
2010-11-17,22.190001,22.209999,21.219999,21.76
2010-11-18,20.309999,20.309999,18.75,18.75
2010-11-19,19.15,19.719999,17.76,18.040001
2010-11-22,19.450001,20.139999,18.35,18.370001
2010-11-23,20.25,21.450001,20.24,20.629999
2010-11-24,19.42,19.610001,18.73,19.559999
2010-11-26,21.17,22.219999,20.280001,22.219999
2010-11-29,23.15,23.84,21.379999,21.530001
2010-11-30,23.27,23.790001,22.42,23.540001
2010-12-01,21.190001,21.43,20.4,21.360001
2010-12-02,21.129999,21.129999,19.1,19.389999
2010-12-03,19.26,19.280001,17.709999,18.01
2010-12-06,18.799999,18.85,17.950001,18.02
2010-12-07,17.129999,18.15,17.129999,17.99
2010-12-08,17.969999,18.32,17.690001,17.74
2010-12-09,17.32,17.84,17.24,17.25
2010-12-10,17.059999,17.629999,17.059999,17.610001
2010-12-13,16.82,17.67,16.68,17.549999
2010-12-14,17.6,17.950001,17.219999,17.610001
2010-12-15,17.99,18.139999,17.370001,17.940001
2010-12-16,18.030001,18.27,16.879999,17.389999
2010-12-17,17.620001,17.639999,15.46,16.110001
2010-12-20,16.219999,16.860001,15.78,16.41
2010-12-21,16.200001,16.620001,16.08,16.49
2010-12-22,16.52,16.559999,15.45,15.45
2010-12-23,15.44,16.860001,15.4,16.469999
2010-12-27,18.26,18.32,17.66,17.67
2010-12-28,17.299999,17.99,17.299999,17.52
2010-12-29,17.49,17.49,17.02,17.280001
2010-12-30,17.65,17.889999,17.459999,17.52
2010-12-31,17.91,18.129999,17.75,17.75
2011-01-03,17.940001,17.950001,16.91,17.610001
2011-01-04,17.34,18.24,17.33,17.379999
2011-01-05,17.809999,17.950001,16.860001,17.02
2011-01-06,16.799999,17.559999,16.790001,17.4
2011-01-07,17.309999,18.07,16.57,17.139999
2011-01-10,18.35,18.629999,17.540001,17.540001
2011-01-11,16.610001,17.35,16.6,16.889999
2011-01-12,16.26,16.5,16.17,16.24
2011-01-13,16.51,16.780001,16.139999,16.389999
2011-01-14,16.67,16.709999,15.37,15.46
2011-01-18,16.190001,16.200001,15.71,15.87
2011-01-19,15.89,17.67,15.86,17.309999
2011-01-20,17.809999,18.85,17.65,17.99
2011-01-21,17.030001,18.610001,16.6,18.469999
2011-01-24,18.780001,18.93,17.559999,17.65
2011-01-25,18.219999,18.549999,17.59,17.59
2011-01-26,17.0,17.42,16.59,16.639999
2011-01-27,16.84,16.889999,15.81,16.15
2011-01-28,15.94,20.08,15.92,20.040001
2011-01-31,19.610001,19.959999,17.1,19.530001
2011-02-01,18.59,18.629999,17.4,17.629999
2011-02-02,17.82,17.84,17.280001,17.299999
2011-02-03,17.530001,17.799999,16.610001,16.690001
2011-02-04,16.639999,16.74,15.89,15.93
2011-02-07,16.139999,16.540001,15.84,16.280001
2011-02-08,16.290001,16.6,14.86,15.81
2011-02-09,16.27,16.52,15.86,15.87
2011-02-10,16.74,17.07,16.0,16.09
2011-02-11,16.530001,16.530001,15.55,15.69
2011-02-14,16.07,16.26,15.22,15.95
2011-02-15,16.299999,16.75,16.27,16.370001
2011-02-16,16.309999,16.74,15.84,16.719999
2011-02-17,17.01,17.299999,15.88,16.59
2011-02-18,16.59,16.91,15.54,16.43
2011-02-22,19.459999,21.450001,18.379999,20.799999
2011-02-23,20.84,23.219999,20.299999,22.129999
2011-02-24,22.280001,22.709999,20.809999,21.32
2011-02-25,20.41,20.440001,18.879999,19.219999
2011-02-28,19.120001,19.27,18.139999,18.35
2011-03-01,17.629999,21.01,17.629999,21.01
2011-03-02,20.73,21.139999,19.620001,20.700001
2011-03-03,19.27,19.27,18.25,18.6
2011-03-04,18.559999,20.33,18.309999,19.059999
2011-03-07,19.370001,21.77,18.950001,20.66
2011-03-08,20.58,21.059999,19.15,19.82
2011-03-09,20.049999,20.959999,19.41,20.219999
2011-03-10,21.370001,22.25,20.34,21.879999
2011-03-11,21.719999,21.75,19.969999,20.08
2011-03-14,21.790001,22.74,20.92,21.129999
2011-03-15,25.66,25.719999,23.309999,24.32
2011-03-16,24.65,31.280001,24.040001,29.4
2011-03-17,26.940001,27.540001,25.440001,26.370001
2011-03-18,23.9,24.85,23.09,24.440001
2011-03-21,22.1,22.16,20.219999,20.610001
2011-03-22,20.530001,20.59,19.969999,20.209999
2011-03-23,20.59,21.049999,18.190001,19.17
2011-03-24,18.450001,18.99,17.870001,18.0
2011-03-25,17.870001,18.08,17.07,17.91
2011-03-28,18.309999,19.440001,17.959999,19.440001
2011-03-29,19.17,19.780001,18.0,18.16
2011-03-30,17.82,17.889999,17.25,17.709999
2011-03-31,17.9,17.950001,17.41,17.74
2011-04-01,16.68,17.620001,16.440001,17.4
2011-04-04,17.629999,17.85,17.389999,17.5
2011-04-05,17.870001,17.870001,16.5,17.25
2011-04-06,16.75,17.15,16.5,16.9
2011-04-07,16.92,17.77,16.49,17.110001
2011-04-08,16.51,18.33,16.51,17.870001
2011-04-11,16.74,17.049999,16.219999,16.59
2011-04-12,17.58,18.459999,16.879999,17.09
2011-04-13,16.33,17.379999,16.200001,16.92
2011-04-14,17.77,18.08,16.08,16.27
2011-04-15,15.97,15.98,14.92,15.32
2011-04-18,18.299999,19.07,16.809999,16.959999
2011-04-19,16.620001,16.719999,15.69,15.83
2011-04-20,14.31,15.39,14.3,15.07
2011-04-21,14.71,15.23,14.4,14.69
2011-04-25,15.64,16.059999,15.5,15.77
2011-04-26,15.36,15.66,15.07,15.62
2011-04-27,15.37,16.42,15.13,15.35
2011-04-28,15.54,15.54,14.27,14.62
2011-04-29,14.56,14.99,14.49,14.75
2011-05-02,15.07,16.129999,15.07,15.99
2011-05-03,16.35,17.290001,16.129999,16.700001
2011-05-04,16.84,17.719999,16.83,17.08
2011-05-05,17.68,19.110001,16.74,18.200001
2011-05-06,17.17,19.290001,16.120001,18.4
2011-05-09,18.59,18.59,17.040001,17.16
2011-05-10,16.84,16.9,15.79,15.91
2011-05-11,16.27,17.49,16.23,16.950001
2011-05-12,17.27,17.889999,16.030001,16.030001
2011-05-13,16.02,17.559999,15.98,17.07
2011-05-16,17.860001,18.25,16.610001,18.24
2011-05-17,18.540001,19.09,17.469999,17.549999
2011-05-18,17.559999,17.68,16.030001,16.23
2011-05-19,15.9,16.559999,15.5,15.52
2011-05-20,15.88,17.43,15.7,17.43
2011-05-23,20.030001,20.030001,17.469999,18.27
2011-05-24,18.07,18.190001,17.0,17.82
2011-05-25,18.26,18.26,16.700001,17.07
2011-05-26,17.17,17.459999,15.9,16.09
2011-05-27,16.110001,16.27,15.36,15.98
2011-05-31,15.85,16.5,15.15,15.45
2011-06-01,15.95,18.48,15.95,18.299999
2011-06-02,17.92,18.719999,17.389999,18.09
2011-06-03,18.23,19.870001,17.120001,17.950001
2011-06-06,18.42,18.65,17.65,18.49
2011-06-07,18.129999,18.48,17.389999,18.07
2011-06-08,18.15,18.83,17.719999,18.790001
2011-06-09,18.200001,18.309999,17.26,17.77
2011-06-10,17.93,19.16,17.93,18.860001
2011-06-13,19.1,20.02,18.41,19.610001
2011-06-14,18.559999,18.559999,17.799999,18.26
2011-06-15,19.309999,21.66,19.030001,21.32
2011-06-16,21.370001,24.65,20.809999,22.73
2011-06-17,21.559999,22.389999,20.35,21.85
2011-06-20,22.99,23.08,19.99,19.99
2011-06-21,19.459999,19.459999,17.719999,18.860001
2011-06-22,18.860001,18.9,17.719999,18.52
2011-06-23,20.23,21.5,19.219999,19.290001
2011-06-24,19.200001,21.280001,19.1,21.1
2011-06-27,21.6,21.82,20.27,20.559999
2011-06-28,20.299999,20.450001,19.17,19.17
2011-06-29,18.620001,18.83,16.32,17.27
2011-06-30,16.67,16.77,15.88,16.52
2011-07-01,16.059999,16.290001,15.12,15.87
2011-07-05,16.32,16.5,15.89,16.059999
2011-07-06,16.459999,17.08,16.32,16.34
2011-07-07,15.3,16.129999,15.3,15.95
2011-07-08,17.139999,17.139999,15.95,15.95
2011-07-11,17.440001,19.059999,17.16,18.389999
2011-07-12,19.549999,20.129999,18.25,19.870001
2011-07-13,19.08,20.16,18.09,19.91
2011-07-14,20.08,21.58,19.35,20.799999
2011-07-15,20.25,21.68,19.52,19.530001
2011-07-18,21.25,21.93,20.9,20.950001
2011-07-19,20.139999,20.43,19.120001,19.209999
2011-07-20,18.809999,19.65,18.610001,19.09
2011-07-21,18.610001,18.629999,17.15,17.559999
2011-07-22,17.219999,17.950001,17.139999,17.52
2011-07-25,19.26,19.5,18.73,19.35
2011-07-26,19.75,20.5,19.559999,20.23
2011-07-27,20.870001,23.200001,20.870001,22.98
2011-07-28,22.83,23.99,21.200001,23.74
2011-07-29,25.280001,25.940001,23.65,25.25
2011-08-01,22.629999,25.629999,22.459999,23.66
2011-08-02,24.219999,24.790001,22.65,24.790001
2011-08-03,23.58,25.23,22.76,23.379999
2011-08-04,24.57,32.07,24.309999,31.66
2011-08-05,28.48,39.25,27.540001,32.0
2011-08-08,36.900002,48.0,35.290001,48.0
2011-08-09,42.119999,47.560001,34.279999,35.060001
2011-08-10,39.330002,44.41,37.34,42.990002
2011-08-11,41.939999,42.880001,37.5,39.0
2011-08-12,37.080002,37.849998,34.009998,36.360001
2011-08-15,34.73,34.830002,31.469999,31.870001
2011-08-16,33.360001,34.490002,31.68,32.849998
2011-08-17,32.09,33.32,30.809999,31.58
2011-08-18,36.77,45.279999,36.689999,42.669998
2011-08-19,45.34,45.400002,39.990002,43.049999
2011-08-22,38.799999,43.580002,38.779999,42.439999
2011-08-23,41.889999,42.540001,35.830002,36.27
2011-08-24,37.119999,37.380001,34.549999,35.900002
2011-08-25,34.43,40.139999,34.049999,39.759998
2011-08-26,41.18,43.84,34.330002,35.59
2011-08-29,33.810001,33.810001,32.209999,32.279999
2011-08-30,32.970001,33.549999,31.549999,32.889999
2011-08-31,31.200001,32.529999,30.16,31.620001
2011-09-01,31.91,32.380001,30.76,31.82
2011-09-02,34.290001,34.740002,32.700001,33.919998
2011-09-06,39.84,39.860001,37.0,37.0
2011-09-07,34.240002,34.700001,33.380001,33.380001
2011-09-08,34.41,34.709999,32.790001,34.32
2011-09-09,35.529999,40.740002,35.529999,38.52
2011-09-12,42.560001,43.18,38.580002,38.59
2011-09-13,38.68,39.43,36.689999,36.91
2011-09-14,36.59,37.759998,33.400002,34.599998
2011-09-15,33.43,33.98,31.75,31.969999
2011-09-16,31.809999,32.48,30.43,30.98
2011-09-19,34.799999,35.330002,32.349998,32.73
2011-09-20,32.419998,33.139999,31.450001,32.860001
2011-09-21,33.0,37.32,32.450001,37.32
2011-09-22,41.0,43.869999,39.330002,41.349998
2011-09-23,42.169998,42.82,40.419998,41.25
2011-09-26,40.990002,43.34,39.02,39.02
2011-09-27,36.59,38.57,35.32,37.709999
2011-09-28,37.700001,41.240002,36.650002,41.080002
2011-09-29,38.619999,42.0,38.029999,38.84
2011-09-30,40.93,42.990002,39.880001,42.959999
2011-10-03,44.25,45.549999,41.509998,45.450001
2011-10-04,46.18,46.880001,40.02,40.82
2011-10-05,40.73,41.200001,37.509998,37.810001
2011-10-06,38.240002,38.740002,36.150002,36.27
2011-10-07,35.669998,37.82,35.189999,36.200001
2011-10-10,35.450001,35.450001,32.959999,33.02
2011-10-11,33.950001,34.240002,32.619999,32.860001
2011-10-12,31.57,31.93,29.790001,31.26
2011-10-13,31.99,32.759998,30.48,30.700001
2011-10-14,29.07,29.959999,28.08,28.24
2011-10-17,30.35,33.389999,30.120001,33.389999
2011-10-18,33.369999,34.709999,29.690001,31.559999
2011-10-19,32.919998,35.470001,31.91,34.439999
2011-10-20,34.439999,36.869999,34.16,34.779999
2011-10-21,32.759998,32.98,31.32,31.32
2011-10-24,31.67,31.700001,28.84,29.26
2011-10-25,30.68,32.459999,30.32,32.220001
2011-10-26,30.440001,33.299999,29.629999,29.860001
2011-10-27,24.719999,26.459999,24.700001,25.459999
2011-10-28,26.02,26.02,24.440001,24.530001
2011-10-31,27.09,29.969999,27.01,29.959999
2011-11-01,36.029999,37.529999,33.869999,34.77
2011-11-02,33.529999,34.27,32.549999,32.740002
2011-11-03,31.379999,34.650002,30.209999,30.5
2011-11-04,31.459999,32.560001,30.139999,30.16
2011-11-07,31.4,32.150002,29.85,29.85
2011-11-08,29.34,30.49,27.469999,27.48
2011-11-09,31.32,36.43,30.98,36.16
2011-11-10,33.09,35.5,32.119999,32.810001
2011-11-11,29.91,30.42,29.450001,30.040001
2011-11-14,31.42,32.849998,31.129999,31.129999
2011-11-15,31.74,32.549999,30.4,31.219999
2011-11-16,32.66,33.509998,30.540001,33.509998
2011-11-17,33.150002,36.459999,32.889999,34.509998
2011-11-18,33.16,33.990002,31.92,32.0
2011-11-21,34.59,35.290001,32.529999,32.91
2011-11-22,33.119999,33.389999,31.280001,31.969999
2011-11-23,32.91,34.57,32.68,33.98
2011-11-25,34.610001,34.77,33.119999,34.470001
2011-11-28,31.93,33.110001,29.469999,32.130001
2011-11-29,31.76,32.02,30.559999,30.639999
2011-11-30,27.719999,28.5,27.030001,27.799999
2011-12-01,27.629999,27.889999,26.639999,27.41
2011-12-02,26.26,27.620001,25.290001,27.52
2011-12-05,26.74,28.309999,26.0,27.84
2011-12-06,27.91,28.129999,27.41,28.129999
2011-12-07,28.610001,29.58,28.440001,28.67
2011-12-08,29.629999,30.91,29.02,30.59
2011-12-09,29.610001,29.610001,26.290001,26.379999
2011-12-12,26.780001,27.73,25.639999,25.67
2011-12-13,24.719999,26.280001,23.27,25.41
2011-12-14,26.16,27.549999,25.76,26.040001
2011-12-15,24.379999,25.280001,23.879999,25.110001
2011-12-16,24.16,25.02,23.51,24.290001
2011-12-19,25.139999,25.379999,24.379999,24.92
2011-12-20,23.559999,23.58,22.540001,23.219999
2011-12-21,22.52,23.940001,21.120001,21.43
2011-12-22,21.08,21.33,20.34,21.16
2011-12-23,21.1,21.209999,20.719999,20.73
2011-12-27,22.58,22.66,21.68,21.91
2011-12-28,22.120001,23.559999,22.110001,23.52
2011-12-29,23.52,23.52,22.65,22.65
2011-12-30,22.860001,23.459999,22.65,23.4
2012-01-03,22.950001,23.1,22.540001,22.969999
2012-01-04,23.440001,23.73,22.219999,22.219999
2012-01-05,22.75,23.09,21.34,21.48
2012-01-06,21.24,21.719999,20.58,20.629999
2012-01-09,21.67,21.780001,21.0,21.07
2012-01-10,20.139999,20.690001,20.049999,20.690001
2012-01-11,21.18,21.219999,20.98,21.049999
2012-01-12,21.01,22.030001,20.459999,20.469999
2012-01-13,21.41,22.43,20.91,20.91
2012-01-17,20.9,22.25,20.690001,22.200001
2012-01-18,23.200001,23.440001,20.780001,20.889999
2012-01-19,20.49,20.870001,19.450001,19.870001
2012-01-20,19.91,19.940001,18.16,18.280001
2012-01-23,19.219999,19.309999,18.549999,18.67
2012-01-24,19.76,20.0,18.629999,18.91
2012-01-25,19.35,19.549999,17.15,18.309999
2012-01-26,17.959999,19.17,16.799999,18.57
2012-01-27,19.16,19.16,18.26,18.530001
2012-01-30,20.33,20.33,19.379999,19.4
2012-01-31,19.07,19.84,18.129999,19.440001
2012-02-01,18.68,18.82,17.99,18.549999
2012-02-02,18.379999,18.5,17.98,17.98
2012-02-03,16.84,17.32,16.1,17.1
2012-02-06,17.98,18.02,16.110001,17.76
2012-02-07,17.93,18.1,17.5,17.65
2012-02-08,17.790001,18.459999,17.530001,18.16
2012-02-09,18.120001,18.719999,18.07,18.629999
2012-02-10,20.1,21.98,19.02,20.790001
2012-02-13,19.639999,19.68,17.92,19.040001
2012-02-14,19.450001,20.76,18.950001,19.540001
2012-02-15,19.74,21.77,19.440001,21.139999
2012-02-16,21.59,21.76,19.219999,19.219999
2012-02-17,18.73,18.790001,17.540001,17.780001
2012-02-21,18.41,18.940001,17.65,18.190001
2012-02-22,18.85,18.940001,17.74,18.190001
2012-02-23,18.73,18.969999,16.639999,16.799999
2012-02-24,16.68,17.620001,16.42,17.309999
2012-02-27,19.1,19.25,17.58,18.190001
2012-02-28,18.67,18.67,17.879999,17.959999
2012-02-29,17.799999,18.75,17.530001,18.43
2012-03-01,18.02,18.030001,17.26,17.26
2012-03-02,17.65,17.65,17.139999,17.290001
2012-03-05,18.27,18.9,18.02,18.049999
2012-03-06,20.57,21.24,20.299999,20.870001
2012-03-07,20.43,20.440001,19.07,19.07
2012-03-08,18.08,18.459999,17.76,17.950001
2012-03-09,17.16,17.540001,16.629999,17.110001
2012-03-12,15.79,16.67,15.23,15.64
2012-03-13,14.0,16.08,13.99,14.8
2012-03-14,14.42,16.190001,14.39,15.31
2012-03-15,15.32,16.059999,14.58,15.42
2012-03-16,14.43,15.24,13.66,14.47
2012-03-19,15.42,15.43,14.54,15.04
2012-03-20,15.82,15.95,15.11,15.58
2012-03-21,14.72,15.31,14.19,15.13
2012-03-22,16.040001,16.58,15.56,15.57
2012-03-23,15.65,16.389999,14.69,14.82
2012-03-26,14.51,15.03,14.26,14.26
2012-03-27,14.52,15.59,14.14,15.59
2012-03-28,15.58,17.27,15.4,15.47
2012-03-29,16.84,17.200001,15.39,15.48
2012-03-30,14.88,15.98,14.67,15.5
2012-04-02,16.35,16.58,15.02,15.64
2012-04-03,15.61,16.65,15.56,15.66
2012-04-04,17.07,17.74,16.309999,16.440001
2012-04-05,17.02,17.129999,16.290001,16.700001
2012-04-09,18.940001,18.940001,17.93,18.809999
2012-04-10,19.1,21.059999,18.620001,20.389999
2012-04-11,19.219999,20.120001,18.73,20.02
2012-04-12,19.629999,19.74,17.200001,17.200001
2012-04-13,17.950001,19.620001,17.85,19.549999
2012-04-16,18.870001,20.42,18.6,19.549999
2012-04-17,18.66,18.66,17.58,18.459999
2012-04-18,19.02,19.17,17.700001,18.639999
2012-04-19,18.51,19.690001,17.690001,18.360001
2012-04-20,17.92,18.049999,16.969999,17.440001
2012-04-23,20.219999,20.27,18.950001,18.969999
2012-04-24,19.219999,19.219999,18.09,18.1
2012-04-25,17.049999,17.379999,16.82,16.82
2012-04-26,16.969999,17.040001,15.75,16.24
2012-04-27,15.83,16.469999,15.83,16.32
2012-04-30,17.040001,17.41,16.92,17.15
2012-05-01,17.27,17.49,16.01,16.6
2012-05-02,17.25,17.629999,16.780001,16.879999
2012-05-03,16.9,17.92,16.73,17.559999
2012-05-04,18.030001,19.280001,17.809999,19.16
2012-05-07,19.799999,19.870001,18.41,18.940001
2012-05-08,19.440001,20.91,17.950001,19.049999
2012-05-09,20.65,21.59,19.379999,20.08
2012-05-10,19.25,19.879999,18.77,18.83
2012-05-11,19.93,19.940001,18.620001,19.889999
2012-05-14,21.469999,21.870001,20.940001,21.870001
2012-05-15,21.43,22.700001,20.76,21.969999
2012-05-16,21.540001,22.690001,20.83,22.27
2012-05-17,21.99,24.51,21.870001,24.49
2012-05-18,23.27,25.139999,23.07,25.1
2012-05-21,24.879999,24.879999,22.01,22.01
2012-05-22,21.76,23.190001,19.98,22.48
2012-05-23,23.32,24.620001,21.99,22.33
2012-05-24,22.0,23.219999,21.48,21.540001
2012-05-25,22.049999,22.290001,21.299999,21.76
2012-05-29,21.700001,22.469999,20.99,21.030001
2012-05-30,22.68,24.139999,22.66,24.139999
2012-05-31,23.83,25.459999,22.780001,24.059999
2012-06-01,25.870001,26.709999,23.940001,26.66
2012-06-04,26.35,27.73,25.719999,26.120001
2012-06-05,25.9,25.9,24.5,24.68
2012-06-06,23.76,23.889999,21.799999,22.16
2012-06-07,21.0,22.48,20.74,21.719999
2012-06-08,22.540001,23.1,20.290001,21.23
2012-06-11,19.870001,23.559999,19.629999,23.559999
2012-06-12,23.15,23.9,22.09,22.09
2012-06-13,22.93,24.93,22.66,24.27
2012-06-14,24.190001,24.809999,21.549999,21.68
2012-06-15,22.469999,23.09,20.610001,21.110001
2012-06-18,21.76,21.98,18.24,18.32
2012-06-19,17.66,18.620001,17.360001,18.379999
2012-06-20,17.959999,20.049999,17.09,17.24
2012-06-21,16.889999,20.48,16.77,20.08
2012-06-22,18.65,19.370001,17.9,18.110001
2012-06-25,20.469999,21.360001,19.889999,20.379999
2012-06-26,20.01,20.57,19.42,19.719999
2012-06-27,19.549999,20.120001,19.379999,19.450001
2012-06-28,20.33,21.190001,19.6,19.709999
2012-06-29,17.52,19.709999,16.870001,17.08
2012-07-02,17.620001,18.190001,16.66,16.799999
2012-07-03,16.67,16.92,16.27,16.66
2012-07-05,17.610001,18.219999,17.18,17.5
2012-07-06,18.200001,18.25,16.950001,17.1
2012-07-09,18.17,18.32,17.73,17.98
2012-07-10,17.51,19.190001,17.290001,18.719999
2012-07-11,17.98,19.17,17.84,17.950001
2012-07-12,18.82,19.51,17.75,18.33
2012-07-13,17.780001,17.82,16.360001,16.74
2012-07-16,17.309999,17.32,16.459999,17.110001
2012-07-17,16.719999,17.459999,16.09,16.48
2012-07-18,16.809999,16.809999,15.69,16.16
2012-07-19,16.059999,16.700001,15.45,15.45
2012-07-20,16.65,17.049999,15.97,16.27
2012-07-23,20.41,20.49,18.34,18.620001
2012-07-24,18.379999,21.0,18.370001,20.469999
2012-07-25,19.790001,20.67,18.99,19.34
2012-07-26,17.68,18.469999,17.07,17.530001
2012-07-27,17.110001,17.299999,16.52,16.700001
2012-07-30,17.549999,18.08,17.23,18.030001
2012-07-31,18.4,19.09,18.26,18.93
2012-08-01,18.799999,19.18,18.200001,18.959999
2012-08-02,19.049999,19.25,17.559999,17.57
2012-08-03,16.049999,16.450001,15.64,15.64
2012-08-06,15.85,16.27,15.82,15.95
2012-08-07,15.55,16.030001,15.48,15.99
2012-08-08,16.459999,16.469999,15.27,15.32
2012-08-09,15.39,15.67,15.28,15.28
2012-08-10,15.34,15.5,14.73,14.74
2012-08-13,14.09,14.67,13.67,13.7
2012-08-14,13.91,15.06,13.91,14.85
2012-08-15,14.82,14.98,14.36,14.63
2012-08-16,14.88,15.15,14.28,14.29
2012-08-17,14.23,14.3,13.3,13.45
2012-08-20,14.11,14.78,13.38,14.02
2012-08-21,14.1,15.44,13.46,15.02
2012-08-22,15.32,15.52,14.75,15.11
2012-08-23,15.0,16.450001,15.0,15.96
2012-08-24,15.99,16.0,15.18,15.18
2012-08-27,16.15,16.379999,15.75,16.35
2012-08-28,16.32,16.92,16.01,16.49
2012-08-29,16.610001,17.059999,16.5,17.059999
2012-08-30,17.48,18.049999,17.440001,17.83
2012-08-31,17.25,18.040001,16.559999,17.469999
2012-09-04,18.65,18.959999,17.85,17.98
2012-09-05,17.379999,17.84,16.99,17.74
2012-09-06,17.299999,17.299999,15.6,15.6
2012-09-07,15.6,15.6,14.33,14.38
2012-09-10,14.27,16.280001,13.97,16.280001
2012-09-11,16.110001,16.41,15.46,16.41
2012-09-12,15.59,16.309999,15.43,15.8
2012-09-13,15.6,16.540001,13.91,14.05
2012-09-14,13.82,14.71,13.51,14.51
2012-09-17,14.67,14.92,14.38,14.59
2012-09-18,14.51,14.88,13.97,14.18
2012-09-19,13.95,14.08,13.61,13.88
2012-09-20,14.63,14.67,14.07,14.07
2012-09-21,13.94,14.18,13.69,13.98
2012-09-24,15.06,15.06,13.87,14.15
2012-09-25,14.19,15.72,14.03,15.43
2012-09-26,15.83,17.08,15.83,16.809999
2012-09-27,16.379999,16.5,14.83,14.84
2012-09-28,15.23,15.77,14.95,15.73
2012-10-01,16.030001,16.530001,15.13,16.32
2012-10-02,15.85,16.5,15.7,15.71
2012-10-03,15.63,16.02,15.13,15.43
2012-10-04,15.23,15.33,14.53,14.55
2012-10-05,13.68,14.78,13.67,14.33
2012-10-08,15.19,15.46,15.04,15.11
2012-10-09,15.28,16.4,15.18,16.370001
2012-10-10,16.52,16.790001,16.129999,16.290001
2012-10-11,15.33,15.8,15.31,15.59
2012-10-12,15.41,16.18,14.96,16.139999
2012-10-15,16.049999,16.209999,15.23,15.27
2012-10-16,14.84,15.23,14.5,15.22
2012-10-17,15.43,15.63,14.9,15.07
2012-10-18,15.25,15.5,14.68,15.03
2012-10-19,14.91,17.6,14.9,17.059999
2012-10-22,17.440001,17.98,16.620001,16.620001
2012-10-23,18.23,19.65,18.17,18.83
2012-10-24,18.219999,18.67,17.93,18.33
2012-10-25,17.559999,18.639999,17.299999,18.120001
2012-10-26,18.030001,18.639999,17.52,17.809999
2012-10-31,17.68,18.84,17.559999,18.6
2012-11-01,17.77,17.790001,16.450001,16.690001
2012-11-02,16.059999,17.6,16.049999,17.59
2012-11-05,18.33,18.700001,18.129999,18.42
2012-11-06,18.16,18.17,17.190001,17.58
2012-11-07,17.719999,19.4,17.620001,19.08
2012-11-08,18.690001,18.690001,17.959999,18.49
2012-11-09,18.799999,18.809999,17.67,18.610001
2012-11-12,18.15,18.15,16.450001,16.68
2012-11-13,17.360001,17.379999,16.120001,16.65
2012-11-14,16.32,18.049999,15.93,17.92
2012-11-15,17.74,18.639999,17.620001,17.99
2012-11-16,17.65,18.5,16.41,16.41
2012-11-19,15.88,15.98,15.1,15.24
2012-11-20,15.11,15.65,15.06,15.08
2012-11-21,14.96,15.43,14.77,15.31
2012-11-23,15.0,15.26,15.0,15.14
2012-11-26,15.63,15.84,15.47,15.5
2012-11-27,15.3,15.93,15.01,15.92
2012-11-28,16.43,16.98,15.47,15.51
2012-11-29,15.21,15.51,15.02,15.06
2012-11-30,15.26,16.17,14.89,15.87
2012-12-03,15.81,16.690001,15.76,16.639999
2012-12-04,16.66,17.370001,16.379999,17.120001
2012-12-05,16.950001,17.530001,16.27,16.459999
2012-12-06,16.59,16.85,16.309999,16.58
2012-12-07,16.120001,16.65,15.73,15.9
2012-12-10,16.469999,16.469999,15.96,16.049999
2012-12-11,15.94,16.01,15.42,15.57
2012-12-12,15.6,16.09,15.41,15.95
2012-12-13,15.87,16.67,15.71,16.559999
2012-12-14,16.68,17.15,16.610001,17.0
2012-12-17,17.200001,17.200001,16.209999,16.34
2012-12-18,16.389999,16.43,15.46,15.57
2012-12-19,16.049999,17.459999,16.040001,17.360001
2012-12-20,17.26,17.959999,17.110001,17.67
2012-12-21,19.85,19.93,17.76,17.84
2012-12-24,18.459999,18.66,17.84,17.84
2012-12-26,18.709999,19.629999,18.610001,19.48
2012-12-27,19.389999,20.9,19.110001,19.469999
2012-12-28,20.32,23.23,19.940001,22.719999
2012-12-31,22.139999,22.719999,17.879999,18.02
2013-01-02,15.24,15.93,14.6,14.68
2013-01-03,14.77,14.92,14.24,14.56
2013-01-04,14.23,14.31,13.64,13.83
2013-01-07,14.53,14.53,13.71,13.79
2013-01-08,13.88,14.29,13.62,13.62
2013-01-09,13.32,13.93,13.22,13.81
2013-01-10,13.33,13.88,13.33,13.49
2013-01-11,13.55,13.79,13.22,13.36
2013-01-14,13.66,13.85,13.41,13.52
2013-01-15,13.97,13.99,13.33,13.55
2013-01-16,13.7,13.76,13.2,13.42
2013-01-17,13.45,13.7,13.16,13.57
2013-01-18,13.52,13.53,12.29,12.46
2013-01-22,13.28,13.32,12.43,12.43
2013-01-23,12.67,12.67,12.3,12.46
2013-01-24,12.73,13.5,12.4,12.69
2013-01-25,12.63,12.99,12.5,12.89
2013-01-28,13.29,13.91,13.29,13.57
2013-01-29,13.87,13.88,13.04,13.31
2013-01-30,13.64,14.33,13.6,14.32
2013-01-31,14.43,14.43,14.04,14.28
2013-02-01,13.37,13.38,12.72,12.9
2013-02-04,14.0,14.75,13.8,14.67
2013-02-05,14.21,14.21,13.39,13.72
2013-02-06,14.06,14.08,13.34,13.41
2013-02-07,13.47,14.41,13.43,13.5
2013-02-08,13.2,13.2,12.89,13.02
2013-02-11,13.37,13.42,12.91,12.94
2013-02-12,12.82,13.13,12.63,12.64
2013-02-13,12.88,13.19,12.67,12.98
2013-02-14,13.3,13.32,12.64,12.66
2013-02-15,12.47,12.89,12.24,12.46
2013-02-19,12.81,12.85,12.08,12.31
2013-02-20,12.32,14.68,12.32,14.68
2013-02-21,14.68,16.209999,14.67,15.22
2013-02-22,14.6,15.02,14.16,14.17
2013-02-25,13.69,19.280001,13.57,18.99
2013-02-26,17.5,18.23,16.75,16.870001
2013-02-27,16.57,16.6,14.42,14.73
2013-02-28,15.0,15.6,14.16,15.51
2013-03-01,16.1,16.82,15.14,15.36
2013-03-04,16.16,16.16,14.01,14.01
2013-03-05,13.44,13.66,13.24,13.48
2013-03-06,13.18,13.77,13.17,13.53
2013-03-07,13.45,13.56,13.03,13.06
2013-03-08,12.67,13.3,12.49,12.59
2013-03-11,12.31,12.34,11.5,11.56
2013-03-12,11.79,12.93,11.74,12.27
2013-03-13,12.18,12.55,11.79,11.83
2013-03-14,11.7,11.75,11.05,11.3
2013-03-15,11.52,11.99,11.21,11.3
2013-03-18,13.47,13.64,12.57,13.36
2013-03-19,13.03,15.4,12.92,14.39
2013-03-20,13.18,13.18,12.3,12.67
2013-03-21,13.07,14.21,12.62,13.99
2013-03-22,13.34,13.85,13.19,13.57
2013-03-25,12.85,14.61,12.39,13.74
2013-03-26,12.95,13.21,12.69,12.77
2013-03-27,13.72,13.97,12.97,13.15
2013-03-28,12.91,13.07,12.54,12.7
2013-04-01,13.46,14.05,13.26,13.58
2013-04-02,13.11,13.18,12.76,12.78
2013-04-03,12.65,14.66,12.62,14.21
2013-04-04,14.1,14.79,13.89,13.89
2013-04-05,15.64,15.65,13.86,13.92
2013-04-08,14.04,14.5,13.19,13.19
2013-04-09,13.11,13.68,12.75,12.84
2013-04-10,12.66,12.88,12.32,12.36
2013-04-11,12.55,12.62,12.15,12.24
2013-04-12,12.61,13.12,11.99,12.06
2013-04-15,13.12,17.27,12.66,17.27
2013-04-16,14.72,14.87,13.91,13.96
2013-04-17,15.35,17.9,14.98,16.51
2013-04-18,16.34,18.200001,16.32,17.559999
2013-04-19,16.67,16.98,14.87,14.97
2013-04-22,15.08,16.0,14.04,14.39
2013-04-23,13.81,14.87,13.46,13.48
2013-04-24,13.57,13.75,13.36,13.61
2013-04-25,13.61,13.87,13.13,13.62
2013-04-26,13.94,14.18,13.49,13.61
2013-04-29,13.72,13.94,13.36,13.71
2013-04-30,13.71,14.28,13.51,13.52
2013-05-01,13.88,14.67,13.87,14.49
2013-05-02,14.48,14.48,13.58,13.59
2013-05-03,12.92,13.15,12.77,12.85
2013-05-06,13.06,13.19,12.66,12.66
2013-05-07,12.63,12.96,12.49,12.83
2013-05-08,12.87,13.04,12.62,12.66
2013-05-09,12.91,13.53,12.78,13.13
2013-05-10,13.08,13.45,12.54,12.59
2013-05-13,12.57,12.87,12.49,12.55
2013-05-14,12.61,13.21,12.54,12.77
2013-05-15,12.98,13.43,12.78,12.81
2013-05-16,13.07,13.46,12.79,13.07
2013-05-17,12.73,12.94,12.26,12.45
2013-05-20,13.28,13.28,12.84,13.02
2013-05-21,13.08,13.44,12.89,13.37
2013-05-22,13.45,14.45,13.05,13.82
2013-05-23,14.94,15.11,13.87,14.07
2013-05-24,14.59,14.79,13.99,13.99
2013-05-28,13.67,14.56,13.56,14.48
2013-05-29,15.3,15.65,14.59,14.83
2013-05-30,14.9,14.98,14.27,14.53
2013-05-31,15.02,16.35,14.36,16.299999
2013-06-03,16.4,17.58,16.15,16.280001
2013-06-04,16.16,17.25,15.82,16.27
2013-06-05,16.860001,17.84,16.57,17.5
2013-06-06,17.700001,18.51,16.6,16.629999
2013-06-07,15.9,16.209999,14.96,15.14
2013-06-10,15.16,15.6,15.1,15.44
2013-06-11,16.91,17.139999,16.0,17.07
2013-06-12,16.51,18.6,16.43,18.59
2013-06-13,18.379999,18.58,16.370001,16.41
2013-06-14,16.629999,17.26,16.030001,17.15
2013-06-17,16.530001,17.620001,16.33,16.799999
2013-06-18,16.809999,16.950001,16.459999,16.610001
2013-06-19,16.889999,17.18,15.36,16.639999
2013-06-20,18.4,21.32,18.01,20.49
2013-06-21,18.969999,20.93,18.25,18.9
2013-06-24,20.870001,21.91,18.58,20.110001
2013-06-25,18.65,19.219999,17.82,18.469999
2013-06-26,17.23,18.059999,17.08,17.209999
2013-06-27,16.6,16.969999,16.34,16.860001
2013-06-28,17.25,17.690001,16.190001,16.860001
2013-07-01,16.9,16.9,16.0,16.370001
2013-07-02,16.49,16.93,15.88,16.440001
2013-07-03,17.219999,17.32,16.200001,16.200001
2013-07-05,15.59,16.280001,14.89,14.89
2013-07-08,14.66,15.27,14.66,14.78
2013-07-09,14.33,14.65,14.26,14.35
2013-07-10,14.46,14.62,14.06,14.21
2013-07-11,13.57,14.2,13.57,14.01
2013-07-12,13.9,14.04,13.74,13.84
2013-07-15,13.98,14.11,13.5,13.79
2013-07-16,13.78,14.56,13.78,14.42
2013-07-17,14.2,14.44,13.76,13.78
2013-07-18,13.63,13.8,13.2,13.77
2013-07-19,13.89,13.97,12.54,12.54
2013-07-22,13.23,13.37,12.29,12.29
2013-07-23,12.15,13.06,12.07,12.66
2013-07-24,12.69,13.49,12.69,13.18
2013-07-25,13.47,13.54,12.91,12.97
2013-07-26,13.41,13.73,12.71,12.72
2013-07-29,13.54,13.86,13.38,13.39
2013-07-30,13.45,14.14,13.35,13.39
2013-07-31,13.55,13.83,12.94,13.45
2013-08-01,12.89,13.25,12.82,12.94
2013-08-02,12.66,12.74,11.98,11.98
2013-08-05,12.29,12.42,11.83,11.84
2013-08-06,12.19,12.93,12.06,12.72
2013-08-07,13.17,13.91,12.96,12.98
2013-08-08,12.5,13.13,12.37,12.73
2013-08-09,12.88,13.66,12.71,13.41
2013-08-12,13.52,13.57,12.8,12.81
2013-08-13,12.86,13.37,12.29,12.31
2013-08-14,12.48,13.09,12.35,13.04
2013-08-15,14.14,14.85,13.91,14.73
2013-08-16,14.56,14.88,13.62,14.37
2013-08-19,14.94,15.2,14.35,15.1
2013-08-20,15.22,15.25,14.29,14.91
2013-08-21,16.0,16.559999,14.67,15.94
2013-08-22,15.26,15.26,14.66,14.76
2013-08-23,14.29,14.82,13.98,13.98
2013-08-26,14.37,15.01,13.9,14.99
2013-08-27,16.559999,17.129999,15.82,16.77
2013-08-28,16.959999,17.110001,16.1,16.49
2013-08-29,16.790001,16.98,15.99,16.809999
2013-08-30,16.75,17.809999,16.700001,17.01
2013-09-03,16.469999,17.370001,16.110001,16.610001
2013-09-04,16.879999,17.01,15.77,15.88
2013-09-05,16.120001,16.120001,15.63,15.77
2013-09-06,15.35,16.809999,15.17,15.85
2013-09-09,15.86,16.02,15.22,15.63
2013-09-10,14.89,15.09,14.5,14.53
2013-09-11,14.74,14.74,13.82,13.82
2013-09-12,13.93,14.39,13.73,14.29
2013-09-13,14.27,14.55,14.11,14.16
2013-09-16,14.1,14.49,13.87,14.38
2013-09-17,14.44,14.61,14.28,14.53
2013-09-18,14.68,14.68,13.23,13.59
2013-09-19,13.02,13.39,13.02,13.16
2013-09-20,13.3,13.47,12.52,13.12
2013-09-23,14.04,14.71,14.02,14.31
2013-09-24,14.17,14.37,13.75,14.08
2013-09-25,14.24,14.62,13.89,14.01
2013-09-26,13.8,14.4,13.58,14.06
2013-09-27,14.62,15.79,14.62,15.46
2013-09-30,17.49,17.49,16.16,16.6
2013-10-01,16.309999,16.459999,15.47,15.54
2013-10-02,16.4,16.809999,16.129999,16.6
2013-10-03,16.629999,18.709999,16.629999,17.67
2013-10-04,17.719999,17.870001,16.66,16.74
2013-10-07,18.76,19.41,18.08,19.41
2013-10-08,19.01,21.01,18.98,20.34
2013-10-09,20.190001,21.34,19.040001,19.6
2013-10-10,17.66,17.92,16.290001,16.48
2013-10-11,16.309999,16.379999,15.46,15.72
2013-10-14,17.08,17.74,15.8,16.07
2013-10-15,16.41,18.67,16.16,18.66
2013-10-16,17.139999,17.15,14.67,14.71
2013-10-17,14.52,14.59,12.89,13.48
2013-10-18,12.86,13.53,12.34,13.04
2013-10-21,13.34,13.63,13.07,13.16
2013-10-22,12.99,13.92,12.93,13.33
2013-10-23,13.71,14.21,13.42,13.42
2013-10-24,13.5,13.62,13.15,13.2
2013-10-25,13.16,13.44,13.08,13.09
2013-10-28,13.62,13.72,13.22,13.31
2013-10-29,13.25,13.63,13.06,13.41
2013-10-30,13.72,14.35,13.64,13.65
2013-10-31,13.83,14.02,13.28,13.75
2013-11-01,13.46,13.92,13.22,13.28
2013-11-04,13.35,13.67,12.91,12.93
2013-11-05,13.22,13.64,12.86,13.27
2013-11-06,13.01,13.33,12.67,12.67
2013-11-07,12.99,14.14,12.93,13.91
2013-11-08,13.76,13.8,12.84,12.9
2013-11-11,12.85,12.93,12.4,12.53
2013-11-12,12.8,13.06,12.63,12.82
2013-11-13,13.35,13.35,12.46,12.52
2013-11-14,12.8,12.94,12.28,12.37
2013-11-15,12.12,12.45,11.99,12.19
2013-11-18,12.41,13.22,12.41,13.1
2013-11-19,13.03,13.68,12.88,13.39
2013-11-20,13.56,13.94,12.97,13.4
2013-11-21,13.09,13.09,12.44,12.66
2013-11-22,12.69,12.91,12.24,12.26
2013-11-25,12.55,12.92,12.49,12.79
2013-11-26,12.84,12.99,12.49,12.81
2013-11-27,12.81,12.98,12.44,12.98
2013-11-29,13.06,13.78,12.93,13.7
2013-12-02,13.91,14.31,13.78,14.23
2013-12-03,14.74,15.04,14.43,14.55
2013-12-04,15.03,15.71,14.22,14.7
2013-12-05,14.82,15.38,14.7,15.08
2013-12-06,13.97,14.09,13.62,13.79
2013-12-09,13.97,14.07,13.49,13.49
2013-12-10,14.14,14.22,13.69,13.91
2013-12-11,13.98,15.43,13.98,15.42
2013-12-12,15.44,16.09,15.21,15.54
2013-12-13,15.17,15.8,15.06,15.76
2013-12-16,15.64,16.08,15.3,16.030001
2013-12-17,16.040001,16.67,15.81,16.209999
2013-12-18,15.95,16.75,13.74,13.8
2013-12-19,13.59,14.21,12.89,14.15
2013-12-20,13.61,13.87,13.12,13.79
2013-12-23,13.37,13.53,13.02,13.04
2013-12-24,12.85,12.89,12.48,12.48
2013-12-26,12.48,12.5,11.69,12.33
2013-12-27,12.21,12.59,12.2,12.46
2013-12-30,12.87,13.58,12.83,13.56
2013-12-31,13.43,14.35,13.38,13.72
2014-01-02,14.32,14.59,14.0,14.23
2014-01-03,14.06,14.22,13.57,13.76
2014-01-06,13.41,14.0,13.22,13.55
2014-01-07,12.38,13.28,12.16,12.92
2014-01-08,13.04,13.24,12.86,12.87
2014-01-09,12.83,13.26,12.83,12.89
2014-01-10,12.6,12.9,12.14,12.14
2014-01-13,12.18,13.65,11.82,13.28
2014-01-14,12.89,12.9,11.96,12.28
2014-01-15,12.15,12.4,11.81,12.28
2014-01-16,12.32,12.66,12.28,12.53
2014-01-17,12.34,12.93,12.04,12.44
2014-01-21,12.63,13.42,12.61,12.87
2014-01-22,12.57,13.12,12.55,12.84
2014-01-23,13.67,14.66,13.67,13.77
2014-01-24,14.95,18.139999,14.92,18.139999
2014-01-27,17.290001,18.99,16.85,17.42
2014-01-28,17.27,17.280001,15.8,15.8
2014-01-29,17.950001,18.040001,16.709999,17.35
2014-01-30,16.370001,17.389999,15.96,17.290001
2014-01-31,18.709999,18.99,17.27,18.41
2014-02-03,18.57,21.48,18.34,21.440001
2014-02-04,19.99,20.07,18.440001,19.110001
2014-02-05,19.59,20.719999,19.129999,19.950001
2014-02-06,19.09,19.09,17.09,17.23
2014-02-07,16.15,16.309999,15.09,15.29
2014-02-10,15.63,15.76,15.1,15.26
2014-02-11,15.29,15.29,14.08,14.51
2014-02-12,14.31,14.64,14.02,14.3
2014-02-13,15.24,15.24,13.98,14.14
2014-02-14,14.21,14.22,13.44,13.57
2014-02-18,13.95,14.51,13.77,13.87
2014-02-19,14.85,15.73,14.12,15.5
2014-02-20,15.28,15.8,14.59,14.79
2014-02-21,14.74,14.79,14.19,14.68
2014-02-24,14.83,14.83,13.97,14.23
2014-02-25,14.17,14.83,13.66,13.67
2014-02-26,13.83,14.54,13.73,14.35
2014-02-27,14.56,14.69,13.92,14.04
2014-02-28,14.22,14.79,13.49,14.0
2014-03-03,16.469999,16.780001,15.38,16.0
2014-03-04,14.53,14.54,14.0,14.1
2014-03-05,14.13,14.32,13.81,13.89
2014-03-06,13.82,14.42,13.73,14.21
2014-03-07,13.51,14.43,13.51,14.11
2014-03-10,14.76,15.28,14.2,14.2
2014-03-11,14.22,14.93,13.84,14.8
2014-03-12,15.37,15.64,14.43,14.47
2014-03-13,14.28,16.66,14.24,16.219999
2014-03-14,16.74,18.219999,16.09,17.82
2014-03-17,16.389999,16.4,15.37,15.64
2014-03-18,15.42,15.47,14.16,14.52
2014-03-19,14.56,15.95,13.89,15.12
2014-03-20,15.58,15.62,14.5,14.52
2014-03-21,13.96,15.17,13.77,15.0
2014-03-24,14.7,16.07,14.56,15.09
2014-03-25,14.16,15.05,13.96,14.02
2014-03-26,13.64,15.28,13.46,14.93
2014-03-27,15.0,15.63,14.49,14.62
2014-03-28,14.15,14.86,13.73,14.41
2014-03-31,13.88,14.16,13.57,13.88
2014-04-01,13.43,13.56,13.06,13.1
2014-04-02,13.17,13.35,12.92,13.09
2014-04-03,13.02,13.7,13.02,13.37
2014-04-04,12.88,14.55,12.6,13.96
2014-04-07,14.96,16.01,14.57,15.57
2014-04-08,15.59,16.200001,14.81,14.89
2014-04-09,14.58,14.94,13.7,13.82
2014-04-10,13.98,16.379999,13.81,15.89
2014-04-11,16.66,17.85,15.89,17.030001
2014-04-14,16.139999,17.4,16.1,16.110001
2014-04-15,16.139999,17.5,15.47,15.61
2014-04-16,14.89,15.27,14.05,14.18
2014-04-17,14.09,14.17,13.07,13.36
2014-04-21,14.1,14.11,13.17,13.25
2014-04-22,13.13,13.26,12.9,13.19
2014-04-23,13.35,13.75,13.27,13.27
2014-04-24,13.36,14.08,13.09,13.32
2014-04-25,13.93,14.67,13.91,14.06
2014-04-28,14.27,15.28,13.82,13.97
2014-04-29,13.88,14.24,13.61,13.71
2014-04-30,14.05,14.18,13.34,13.41
2014-05-01,13.64,13.75,13.1,13.25
2014-05-02,13.15,13.5,12.83,12.91
2014-05-05,13.95,14.2,13.08,13.29
2014-05-06,13.65,13.9,13.28,13.8
2014-05-07,13.64,14.49,13.39,13.4
2014-05-08,13.69,13.88,12.92,13.43
2014-05-09,13.55,14.03,12.87,12.92
2014-05-12,12.46,12.58,11.88,12.23
2014-05-13,12.36,12.74,12.05,12.13
2014-05-14,12.42,12.51,12.03,12.17
2014-05-15,12.73,13.77,12.72,13.17
2014-05-16,13.31,13.66,12.26,12.44
2014-05-19,13.17,13.21,12.28,12.42
2014-05-20,12.69,13.3,12.32,12.96
2014-05-21,12.38,12.46,11.8,11.91
2014-05-22,11.93,12.09,11.68,12.03
2014-05-23,11.96,11.97,11.36,11.36
2014-05-27,11.69,11.84,11.5,11.51
2014-05-28,11.6,11.86,11.5,11.68
2014-05-29,11.58,11.82,11.41,11.57
2014-05-30,11.66,11.7,11.32,11.4
2014-06-02,11.69,12.17,11.29,11.58
2014-06-03,12.03,12.13,11.72,11.87
2014-06-04,12.15,12.33,11.91,12.08
2014-06-05,12.09,12.34,11.44,11.68
2014-06-06,11.32,11.39,10.73,10.73
2014-06-09,11.23,11.51,10.99,11.15
2014-06-10,11.3,11.66,10.93,10.99
2014-06-11,11.42,11.87,11.19,11.6
2014-06-12,11.81,12.81,11.71,12.56
2014-06-13,12.45,12.69,11.89,12.18
2014-06-16,12.65,12.87,12.28,12.65
2014-06-17,12.81,12.89,12.06,12.06
2014-06-18,11.8,11.91,10.57,10.61
2014-06-19,10.53,10.82,10.42,10.62
2014-06-20,10.4,11.02,10.34,10.85
2014-06-23,11.26,11.35,10.92,10.98
2014-06-24,11.02,12.27,10.87,12.13
2014-06-25,12.31,12.33,11.37,11.59
2014-06-26,11.51,12.51,11.5,11.63
2014-06-27,11.72,12.04,11.19,11.26
2014-06-30,11.75,11.81,11.3,11.57
2014-07-01,11.28,11.42,10.92,11.15
2014-07-02,11.18,11.18,10.56,10.82
2014-07-03,10.47,10.76,10.28,10.32
2014-07-07,11.15,11.54,11.01,11.33
2014-07-08,11.72,12.51,11.72,11.98
2014-07-09,11.74,12.05,11.5,11.65
2014-07-10,13.22,13.23,12.05,12.59
2014-07-11,12.5,12.68,12.07,12.08
2014-07-14,11.6,11.83,11.4,11.82
2014-07-15,11.53,12.47,11.46,11.96
2014-07-16,10.81,11.45,10.59,11.0
2014-07-17,11.35,15.38,10.85,14.54
2014-07-18,13.34,13.55,12.04,12.06
2014-07-21,12.85,13.62,12.46,12.81
2014-07-22,11.97,12.24,11.69,12.24
2014-07-23,11.54,12.16,11.41,11.52
2014-07-24,11.43,12.06,11.43,11.84
2014-07-25,12.03,12.75,12.03,12.69
2014-07-28,12.93,13.64,12.54,12.56
2014-07-29,12.35,13.35,12.12,13.28
2014-07-30,12.63,14.07,12.53,13.33
2014-07-31,14.35,17.110001,14.26,16.950001
2014-08-01,16.67,17.57,15.52,17.030001
2014-08-04,16.639999,16.799999,14.69,15.12
2014-08-05,15.54,17.139999,15.1,16.870001
2014-08-06,17.219999,17.299999,15.7,16.370001
2014-08-07,15.5,17.25,15.44,16.66
2014-08-08,16.43,17.09,15.53,15.77
2014-08-11,15.16,15.16,13.72,14.23
2014-08-12,14.42,14.74,13.76,14.13
2014-08-13,13.57,13.93,12.84,12.9
2014-08-14,13.05,13.13,12.42,12.42
2014-08-15,11.91,14.94,11.89,13.15
2014-08-18,12.85,12.85,12.26,12.32
2014-08-19,12.14,12.46,11.91,12.21
2014-08-20,12.23,12.24,11.6,11.78
2014-08-21,11.93,13.51,11.52,11.76
2014-08-22,11.88,12.48,11.47,11.47
2014-08-25,11.58,11.77,11.24,11.7
2014-08-26,11.33,11.93,11.33,11.63
2014-08-27,11.69,11.93,11.54,11.78
2014-08-28,12.38,12.73,12.05,12.05
2014-08-29,11.86,12.44,11.78,12.09
2014-09-02,12.32,13.41,12.23,12.25
2014-09-03,12.03,12.55,11.91,12.36
2014-09-04,12.4,12.99,11.7,12.64
2014-09-05,12.37,13.18,11.96,12.09
2014-09-08,12.64,13.09,12.4,12.66
2014-09-09,12.7,13.91,12.7,13.5
2014-09-10,13.36,14.06,12.86,12.88
2014-09-11,13.53,13.67,12.66,12.8
2014-09-12,12.85,14.27,12.85,13.31
2014-09-15,13.54,14.19,13.54,14.12
2014-09-16,14.48,14.53,12.72,12.73
2014-09-17,13.06,14.53,11.73,12.65
2014-09-18,12.55,12.58,11.98,12.03
2014-09-19,11.73,12.61,11.52,12.11
2014-09-22,13.14,13.98,13.13,13.69
2014-09-23,14.82,14.94,13.83,14.93
2014-09-24,14.62,14.93,13.24,13.27
2014-09-25,14.11,16.690001,14.03,15.64
2014-09-26,15.77,15.98,14.31,14.85
2014-09-29,16.959999,17.08,15.45,15.98
2014-09-30,15.49,16.43,15.18,16.309999
2014-10-01,16.440001,17.559999,16.08,16.709999
2014-10-02,16.700001,17.98,15.9,16.16
2014-10-03,15.16,15.43,14.44,14.55
2014-10-06,14.46,15.77,14.05,15.46
2014-10-07,16.18,17.459999,15.97,17.200001
2014-10-08,17.35,18.030001,14.97,15.11
2014-10-09,15.64,19.379999,15.34,18.76
2014-10-10,19.110001,22.059999,18.139999,21.24
2014-10-13,21.16,24.639999,20.52,24.639999
2014-10-14,23.77,24.549999,21.48,22.790001
2014-10-15,26.360001,31.059999,24.639999,25.27
2014-10-16,29.26,29.41,24.610001,25.200001
2014-10-17,21.68,23.08,20.23,21.99
2014-10-20,22.110001,22.16,18.51,18.57
2014-10-21,17.719999,17.75,16.030001,16.08
2014-10-22,16.059999,18.43,15.56,17.870001
2014-10-23,16.07,17.059999,15.68,16.530001
2014-10-24,16.43,18.059999,16.09,16.110001
2014-10-27,17.24,17.870001,16.0,16.040001
2014-10-28,15.69,15.78,14.39,14.39
2014-10-29,14.61,16.280001,14.19,15.15
2014-10-30,15.31,15.75,14.07,14.52
2014-10-31,13.84,14.83,13.72,14.03
2014-11-03,14.41,14.99,14.23,14.73
2014-11-04,15.05,15.93,14.83,14.89
2014-11-05,14.15,14.99,14.15,14.17
2014-11-06,14.46,15.08,13.67,13.67
2014-11-07,13.71,14.16,13.01,13.12
2014-11-10,13.16,13.25,12.38,12.67
2014-11-11,12.71,13.18,12.6,12.92
2014-11-12,13.76,13.76,12.99,13.02
2014-11-13,13.33,14.31,12.87,13.79
2014-11-14,13.79,14.15,13.31,13.31
2014-11-17,14.7,14.73,13.84,13.99
2014-11-18,13.86,13.99,13.13,13.86
2014-11-19,14.01,14.78,13.83,13.96
2014-11-20,14.66,15.74,13.58,13.58
2014-11-21,13.16,13.8,12.9,12.9
2014-11-24,12.92,13.02,12.43,12.62
2014-11-25,12.55,13.02,12.23,12.25
2014-11-26,12.27,12.4,11.91,12.07
2014-11-28,12.64,13.49,12.36,13.33
2014-12-01,14.16,14.75,13.94,14.16
2014-12-02,14.1,14.17,12.85,12.85
2014-12-03,12.75,12.88,12.21,12.5
2014-12-04,12.7,13.23,12.09,12.38
2014-12-05,12.08,12.28,11.53,11.89
2014-12-08,13.05,14.67,12.55,14.21
2014-12-09,16.23,16.68,15.12,15.35
2014-12-10,15.56,18.92,15.4,18.530001
2014-12-11,17.68,20.129999,15.94,20.08
2014-12-12,20.51,23.059999,18.34,21.08
2014-12-15,19.59,24.83,17.77,20.42
2014-12-16,23.549999,25.200001,19.6,23.57
2014-12-17,23.9,24.610001,19.26,19.440001
2014-12-18,17.139999,18.51,16.07,16.809999
2014-12-19,16.57,17.200001,16.110001,16.49
2014-12-22,16.32,16.879999,15.03,15.25
2014-12-23,14.47,15.21,14.32,14.8
2014-12-24,14.52,14.54,14.01,14.37
2014-12-26,14.6,14.84,14.13,14.5
2014-12-29,16.040001,16.139999,15.06,15.06
2014-12-30,15.9,16.200001,15.48,15.92
2014-12-31,15.91,19.91,15.86,19.200001
2015-01-02,17.76,20.139999,17.049999,17.790001
2015-01-05,19.190001,21.290001,19.190001,19.92
2015-01-06,20.33,22.9,19.52,21.120001
2015-01-07,20.15,20.719999,19.040001,19.309999
2015-01-08,17.93,18.09,16.99,17.01
2015-01-09,16.440001,18.42,16.440001,17.549999
2015-01-12,18.02,20.440001,18.02,19.6
2015-01-13,18.209999,21.58,17.65,20.559999
2015-01-14,22.870001,23.34,21.32,21.48
2015-01-15,21.23,23.309999,20.860001,22.389999
2015-01-16,22.799999,23.43,20.950001,20.950001
2015-01-20,20.07,21.370001,19.58,19.889999
2015-01-21,20.92,21.280001,18.639999,18.85
2015-01-22,17.98,19.23,16.07,16.4
2015-01-23,16.790001,17.09,15.81,16.66
2015-01-26,16.959999,17.43,15.52,15.52
2015-01-27,17.6,18.41,16.67,17.219999
2015-01-28,16.969999,20.440001,16.92,20.440001
2015-01-29,20.459999,21.559999,18.66,18.76
2015-01-30,20.23,22.18,19.24,20.969999
2015-02-02,20.889999,22.809999,19.35,19.43
2015-02-03,18.41,18.889999,17.200001,17.33
2015-02-04,17.82,18.379999,16.82,18.33
2015-02-05,17.290001,17.43,16.67,16.85
2015-02-06,16.290001,18.74,16.059999,17.290001
2015-02-09,19.16,19.280001,18.209999,18.549999
2015-02-10,17.719999,18.360001,16.969999,17.23
2015-02-11,17.43,17.809999,16.82,16.959999
2015-02-12,16.389999,16.469999,15.28,15.34
2015-02-13,15.11,15.64,14.69,14.69
2015-02-17,15.85,16.33,15.53,15.8
2015-02-18,16.74,16.74,15.44,15.45
2015-02-19,16.110001,16.219999,15.1,15.29
2015-02-20,15.73,16.290001,14.27,14.3
2015-02-23,15.05,15.48,14.49,14.56
2015-02-24,14.5,14.63,13.53,13.69
2015-02-25,13.64,14.06,12.86,13.84
2015-02-26,13.55,14.57,13.55,13.91
2015-02-27,14.07,14.17,13.29,13.34
2015-03-02,13.9,13.9,12.87,13.04
2015-03-03,13.35,14.69,13.25,13.86
2015-03-04,14.28,14.71,14.13,14.23
2015-03-05,14.01,14.58,13.88,14.04
2015-03-06,14.61,15.83,14.18,15.2
2015-03-09,15.72,15.76,14.71,15.06
2015-03-10,16.469999,16.91,16.030001,16.690001
2015-03-11,16.440001,17.190001,16.290001,16.870001
2015-03-12,16.450001,16.450001,15.3,15.42
2015-03-13,15.47,16.74,15.32,16.0
2015-03-16,15.78,15.89,15.36,15.61
2015-03-17,16.309999,16.370001,15.66,15.66
2015-03-18,14.6,16.290001,13.38,13.97
2015-03-19,14.68,14.97,13.84,14.07
2015-03-20,13.52,13.53,12.54,13.02
2015-03-23,13.52,13.53,12.89,13.41
2015-03-24,13.36,13.68,12.59,13.62
2015-03-25,13.26,15.55,13.2,15.44
2015-03-26,16.639999,17.190001,15.23,15.8
2015-03-27,15.73,15.83,14.19,15.07
2015-03-30,14.76,14.76,14.08,14.51
2015-03-31,14.97,15.74,14.33,15.29
2015-04-01,15.32,16.66,15.08,15.11
2015-04-02,15.3,15.51,14.27,14.67
2015-04-06,15.75,15.76,14.04,14.74
2015-04-07,14.57,14.81,14.01,14.78
2015-04-08,14.59,14.77,13.75,13.98
2015-04-09,14.14,14.59,13.09,13.09
2015-04-10,13.2,13.26,12.51,12.58
2015-04-13,13.17,14.31,12.71,13.94
2015-04-14,14.34,14.74,13.64,13.67
2015-04-15,13.58,13.58,12.83,12.84
2015-04-16,13.27,13.35,12.5,12.6
2015-04-17,13.97,15.02,13.73,13.89
2015-04-20,13.67,13.67,12.83,13.3
2015-04-21,12.75,13.51,12.66,13.25
2015-04-22,12.97,13.8,12.57,12.71
2015-04-23,12.96,12.96,12.12,12.48
2015-04-24,12.21,13.02,12.16,12.29
2015-04-27,12.34,13.4,12.33,13.12
2015-04-28,13.26,14.23,12.41,12.41
2015-04-29,13.44,14.34,12.61,13.39
2015-04-30,13.89,15.29,12.49,14.55
2015-05-01,13.98,13.98,12.68,12.7
2015-05-04,13.12,13.18,12.1,12.85
2015-05-05,13.21,14.41,12.97,14.31
2015-05-06,13.93,16.360001,13.89,15.15
2015-05-07,15.48,15.97,14.81,15.13
2015-05-08,13.36,13.42,12.7,12.86
2015-05-11,13.35,13.85,13.0,13.85
2015-05-12,14.73,15.13,13.73,13.86
2015-05-13,13.63,14.04,13.06,13.76
2015-05-14,13.14,13.29,12.72,12.74
2015-05-15,12.46,13.09,12.35,12.38
2015-05-18,13.08,13.22,12.55,12.73
2015-05-19,12.95,13.13,12.55,12.85
2015-05-20,12.9,13.27,12.62,12.88
2015-05-21,13.03,13.09,12.09,12.11
2015-05-22,12.37,12.37,11.82,12.13
2015-05-26,13.45,14.63,13.34,14.06
2015-05-27,14.16,14.41,13.05,13.27
2015-05-28,13.49,13.99,13.31,13.31
2015-05-29,13.59,14.43,13.4,13.84
2015-06-01,13.92,14.86,13.47,13.97
2015-06-02,14.72,15.05,13.59,14.24
2015-06-03,13.73,14.2,13.4,13.66
2015-06-04,14.57,15.49,13.99,14.71
2015-06-05,15.01,15.65,14.21,14.21
2015-06-08,14.84,15.5,14.67,15.29
2015-06-09,15.18,15.74,14.47,14.47
2015-06-10,14.24,14.37,12.96,13.22
2015-06-11,13.04,13.22,12.56,12.85
2015-06-12,13.31,14.02,13.3,13.78
2015-06-15,15.48,15.57,14.91,15.39
2015-06-16,15.62,15.62,14.81,14.81
2015-06-17,14.66,15.49,14.07,14.5
2015-06-18,14.03,14.03,12.54,13.19
2015-06-19,13.35,14.0,12.96,13.96
2015-06-22,13.42,13.46,12.43,12.74
2015-06-23,12.5,12.68,11.93,12.11
2015-06-24,12.57,13.33,12.01,13.26
2015-06-25,12.96,14.16,12.92,14.01
2015-06-26,14.13,14.91,13.64,14.02
2015-06-29,16.700001,19.5,15.82,18.85
2015-06-30,17.6,19.799999,17.49,18.23
2015-07-01,16.629999,17.26,15.65,16.09
2015-07-02,15.43,17.48,15.39,16.790001
2015-07-06,18.65,18.950001,16.57,17.01
2015-07-07,17.219999,19.200001,15.93,16.09
2015-07-08,17.379999,19.76,16.940001,19.66
2015-07-09,17.459999,20.049999,17.200001,19.969999
2015-07-10,17.450001,18.17,16.6,16.83
2015-07-13,15.29,15.36,13.82,13.9
2015-07-14,13.91,13.95,12.9,13.37
2015-07-15,13.35,13.97,12.81,13.23
2015-07-16,12.59,12.61,11.87,12.11
2015-07-17,11.77,12.22,11.77,11.95
2015-07-20,12.25,12.37,11.71,12.25
2015-07-21,12.42,12.79,12.21,12.22
2015-07-22,12.77,12.83,12.05,12.12
2015-07-23,12.06,13.08,11.73,12.64
2015-07-24,12.87,14.73,12.86,13.74
2015-07-27,15.6,16.27,15.03,15.6
2015-07-28,14.87,15.62,13.32,13.44
2015-07-29,13.57,13.59,11.85,12.5
2015-07-30,12.72,13.42,12.09,12.13
2015-07-31,12.03,12.63,11.82,12.12
2015-08-03,12.85,13.55,12.32,12.56
2015-08-04,12.66,13.22,12.29,13.0
2015-08-05,12.02,12.72,10.88,12.51
2015-08-06,12.2,14.25,12.16,13.77
2015-08-07,13.57,14.58,13.29,13.39
2015-08-10,12.73,12.78,12.18,12.23
2015-08-11,13.24,14.33,13.02,13.71
2015-08-12,15.19,16.280001,13.45,13.61
2015-08-13,13.87,14.33,13.06,13.49
2015-08-14,13.69,13.87,12.8,12.83
2015-08-17,14.32,14.52,13.01,13.02
2015-08-18,13.41,13.94,13.17,13.79
2015-08-19,14.84,15.96,13.73,15.25
2015-08-20,16.549999,19.24,16.129999,19.139999
2015-08-21,22.549999,28.379999,20.799999,28.030001
2015-08-24,28.030001,53.290001,28.030001,40.740002
2015-08-25,31.129999,38.060001,28.08,36.02
2015-08-26,31.129999,35.619999,28.67,30.32
2015-08-27,27.110001,29.9,24.49,26.1
2015-08-28,26.690001,29.200001,25.77,26.049999
2015-08-31,27.030001,29.370001,26.629999,28.43
2015-09-01,31.91,33.82,29.91,31.4
2015-09-02,29.139999,30.450001,24.77,26.09
2015-09-03,25.209999,26.309999,23.450001,25.610001
2015-09-04,27.43,29.469999,25.68,27.799999
2015-09-08,25.049999,26.25,24.129999,24.9
2015-09-09,22.389999,26.82,21.51,26.23
2015-09-10,26.870001,27.219999,23.530001,24.370001
2015-09-11,25.379999,25.809999,23.15,23.200001
2015-09-14,24.030001,25.32,23.639999,24.25
2015-09-15,23.280001,23.77,22.129999,22.540001
2015-09-16,22.57,22.940001,21.09,21.35
2015-09-17,21.540001,23.33,17.870001,21.139999
2015-09-18,23.07,23.99,20.98,22.280001
2015-09-21,21.969999,22.48,20.049999,20.139999
2015-09-22,22.969999,26.290001,22.25,22.440001
2015-09-23,22.09,23.200001,21.139999,22.129999
2015-09-24,23.530001,25.299999,21.809999,23.469999
2015-09-25,21.120001,24.290001,20.809999,23.620001
2015-09-28,25.02,28.33,24.940001,27.629999
2015-09-29,26.57,28.200001,25.76,26.83
2015-09-30,24.639999,25.879999,23.25,24.5
2015-10-01,23.139999,25.23,22.549999,22.549999
2015-10-02,23.99,24.469999,20.35,20.940001
2015-10-05,20.309999,20.42,19.139999,19.540001
2015-10-06,19.540001,20.32,18.82,19.4
2015-10-07,18.959999,19.73,18.33,18.4
2015-10-08,18.620001,19.02,16.34,17.42
2015-10-09,17.15,18.200001,16.889999,17.08
2015-10-12,17.68,17.809999,16.15,16.17
2015-10-13,17.08,17.700001,16.139999,17.67
2015-10-14,17.67,18.780001,17.299999,18.030001
2015-10-15,17.620001,17.85,16.040001,16.049999
2015-10-16,15.64,16.860001,15.05,15.05
2015-10-19,15.68,16.23,14.82,14.98
2015-10-20,15.17,16.34,14.72,15.75
2015-10-21,14.98,16.700001,14.41,16.700001
2015-10-22,15.02,15.92,14.45,14.45
2015-10-23,13.46,15.12,13.24,14.46
2015-10-26,14.76,15.43,14.68,15.29
2015-10-27,15.75,15.99,14.78,15.43
2015-10-28,15.14,15.73,12.8,14.33
2015-10-29,14.8,15.46,14.33,14.61
2015-10-30,14.6,15.39,14.0,15.07
2015-11-02,15.41,15.51,13.67,14.15
2015-11-03,14.33,14.73,13.81,14.54
2015-11-04,14.04,15.88,13.96,15.51
2015-11-05,15.39,16.389999,15.0,15.05
2015-11-06,14.91,16.0,14.32,14.33
2015-11-09,15.34,17.09,15.14,16.52
2015-11-10,16.690001,16.959999,15.24,15.29
2015-11-11,15.07,16.15,15.02,16.059999
2015-11-12,17.059999,18.5,16.65,18.370001
2015-11-13,18.68,20.67,18.200001,20.08
2015-11-16,20.51,20.549999,17.25,18.16
2015-11-17,17.82,19.59,16.860001,18.84
2015-11-18,19.01,19.450001,16.799999,16.85
2015-11-19,16.25,18.26,16.0,16.99
2015-11-20,16.129999,16.379999,15.47,15.47
2015-11-23,16.15,16.74,15.38,15.62
2015-11-24,16.530001,17.209999,15.48,15.93
2015-11-25,15.55,15.89,15.05,15.19
2015-11-27,15.31,16.09,15.12,15.12
2015-11-30,15.55,16.57,15.52,16.129999
2015-12-01,15.61,16.34,14.63,14.67
2015-12-02,15.04,16.49,14.71,15.91
2015-12-03,15.87,19.35,15.86,18.110001
2015-12-04,17.43,17.65,14.69,14.81
2015-12-07,15.65,17.18,15.58,15.84
2015-12-08,17.690001,18.33,16.52,17.6
2015-12-09,18.049999,20.129999,15.72,19.610001
2015-12-10,19.25,19.719999,18.129999,19.34
2015-12-11,21.360001,25.27,20.879999,24.389999
2015-12-14,24.700001,26.809999,21.469999,22.73
2015-12-15,20.76,21.620001,20.02,20.950001
2015-12-16,19.25,20.24,17.120001,17.860001
2015-12-17,16.18,19.049999,16.129999,18.940001
2015-12-18,19.34,23.299999,18.75,20.700001
2015-12-21,19.639999,20.209999,18.700001,18.700001
2015-12-22,17.610001,18.219999,16.6,16.6
2015-12-23,15.86,16.25,15.33,15.57
2015-12-24,15.44,15.88,14.45,15.74
2015-12-28,17.65,18.129999,16.879999,16.91
2015-12-29,15.91,16.48,15.63,16.08
2015-12-30,16.5,17.42,16.5,17.290001
2015-12-31,17.969999,20.389999,17.51,18.209999
2016-01-04,22.48,23.360001,20.67,20.700001
2016-01-05,20.75,21.059999,19.25,19.34
2016-01-06,21.67,21.860001,19.799999,20.59
2016-01-07,23.219999,25.860001,22.4,24.99
2016-01-08,22.959999,27.08,22.48,27.01
2016-01-11,25.58,27.389999,23.83,24.299999
2016-01-12,22.969999,23.93,21.91,22.469999
2016-01-13,21.719999,26.110001,21.440001,25.219999
2016-01-14,24.75,26.280001,23.07,23.950001
2016-01-15,28.959999,30.950001,26.67,27.02
2016-01-19,25.4,27.59,25.209999,26.049999
2016-01-20,27.780001,32.09,26.59,27.59
2016-01-21,27.790001,28.43,25.01,26.690001
2016-01-22,24.209999,24.549999,22.219999,22.34
2016-01-25,23.299999,24.309999,22.379999,24.15
2016-01-26,23.75,24.02,22.33,22.5
2016-01-27,22.879999,27.219999,20.42,23.110001
2016-01-28,22.15,23.809999,21.9,22.42
2016-01-29,21.59,21.74,19.5,20.200001
2016-02-01,21.32,23.66,19.610001,19.98
2016-02-02,21.34,22.42,21.059999,21.98
2016-02-03,21.49,27.700001,21.42,21.65
2016-02-04,22.290001,23.139999,21.24,21.84
2016-02-05,22.09,24.110001,21.91,23.379999
2016-02-08,25.889999,27.719999,25.559999,26.0
2016-02-09,28.299999,28.309999,25.99,26.540001
2016-02-10,25.75,26.6,24.469999,26.290001
2016-02-11,29.01,30.9,26.67,28.139999
2016-02-12,27.16,27.57,24.92,25.4
2016-02-16,24.959999,25.52,23.32,24.110001
2016-02-17,23.4,24.16,21.83,22.309999
2016-02-18,22.16,22.530001,21.290001,21.639999
2016-02-19,22.389999,23.440001,20.52,20.530001
2016-02-22,20.139999,20.35,19.02,19.379999
2016-02-23,19.75,21.16,19.540001,20.98
2016-02-24,22.280001,22.870001,20.26,20.719999
2016-02-25,20.540001,21.26,19.1,19.110001
2016-02-26,18.889999,20.129999,18.459999,19.809999
2016-02-29,20.49,20.809999,18.379999,20.549999
2016-03-01,19.84,20.17,17.66,17.700001
2016-03-02,17.98,18.41,16.780001,17.09
2016-03-03,17.25,17.559999,16.32,16.700001
2016-03-04,16.48,17.35,16.049999,16.860001
2016-03-07,17.98,18.040001,16.870001,17.35
2016-03-08,18.379999,18.889999,17.82,18.67
2016-03-09,18.559999,19.110001,18.309999,18.34
2016-03-10,18.17,19.59,17.059999,18.049999
2016-03-11,17.09,17.27,16.280001,16.5
2016-03-14,17.01,17.67,16.690001,16.92
2016-03-15,17.6,17.85,16.84,16.84
2016-03-16,15.96,16.33,14.89,14.99
2016-03-17,15.34,15.38,13.82,14.44
2016-03-18,14.05,14.36,13.75,14.02
2016-03-21,14.57,14.73,13.79,13.79
2016-03-22,14.57,14.76,13.75,14.17
2016-03-23,14.57,15.03,14.33,14.94
2016-03-24,16.299999,16.440001,14.71,14.74
2016-03-28,15.65,16.040001,14.89,15.24
2016-03-29,15.74,15.89,13.79,13.82
2016-03-30,13.69,13.89,13.06,13.56
2016-03-31,13.73,14.28,13.49,13.95
2016-04-01,15.23,15.28,13.0,13.1
2016-04-04,13.88,14.24,13.66,14.12
2016-04-05,15.39,15.72,14.93,15.42
2016-04-06,15.61,15.98,14.0,14.09
2016-04-07,15.14,16.77,14.68,16.16
2016-04-08,15.34,15.93,14.84,15.36
2016-04-11,15.34,16.26,14.83,16.26
2016-04-12,15.98,16.57,14.84,14.85
2016-04-13,14.49,14.53,13.6,13.84
2016-04-14,13.9,14.12,13.38,13.72
2016-04-15,13.77,14.19,13.58,13.62
2016-04-18,14.87,14.94,13.23,13.35
2016-04-19,13.18,13.88,12.98,13.24
2016-04-20,13.39,13.5,12.5,13.28
2016-04-21,13.2,14.14,13.16,13.95
2016-04-22,13.7,14.19,13.15,13.22
2016-04-25,14.07,14.76,13.86,14.08
2016-04-26,14.01,14.43,13.66,13.96
2016-04-27,14.15,14.95,13.5,13.77
2016-04-28,14.53,15.61,13.3,15.22
2016-04-29,15.21,17.09,14.91,15.7
2016-05-02,16.33,16.5,14.48,14.68
2016-05-03,14.92,16.42,14.91,15.6
2016-05-04,15.47,16.85,15.39,16.049999
2016-05-05,15.54,16.450001,15.22,15.91
2016-05-06,16.200001,16.58,14.71,14.72
2016-05-09,15.2,15.39,14.17,14.57
2016-05-10,13.98,14.35,13.55,13.63
2016-05-11,13.92,14.69,13.29,14.69
2016-05-12,14.55,15.42,13.95,14.41
2016-05-13,15.15,15.47,13.97,15.04
2016-05-16,15.72,15.98,14.28,14.68
2016-05-17,14.57,16.120001,14.48,15.57
2016-05-18,15.72,16.469999,14.86,15.95
2016-05-19,16.370001,17.65,16.280001,16.33
2016-05-20,16.129999,16.299999,15.11,15.2
2016-05-23,16.33,16.469999,15.4,15.82
2016-05-24,16.030001,16.059999,14.36,14.42
2016-05-25,14.19,14.33,13.64,13.9
2016-05-26,13.8,14.11,13.43,13.43
2016-05-27,13.49,13.76,13.04,13.12
2016-05-31,13.94,15.0,13.45,14.19
2016-06-01,14.45,15.25,14.18,14.2
2016-06-02,14.42,14.92,13.62,13.63
2016-06-03,13.78,14.66,12.9,13.47
2016-06-06,13.84,14.27,13.42,13.65
2016-06-07,12.77,14.05,12.72,14.05
2016-06-08,13.84,14.27,13.7,14.08
2016-06-09,14.01,14.85,13.99,14.64
2016-06-10,14.89,17.33,14.85,17.030001
2016-06-13,18.24,21.01,17.889999,20.969999
2016-06-14,21.280001,22.16,20.27,20.5
2016-06-15,20.25,20.450001,18.629999,20.139999
2016-06-16,20.799999,22.889999,19.24,19.370001
2016-06-17,19.42,20.030001,18.709999,19.41
2016-06-20,17.42,18.549999,16.59,18.370001
2016-06-21,17.67,18.959999,16.91,18.48
2016-06-22,18.26,21.219999,17.83,21.17
2016-06-23,19.540001,19.790001,17.25,17.25
2016-06-24,26.059999,26.24,19.48,25.76
2016-06-27,24.379999,26.719999,22.93,23.85
2016-06-28,21.76,22.07,18.75,18.75
2016-06-29,18.120001,18.27,16.48,16.639999
2016-06-30,16.91,16.99,15.29,15.63
2016-07-01,15.59,15.86,14.61,14.77
2016-07-05,16.049999,16.620001,15.49,15.58
2016-07-06,15.87,17.040001,14.96,14.96
2016-07-07,14.8,15.98,14.33,14.76
2016-07-08,14.64,14.75,13.19,13.2
2016-07-11,13.25,13.67,13.0,13.54
2016-07-12,12.93,13.93,12.75,13.55
2016-07-13,13.32,13.79,12.92,13.04
2016-07-14,12.5,13.37,12.14,12.82
2016-07-15,13.12,13.22,12.27,12.67
2016-07-18,12.75,13.12,12.33,12.44
2016-07-19,12.53,12.83,11.94,11.97
2016-07-20,11.94,11.97,11.4,11.77
2016-07-21,11.8,13.06,11.69,12.74
2016-07-22,12.8,12.88,11.97,12.02
2016-07-25,12.64,13.72,12.39,12.87
2016-07-26,12.88,13.5,12.8,13.05
2016-07-27,12.61,13.74,12.5,12.83
2016-07-28,12.51,13.52,12.36,12.72
2016-07-29,12.85,12.9,11.77,11.87
2016-08-01,11.89,12.98,11.86,12.44
2016-08-02,12.39,14.24,12.35,13.37
2016-08-03,13.53,13.91,12.73,12.86
2016-08-04,12.73,12.98,11.79,12.42
2016-08-05,12.08,12.26,11.18,11.39
2016-08-08,11.66,11.78,11.41,11.5
2016-08-09,11.4,11.92,11.02,11.66
2016-08-10,11.55,12.5,11.37,12.05
2016-08-11,11.93,12.11,11.38,11.68
2016-08-12,11.61,12.0,11.28,11.55
2016-08-15,11.81,12.17,11.58,11.81
2016-08-16,12.04,12.78,11.87,12.64
2016-08-17,12.57,13.71,12.14,12.19
2016-08-18,12.2,12.53,11.42,11.43
2016-08-19,11.67,12.28,11.33,11.34
2016-08-22,12.53,13.02,11.94,12.27
2016-08-23,12.15,12.44,11.72,12.38
2016-08-24,12.7,14.01,12.3,13.45
2016-08-25,13.62,14.09,13.29,13.63
2016-08-26,13.54,14.93,12.13,13.65
2016-08-29,14.09,14.43,12.9,12.94
2016-08-30,12.94,13.6,12.7,13.12
2016-08-31,13.14,14.34,12.97,13.42
2016-09-01,13.07,14.61,12.99,13.48
2016-09-02,13.47,13.9,11.9,11.98
2016-09-06,12.42,12.93,11.85,12.02
2016-09-07,11.89,12.45,11.77,11.94
2016-09-08,11.74,12.6,11.65,12.51
2016-09-09,12.52,17.540001,12.52,17.5
2016-09-12,20.129999,20.51,14.76,15.16
2016-09-13,15.98,18.969999,15.83,17.85
2016-09-14,17.629999,18.139999,16.34,18.139999
2016-09-15,17.969999,18.07,15.74,16.299999
2016-09-16,16.41,17.1,15.28,15.37
2016-09-19,15.14,15.96,14.6,15.53
2016-09-20,14.98,16.09,14.69,15.92
2016-09-21,15.07,15.65,12.98,13.3
2016-09-22,13.39,13.39,11.76,12.02
2016-09-23,12.0,12.58,11.93,12.29
2016-09-26,13.26,14.63,13.26,14.5
2016-09-27,13.36,14.76,12.97,13.1
2016-09-28,12.9,13.57,12.24,12.39
2016-09-29,12.53,15.69,12.14,14.02
2016-09-30,14.91,15.2,12.53,13.29
2016-10-03,13.75,14.42,13.42,13.57
2016-10-04,13.4,14.57,12.92,13.63
2016-10-05,13.56,13.68,12.7,12.99
2016-10-06,13.11,13.84,12.8,12.84
2016-10-07,13.52,14.15,12.21,13.48
2016-10-10,14.19,14.36,13.29,13.38
2016-10-11,13.71,16.469999,13.69,15.36
2016-10-12,15.53,16.34,15.26,15.91
2016-10-13,16.879999,17.950001,16.139999,16.690001
2016-10-14,16.49,16.5,15.25,16.120001
2016-10-17,17.01,17.110001,16.129999,16.209999
2016-10-18,15.82,15.85,15.03,15.28
2016-10-19,15.45,15.68,13.87,14.41
2016-10-20,14.43,14.72,13.74,13.75
2016-10-21,14.04,14.53,13.27,13.34
2016-10-24,13.19,13.26,12.83,13.02
2016-10-25,12.91,13.86,12.73,13.46
2016-10-26,13.66,14.8,13.66,14.24
2016-10-27,14.37,15.43,13.6,15.36
2016-10-28,15.67,17.35,14.65,16.190001
2016-10-31,16.309999,17.629999,16.25,17.059999
2016-11-01,16.540001,20.43,16.51,18.559999
2016-11-02,19.09,19.82,18.559999,19.32
2016-11-03,19.85,22.57,18.84,22.08
2016-11-04,21.860001,23.01,19.200001,22.51
2016-11-07,19.780001,19.860001,18.389999,18.709999
2016-11-08,18.92,19.91,17.700001,18.74
2016-11-09,20.700001,21.48,14.33,14.38
2016-11-10,14.01,16.299999,13.26,14.74
2016-11-11,14.83,16.0,14.15,14.17
2016-11-14,14.69,15.56,14.39,14.48
2016-11-15,14.16,14.65,13.3,13.37
2016-11-16,13.51,14.49,13.51,13.72
2016-11-17,13.37,13.55,12.97,13.35
2016-11-18,13.56,13.74,12.85,12.85
2016-11-21,13.27,13.44,12.16,12.42
2016-11-22,12.26,12.83,12.2,12.41
2016-11-23,12.34,13.01,12.19,12.43
2016-11-25,12.52,12.74,12.31,12.34
2016-11-28,13.4,13.5,12.74,13.15
2016-11-29,13.07,13.55,12.62,12.9
2016-11-30,12.6,13.42,12.23,13.33
2016-12-01,13.4,14.72,13.05,14.07
2016-12-02,14.16,14.48,12.39,14.12
2016-12-05,13.75,13.77,12.14,12.14
2016-12-06,12.19,12.3,11.54,11.79
2016-12-07,11.59,12.24,11.33,12.22
2016-12-08,12.1,13.4,11.3,12.64
2016-12-09,12.59,12.72,11.67,11.75
2016-12-12,12.23,12.78,12.07,12.64
2016-12-13,12.46,13.42,12.34,12.72
2016-12-14,12.88,13.39,12.48,13.19
2016-12-15,13.07,13.24,12.46,12.79
2016-12-16,12.88,12.95,12.15,12.2
2016-12-19,12.5,12.52,11.67,11.71
2016-12-20,11.65,11.75,11.38,11.45
2016-12-21,11.44,11.49,10.93,11.27
2016-12-22,11.32,11.67,11.14,11.43
2016-12-23,11.38,11.81,11.35,11.44
2016-12-27,12.26,12.33,11.84,11.99
2016-12-28,11.89,13.04,11.85,12.95
2016-12-29,13.15,13.71,12.95,13.37
2016-12-30,13.2,14.68,13.05,14.04
2017-01-03,14.07,14.07,12.85,12.85
2017-01-04,12.78,12.8,11.63,11.85
2017-01-05,11.96,12.09,11.4,11.67
2017-01-06,11.7,11.74,10.98,11.32
2017-01-09,11.71,12.08,11.46,11.56
2017-01-10,11.59,11.79,11.31,11.49
2017-01-11,11.56,12.23,11.21,11.26
2017-01-12,11.48,12.6,11.32,11.54
2017-01-13,11.45,11.62,10.94,11.23
2017-01-17,12.2,12.75,11.79,11.87
2017-01-18,11.79,12.81,11.69,12.48
2017-01-19,12.58,13.28,12.17,12.78
2017-01-20,12.58,12.59,11.53,11.54
2017-01-23,12.3,12.62,11.59,11.77
2017-01-24,11.82,11.89,11.04,11.07
2017-01-25,10.79,11.05,10.51,10.81
2017-01-26,10.61,11.01,10.6,10.63
2017-01-27,10.57,10.82,10.3,10.58
2017-01-30,11.1,12.9,11.1,11.88
2017-01-31,12.29,12.99,11.79,11.99
2017-02-01,11.79,12.05,9.97,11.81
2017-02-02,12.37,12.47,11.62,11.93
2017-02-03,11.84,11.84,10.72,10.97
2017-02-06,11.37,11.84,11.09,11.37
2017-02-07,11.39,11.67,11.06,11.29
2017-02-08,11.19,11.82,11.15,11.45
2017-02-09,11.44,11.53,10.74,10.88
2017-02-10,10.85,10.95,10.55,10.85
2017-02-13,11.36,11.4,11.07,11.07
2017-02-14,11.17,11.34,10.73,10.74
2017-02-15,10.84,12.01,10.8,11.97
2017-02-16,12.02,12.86,11.69,11.76
2017-02-17,11.84,12.26,11.37,11.49
2017-02-21,12.05,12.09,11.5,11.57
2017-02-22,11.48,12.07,11.44,11.74
2017-02-23,11.66,12.46,11.54,11.71
2017-02-24,11.81,12.59,11.34,11.47
2017-02-27,11.78,12.14,11.53,12.09
2017-02-28,12.19,12.96,12.13,12.92
2017-03-01,12.31,12.58,11.78,12.54
2017-03-02,12.43,12.71,11.32,11.81
2017-03-03,11.96,11.97,10.94,10.96
2017-03-06,11.59,11.72,11.06,11.24
2017-03-07,11.27,11.58,11.04,11.45
2017-03-08,11.49,11.86,11.09,11.86
2017-03-09,11.75,12.43,11.62,12.3
2017-03-10,11.97,12.09,11.46,11.66
2017-03-13,12.16,12.23,11.29,11.35
2017-03-14,11.39,12.54,11.28,12.3
2017-03-15,12.12,12.25,10.6,11.63
2017-03-16,11.29,11.55,11.16,11.21
2017-03-17,11.38,11.38,10.78,11.28
2017-03-20,11.71,11.72,11.03,11.34
2017-03-21,11.15,12.85,10.92,12.47
2017-03-22,12.95,13.16,11.99,12.81
2017-03-23,12.65,13.17,12.18,13.12
2017-03-24,12.86,14.16,12.27,12.96
2017-03-27,14.78,15.11,12.48,12.5
2017-03-28,12.44,12.67,11.34,11.53
2017-03-29,11.54,11.7,11.03,11.42
2017-03-30,11.37,11.64,11.12,11.54
2017-03-31,11.61,12.54,11.5,12.37
2017-04-03,12.59,13.59,12.27,12.38
2017-04-04,12.71,13.07,11.7,11.79
2017-04-05,11.89,12.89,10.9,12.89
2017-04-06,13.11,13.22,11.7,12.39
2017-04-07,13.17,13.43,12.23,12.87
2017-04-10,13.24,14.11,12.94,14.05
2017-04-11,14.32,15.88,14.17,15.07
2017-04-12,15.16,16.16,14.84,15.77
2017-04-13,15.89,16.219999,14.97,15.96
2017-04-17,16.190001,16.280001,14.6,14.66
2017-04-18,14.5,15.5,14.29,14.42
2017-04-19,14.0,15.15,13.46,14.93
2017-04-20,14.59,14.81,13.83,14.15
2017-04-21,13.85,15.33,13.85,14.63
2017-04-24,11.56,12.01,10.82,10.84
2017-04-25,10.81,11.15,10.22,10.76
2017-04-26,10.61,10.89,10.39,10.85
2017-04-27,10.72,11.08,10.33,10.36
2017-04-28,10.39,11.16,10.29,10.82
2017-05-01,10.92,11.04,9.9,10.11
2017-05-02,10.15,10.59,10.04,10.59
2017-05-03,10.56,11.15,10.4,10.68
2017-05-04,10.71,11.24,10.27,10.46
2017-05-05,10.51,10.98,9.99,10.57
2017-05-08,10.53,10.55,9.67,9.77
2017-05-09,9.87,10.14,9.56,9.96
2017-05-10,9.75,10.24,9.62,10.21
2017-05-11,10.34,11.23,10.32,10.6
2017-05-12,10.72,10.87,10.28,10.4
2017-05-15,10.54,10.88,10.25,10.42
2017-05-16,10.46,10.67,10.18,10.65
2017-05-17,11.89,15.59,11.53,15.59
2017-05-18,14.06,16.299999,14.03,14.66
2017-05-19,14.23,14.23,11.72,12.04
2017-05-22,12.29,12.52,10.89,10.93
2017-05-23,11.0,11.0,10.56,10.72
2017-05-24,10.61,10.9,9.88,10.02
2017-05-25,9.82,10.29,9.72,9.99
2017-05-26,9.93,10.48,9.65,9.81
2017-05-30,10.61,10.84,10.14,10.38
2017-05-31,10.1,11.3,9.93,10.41
2017-06-01,10.42,10.54,9.69,9.89
2017-06-02,10.08,10.3,9.58,9.75
2017-06-05,10.08,10.28,9.6,10.07
2017-06-06,10.19,10.77,9.86,10.45
2017-06-07,10.48,10.93,10.12,10.39
2017-06-08,10.27,10.53,9.73,10.16
2017-06-09,9.93,12.11,9.37,10.7
2017-06-12,11.19,12.37,11.19,11.46
2017-06-13,11.12,11.14,10.26,10.42
2017-06-14,10.33,11.26,10.01,10.64
2017-06-15,11.06,12.01,10.74,10.9
2017-06-16,10.63,11.35,10.26,10.38
2017-06-19,10.57,10.6,10.01,10.37
2017-06-20,10.28,11.15,10.24,10.86
2017-06-21,11.03,11.4,10.4,10.75
2017-06-22,10.81,11.01,10.24,10.48
2017-06-23,10.25,10.69,9.85,10.02
2017-06-26,10.13,10.44,9.68,9.9
2017-06-27,10.04,11.31,9.8,11.06
2017-06-28,11.17,11.49,9.76,10.03
2017-06-29,9.79,15.16,9.73,11.44
2017-06-30,11.74,11.85,10.4,11.18
2017-07-03,11.07,11.45,10.28,11.22
2017-07-05,11.2,12.03,10.79,11.07
2017-07-06,11.2,13.05,11.18,12.54
2017-07-07,12.48,12.57,10.98,11.19
2017-07-10,11.26,11.73,10.61,11.11
2017-07-11,10.79,12.14,10.68,10.89
2017-07-12,10.85,10.85,10.08,10.3
2017-07-13,10.07,10.4,9.9,9.9
2017-07-14,10.09,10.14,9.5,9.51
2017-07-17,9.77,10.03,9.71,9.82
2017-07-18,9.86,10.35,9.66,9.89
2017-07-19,9.69,9.94,9.58,9.79
2017-07-20,9.66,10.28,9.5,9.58
2017-07-21,9.52,9.98,9.3,9.36
2017-07-24,9.94,9.97,9.26,9.43
2017-07-25,9.4,9.52,9.04,9.43
2017-07-26,9.25,9.66,8.84,9.6
2017-07-27,9.33,11.5,9.16,10.11
2017-07-28,10.62,11.3,10.26,10.29
2017-07-31,10.53,10.84,10.23,10.26
2017-08-01,10.19,10.56,9.95,10.09
2017-08-02,10.08,10.81,9.8,10.28
2017-08-03,10.47,10.6,9.9,10.44
2017-08-04,10.48,10.5,9.68,10.03
2017-08-07,10.19,10.32,9.76,9.93
2017-08-08,10.04,11.52,9.52,10.96
2017-08-09,11.49,12.63,11.11,11.11
2017-08-10,11.57,16.17,11.56,16.040001
2017-08-11,16.17,17.280001,14.5,15.51
2017-08-14,14.05,14.05,12.06,12.33
2017-08-15,11.78,12.37,11.45,12.04
2017-08-16,11.59,12.54,11.25,11.74
2017-08-17,11.81,15.77,11.54,15.55
2017-08-18,15.38,16.040001,13.32,14.26
2017-08-21,14.59,14.74,13.07,13.19
2017-08-22,12.6,12.94,11.35,11.35
2017-08-23,11.51,12.59,11.39,12.25
2017-08-24,12.06,12.83,11.55,12.23
2017-08-25,12.2,12.45,11.1,11.28
2017-08-28,12.09,12.11,11.23,11.32
2017-08-29,13.33,14.34,11.48,11.7
2017-08-30,11.4,11.98,10.96,11.22
2017-08-31,11.07,11.22,10.34,10.59
2017-09-01,10.33,10.46,10.02,10.13
2017-09-05,11.75,14.06,11.41,12.23
2017-09-06,12.27,12.59,11.35,11.63
2017-09-07,11.93,12.07,11.32,11.55
2017-09-08,11.87,12.6,11.84,12.12
2017-09-11,11.38,11.39,10.51,10.73
2017-09-12,10.66,10.95,10.29,10.58
2017-09-13,10.72,10.86,10.33,10.5
2017-09-14,10.57,11.04,10.28,10.44
2017-09-15,10.51,10.74,10.0,10.17
2017-09-18,10.18,10.42,9.88,10.15
2017-09-19,10.16,10.3,9.85,10.18
2017-09-20,10.04,10.67,9.67,9.78
2017-09-21,9.74,10.21,9.54,9.67
2017-09-22,9.9,10.2,9.5,9.59
2017-09-25,10.08,11.21,9.79,10.21
2017-09-26,10.42,10.68,9.94,10.17
2017-09-27,9.9,10.42,9.63,9.87
2017-09-28,9.74,10.13,9.55,9.55
2017-09-29,9.59,9.83,9.36,9.51
2017-10-02,9.59,10.04,9.37,9.45
2017-10-03,9.3,9.75,9.3,9.51
2017-10-04,9.53,9.88,9.53,9.63
2017-10-05,9.48,9.62,9.13,9.19
2017-10-06,9.23,10.27,9.11,9.65
2017-10-09,9.92,10.53,9.88,10.33
2017-10-10,10.15,10.66,9.94,10.08
2017-10-11,9.95,10.38,9.72,9.85
2017-10-12,9.94,10.33,9.65,9.91
2017-10-13,9.95,9.98,9.44,9.61
2017-10-16,9.95,10.02,9.75,9.91
2017-10-17,9.85,10.46,9.78,10.31
2017-10-18,10.34,10.41,9.87,10.07
2017-10-19,10.22,11.77,9.99,10.05
2017-10-20,9.92,10.04,9.29,9.97
2017-10-23,10.25,11.08,9.94,11.07
2017-10-24,10.89,11.16,10.39,11.16
2017-10-25,11.34,13.2,10.99,11.23
2017-10-26,11.17,11.81,10.6,11.3
2017-10-27,11.12,11.12,9.74,9.8
2017-10-30,10.28,10.89,10.1,10.5
2017-10-31,10.34,10.37,9.9,10.18
2017-11-01,9.79,10.49,9.74,10.2
2017-11-02,10.44,10.89,9.67,9.93
2017-11-03,9.83,9.91,8.99,9.14
2017-11-06,9.63,9.74,9.38,9.4
2017-11-07,9.31,10.31,9.29,9.89
2017-11-08,9.79,10.27,9.5,9.78
2017-11-09,9.94,12.19,9.79,10.5
2017-11-10,10.78,11.58,10.5,11.29
2017-11-13,11.43,12.18,11.0,11.5
2017-11-14,11.53,12.61,11.45,11.59
2017-11-15,12.52,14.51,12.33,13.13
2017-11-16,12.47,12.52,11.38,11.76
2017-11-17,11.75,12.01,11.16,11.43
2017-11-20,11.96,12.08,10.44,10.65
2017-11-21,10.74,10.78,9.67,9.73
2017-11-22,9.6,9.88,9.32,9.88
2017-11-24,9.82,9.96,8.56,9.67
2017-11-27,10.07,10.26,9.79,9.87
2017-11-28,9.72,10.31,9.53,10.03
2017-11-29,9.91,10.93,9.81,10.7
2017-11-30,10.49,12.05,10.25,11.28
2017-12-01,11.19,14.58,10.54,11.43
2017-12-04,11.05,11.86,10.26,11.68
2017-12-05,11.38,11.67,10.65,11.33
2017-12-06,11.63,11.68,10.86,11.02
2017-12-07,10.9,11.32,10.12,10.16
2017-12-08,10.0,10.06,9.43,9.58
2017-12-11,9.74,10.08,9.28,9.34
2017-12-12,9.36,9.92,9.21,9.92
2017-12-13,9.78,10.21,9.65,10.18
2017-12-14,9.98,10.54,9.78,10.49
2017-12-15,10.12,10.2,9.22,9.42
2017-12-18,9.46,9.89,9.24,9.53
2017-12-19,9.4,10.15,9.18,10.03
2017-12-20,9.69,9.85,8.9,9.72
2017-12-21,9.59,9.86,9.2,9.62
2017-12-22,9.37,10.18,9.35,9.9
2017-12-26,10.19,10.46,10.13,10.25
2017-12-27,10.04,10.79,9.71,10.47
2017-12-28,10.29,10.44,10.07,10.18
2017-12-29,10.03,11.06,9.95,11.04
2018-01-02,10.95,11.07,9.52,9.77
2018-01-03,9.56,9.65,8.94,9.15
2018-01-04,9.01,9.31,8.92,9.22
2018-01-05,9.1,9.54,9.0,9.22
2018-01-08,9.61,9.89,9.32,9.52
2018-01-09,9.41,10.09,9.37,10.08
2018-01-10,10.11,10.85,9.82,9.82
2018-01-11,9.69,10.02,9.62,9.88
2018-01-12,9.74,10.31,9.54,10.16
2018-01-16,10.42,12.41,10.4,11.66
2018-01-17,11.35,12.81,11.18,11.91
2018-01-18,12.01,12.4,11.62,12.22
2018-01-19,12.3,12.33,11.18,11.27
2018-01-22,11.59,11.62,10.84,11.03
2018-01-23,10.77,11.57,10.76,11.1
2018-01-24,11.0,12.19,10.89,11.47
2018-01-25,11.27,12.01,11.2,11.58
2018-01-26,11.4,11.6,11.08,11.08
2018-01-29,11.71,13.84,11.68,13.84
2018-01-30,13.93,15.42,13.88,14.79
2018-01-31,14.23,14.44,13.41,13.54
2018-02-01,13.05,14.3,12.5,13.47
2018-02-02,13.64,17.860001,13.64,17.309999
2018-02-05,18.440001,38.799999,16.799999,37.32
2018-02-06,37.32,50.299999,22.42,29.98
2018-02-07,31.379999,31.639999,21.17,27.73
2018-02-08,27.290001,36.169998,24.41,33.459999
2018-02-09,32.18,41.060001,27.73,29.059999
2018-02-12,27.25,29.700001,24.42,25.610001
2018-02-13,26.940001,27.82,24.469999,24.969999
2018-02-14,23.48,25.719999,18.99,19.26
2018-02-15,18.389999,20.66,17.6,19.129999
2018-02-16,18.74,20.99,17.440001,19.459999
2018-02-20,20.530001,21.610001,19.75,20.6
2018-02-21,20.76,21.040001,16.969999,20.02
2018-02-22,20.57,20.610001,18.07,18.719999
2018-02-23,17.959999,18.799999,16.469999,16.49
2018-02-26,16.530001,16.940001,15.8,15.8
2018-02-27,15.83,18.98,15.29,18.59
2018-02-28,18.08,20.440001,15.65,19.85
2018-03-01,19.959999,25.299999,19.57,22.469999
2018-03-02,22.469999,26.219999,19.360001,19.59
2018-03-05,21.549999,21.57,17.940001,18.73
2018-03-06,18.25,19.639999,17.68,18.360001
2018-03-07,20.110001,20.49,17.52,17.76
2018-03-08,17.559999,17.68,14.91,16.540001
2018-03-09,16.41,16.75,13.31,14.64
2018-03-12,15.28,16.35,15.18,15.78
2018-03-13,15.7,16.98,15.03,16.35
2018-03-14,16.59,17.59,14.94,17.23
2018-03-15,16.99,17.41,15.96,16.59
2018-03-16,16.6,16.719999,15.23,15.8
2018-03-19,16.629999,21.870001,16.559999,19.02
2018-03-20,18.379999,19.309999,18.09,18.200001
2018-03-21,17.76,18.370001,16.26,17.860001
2018-03-22,18.129999,23.809999,18.120001,23.34
2018-03-23,24.02,26.01,21.629999,24.870001
2018-03-26,23.41,24.540001,20.709999,21.030001
2018-03-27,20.33,24.059999,19.84,22.5
2018-03-28,22.52,24.940001,21.709999,22.870001
2018-03-29,22.870001,23.049999,19.6,19.969999
2018-04-02,21.07,25.719999,20.440001,23.620001
2018-04-03,23.030001,23.379999,20.92,21.1
2018-04-04,21.68,24.51,19.860001,20.059999
2018-04-05,19.76,20.209999,18.57,18.940001
2018-04-06,20.33,23.120001,18.6,21.49
2018-04-09,21.27,22.02,20.34,21.77
2018-04-10,20.51,21.68,20.24,20.469999
2018-04-11,20.950001,21.66,19.639999,20.24
2018-04-12,19.83,19.92,18.16,18.49
2018-04-13,18.27,18.450001,17.26,17.41
2018-04-16,17.59,17.66,16.379999,16.559999
2018-04-17,16.16,16.27,14.57,15.25
2018-04-18,15.3,16.9,14.95,15.6
2018-04-19,15.55,16.92,15.16,15.96
2018-04-20,16.16,17.5,15.19,16.879999
2018-04-23,17.290001,17.559999,15.79,16.34
2018-04-24,16.16,19.66,15.37,18.02
2018-04-25,18.139999,19.84,17.75,17.84
2018-04-26,18.07,18.120001,16.24,16.24
2018-04-27,16.219999,16.77,15.25,15.41
2018-04-30,15.31,16.35,15.13,15.93
2018-05-01,16.0,16.82,15.42,15.49
2018-05-02,15.48,15.97,14.75,15.97
2018-05-03,15.78,18.66,15.43,15.9
2018-05-04,15.94,16.92,10.91,14.77
2018-05-07,15.05,15.27,14.51,14.75
2018-05-08,14.53,15.56,14.52,14.71
2018-05-09,14.54,14.63,13.38,13.42
2018-05-10,13.36,13.63,12.92,13.23
2018-05-11,13.22,13.44,12.65,12.65
2018-05-14,13.09,13.28,12.81,12.93
2018-05-15,13.13,15.01,12.5,14.63
2018-05-16,14.38,14.91,13.21,13.42
2018-05-17,13.54,13.86,12.65,13.43
2018-05-18,13.18,13.87,13.06,13.42
2018-05-21,12.99,13.59,12.78,13.08
2018-05-22,13.03,13.42,12.77,13.22
2018-05-23,13.5,14.6,12.49,12.58
2018-05-24,12.73,14.24,12.53,12.53
2018-05-25,12.44,13.52,12.29,13.22
2018-05-29,14.39,18.780001,14.39,17.02
2018-05-30,16.6,16.639999,14.65,14.94
2018-05-31,14.93,16.290001,14.2,15.43
2018-06-01,14.92,14.93,13.37,13.46
2018-06-04,13.91,13.91,12.69,12.74
2018-06-05,12.91,13.34,12.3,12.4
2018-06-06,12.1,12.56,11.62,11.64
2018-06-07,11.66,13.28,11.22,12.13
2018-06-08,12.54,13.31,12.09,12.18
2018-06-11,12.52,12.69,12.14,12.35
2018-06-12,12.29,12.6,11.88,12.34
2018-06-13,12.13,12.95,11.98,12.94
2018-06-14,12.98,13.07,11.88,12.12
2018-06-15,12.19,13.16,11.93,11.98
2018-06-18,12.79,13.74,12.28,12.31
2018-06-19,14.61,14.68,13.21,13.35
2018-06-20,12.9,13.02,12.25,12.79
2018-06-21,12.54,15.18,12.18,14.64
2018-06-22,14.6,14.6,13.11,13.77
2018-06-25,15.07,19.610001,14.56,17.33
2018-06-26,16.709999,17.540001,15.1,15.92
2018-06-27,16.52,18.190001,14.76,17.91
2018-06-28,17.540001,18.99,16.4,16.85
2018-06-29,15.73,16.51,14.66,16.09
2018-07-02,17.700001,18.08,15.54,15.6
2018-07-03,15.37,16.450001,14.68,16.139999
2018-07-05,15.62,16.219999,14.47,14.97
2018-07-06,14.99,15.45,13.34,13.37
2018-07-09,13.02,13.22,12.6,12.69
2018-07-10,12.52,13.21,11.93,12.64
2018-07-11,14.05,14.15,13.09,13.63
2018-07-12,13.07,13.33,12.42,12.58
2018-07-13,12.39,12.97,11.62,12.18
2018-07-16,12.77,12.97,12.46,12.83
2018-07-17,12.91,13.18,11.85,12.06
2018-07-18,11.87,12.47,11.44,12.1
2018-07-19,12.2,13.09,11.79,12.87
2018-07-20,13.0,13.58,12.49,12.86
2018-07-23,13.47,13.55,12.58,12.62
2018-07-24,12.61,13.21,11.66,12.41
2018-07-25,12.37,12.82,11.8,12.29
2018-07-26,12.45,12.53,11.78,12.14
2018-07-27,12.17,14.26,11.6,13.03
2018-07-30,13.63,14.46,12.98,14.26
2018-07-31,13.98,14.12,12.81,12.83
2018-08-01,13.09,13.63,12.45,13.15
2018-08-02,13.57,14.53,12.17,12.19
2018-08-03,12.43,12.46,11.07,11.64
2018-08-06,11.91,12.15,11.17,11.27
2018-08-07,11.12,11.24,10.52,10.93
2018-08-08,10.93,11.18,10.52,10.85
2018-08-09,10.94,11.31,10.17,11.27
2018-08-10,12.34,13.82,12.3,13.16
2018-08-13,14.5,15.02,12.95,14.78
2018-08-14,13.93,14.22,13.11,13.31
2018-08-15,13.52,16.860001,13.44,14.64
2018-08-16,14.18,14.36,12.82,13.45
2018-08-17,13.18,13.96,12.4,12.64
2018-08-20,12.57,12.79,12.26,12.49
2018-08-21,12.47,12.89,12.09,12.86
2018-08-22,13.09,13.29,11.97,12.25
2018-08-23,12.03,12.68,11.65,12.41
2018-08-24,12.13,12.17,11.83,11.99
2018-08-27,12.37,12.48,12.02,12.16
2018-08-28,12.01,12.5,11.87,12.5
2018-08-29,12.34,12.55,12.09,12.25
2018-08-30,12.25,13.95,12.24,13.53
2018-08-31,13.54,14.03,12.82,12.86
2018-09-04,13.13,14.35,13.12,13.16
2018-09-05,13.69,14.3,13.23,13.91
2018-09-06,14.21,15.41,13.72,14.65
2018-09-07,14.72,15.63,14.31,14.88
2018-09-10,15.09,15.2,13.93,14.16
2018-09-11,13.96,14.92,13.21,13.22
2018-09-12,13.07,13.86,12.91,13.14
2018-09-13,12.91,12.91,12.3,12.37
2018-09-14,12.13,13.15,11.93,12.07
2018-09-17,12.72,13.75,12.32,13.68
2018-09-18,13.48,13.48,12.56,12.79
2018-09-19,12.61,12.77,11.66,11.75
2018-09-20,11.82,11.96,11.31,11.8
2018-09-21,11.76,12.03,11.1,11.68
2018-09-24,12.46,12.92,12.18,12.2
2018-09-25,12.28,12.6,11.8,12.42
2018-09-26,12.21,13.13,11.55,12.89
2018-09-27,12.77,13.0,11.94,12.41
2018-09-28,12.59,13.22,12.09,12.12
2018-10-01,11.99,12.4,11.57,12.0
2018-10-02,12.47,12.69,11.61,12.05
2018-10-03,11.66,12.14,11.34,11.61
2018-10-04,12.84,15.84,12.42,14.22
2018-10-05,14.29,17.360001,11.72,14.82
2018-10-08,16.049999,18.379999,15.69,15.69
2018-10-09,16.120001,17.49,15.27,15.95
2018-10-10,16.030001,22.959999,15.83,22.959999
2018-10-11,23.07,28.84,20.65,24.98
2018-10-12,21.629999,26.799999,20.879999,21.309999
2018-10-15,21.969999,22.889999,19.469999,21.299999
2018-10-16,20.280001,20.559999,17.549999,17.620001
2018-10-17,17.059999,19.549999,17.059999,17.4
2018-10-18,18.02,21.57,17.51,20.059999
2018-10-19,19.24,21.08,18.389999,19.889999
2018-10-22,19.379999,20.889999,18.82,19.639999
2018-10-23,22.18,24.66,20.18,20.709999
2018-10-24,21.6,26.379999,20.4,25.23
2018-10-25,24.780001,24.780001,22.059999,24.219999
2018-10-26,24.51,27.52,23.33,24.16
2018-10-29,24.48,27.860001,22.01,24.700001
2018-10-30,23.940001,25.549999,23.110001,23.35
2018-10-31,22.719999,22.799999,20.389999,21.23
2018-11-01,20.959999,21.209999,19.030001,19.34
2018-11-02,18.52,21.610001,18.049999,19.51
2018-11-05,20.58,20.870001,19.639999,19.959999
2018-11-06,19.84,20.6,19.690001,19.91
2018-11-07,18.030001,18.049999,16.33,16.360001
2018-11-08,16.18,17.200001,16.09,16.719999
2018-11-09,16.870001,18.41,16.84,17.360001
2018-11-12,17.26,20.709999,17.25,20.450001
2018-11-13,19.450001,21.25,19.110001,20.02
2018-11-14,20.52,22.360001,19.299999,21.25
2018-11-15,20.41,22.969999,19.940001,19.98
2018-11-16,20.040001,21.360001,18.1,18.139999
2018-11-19,18.780001,20.99,18.52,20.1
2018-11-20,20.76,23.809999,20.370001,22.48
2018-11-21,21.66,22.309999,20.110001,20.799999
2018-11-23,21.23,22.65,20.65,21.52
2018-11-26,20.780001,20.799999,18.67,18.9
2018-11-27,19.41,19.93,18.700001,19.02
2018-11-28,18.870001,19.379999,18.18,18.49
2018-11-29,18.65,20.48,18.59,18.790001
2018-11-30,19.18,19.91,18.030001,18.07
2018-12-03,16.040001,17.280001,15.94,16.440001
2018-12-04,16.84,21.940001,16.26,20.74
2018-12-06,23.530001,25.940001,20.940001,21.190001
2018-12-07,22.42,24.709999,19.9,23.23
2018-12-10,23.950001,25.940001,22.5,22.639999
2018-12-11,22.959999,23.6,21.389999,21.76
2018-12-12,21.91,21.91,20.5,21.459999
2018-12-13,21.0,21.57,20.34,20.65
2018-12-14,21.57,22.469999,20.950001,21.629999
2018-12-17,22.360001,25.879999,21.969999,24.52
2018-12-18,24.68,26.139999,23.639999,25.58
2018-12-19,25.15,26.639999,22.5,25.58
2018-12-20,26.09,30.299999,24.68,28.379999
2018-12-21,28.24,31.35,25.709999,30.110001
2018-12-24,29.290001,36.099998,29.16,36.07
2018-12-26,35.5,36.200001,29.59,30.41
2018-12-27,31.200001,33.799999,29.66,29.959999
2018-12-28,29.969999,31.049999,27.43,28.34
2018-12-31,27.59,27.639999,25.33,25.42
2019-01-02,27.540001,28.530001,23.049999,23.219999
2019-01-03,25.68,26.6,24.049999,25.450001
2019-01-04,24.360001,24.48,21.190001,21.379999
2019-01-07,22.059999,22.709999,20.91,21.4
2019-01-08,20.959999,22.030001,20.09,20.469999
2019-01-09,20.440001,22.799999,19.48,19.98
2019-01-10,20.98,21.32,19.290001,19.5
2019-01-11,19.68,20.16,18.120001,18.190001
2019-01-14,19.84,20.27,18.700001,19.07
2019-01-15,18.530001,19.200001,17.98,18.6
2019-01-16,18.08,19.040001,17.76,19.040001
2019-01-17,19.51,19.719999,17.85,18.059999
2019-01-18,17.799999,18.18,17.17,17.799999
2019-01-22,18.530001,21.15,18.200001,20.799999
2019-01-23,20.85,22.02,19.469999,19.52
2019-01-24,19.690001,20.25,18.629999,18.889999
2019-01-25,18.43,18.459999,17.309999,17.42
2019-01-28,18.559999,20.42,18.42,18.870001
2019-01-29,19.450001,19.93,18.42,19.129999
2019-01-30,19.15,19.309999,17.540001,17.66
2019-01-31,17.389999,17.719999,16.540001,16.57
2019-02-01,16.629999,16.83,16.08,16.139999
2019-02-04,16.719999,16.73,15.6,15.73
2019-02-05,15.79,15.94,15.04,15.57
2019-02-06,15.44,15.87,15.09,15.38
2019-02-07,15.66,17.889999,15.51,16.370001
2019-02-08,16.809999,17.629999,15.62,15.72
2019-02-11,16.17,16.5,15.34,15.97
2019-02-12,15.23,15.65,14.95,15.43
2019-02-13,15.46,15.91,15.0,15.65
2019-02-14,15.61,17.27,15.3,16.219999
2019-02-15,16.82,16.82,14.79,14.91
2019-02-19,15.65,16.16,14.64,14.88
2019-02-20,14.92,15.19,13.99,14.02
2019-02-21,14.0,15.17,13.85,14.46
2019-02-22,14.46,14.47,13.51,13.51
2019-02-25,13.91,14.9,13.44,14.85
2019-02-26,15.16,15.28,14.52,15.17
2019-02-27,15.53,16.17,14.7,14.7
2019-02-28,15.17,15.24,14.39,14.78
2019-03-01,14.57,14.84,13.41,13.57
2019-03-04,13.77,16.98,13.38,14.63
2019-03-05,14.52,15.39,14.26,14.74
2019-03-06,14.91,16.110001,14.74,15.74
2019-03-07,16.33,17.809999,15.54,16.59
2019-03-08,17.379999,18.33,16.02,16.049999
2019-03-11,16.280001,16.43,14.33,14.33
2019-03-12,13.97,14.7,13.61,13.77
2019-03-13,14.0,14.05,13.25,13.41
2019-03-14,13.35,13.84,13.16,13.5
2019-03-15,13.21,13.28,12.5,12.88
2019-03-18,13.13,13.8,13.0,13.1
2019-03-19,12.89,13.77,12.37,13.56
2019-03-20,13.54,14.3,13.05,13.91
2019-03-21,14.11,14.56,13.26,13.63
2019-03-22,13.77,17.52,13.62,16.48
2019-03-25,17.76,17.85,16.26,16.33
2019-03-26,16.219999,16.299999,14.67,14.68
2019-03-27,14.52,16.709999,14.51,15.15
2019-03-28,15.38,15.62,14.41,14.43
2019-03-29,14.19,14.43,13.64,13.71
2019-04-01,13.9,14.01,13.32,13.4
2019-04-02,13.62,13.68,13.13,13.36
2019-04-03,13.06,14.27,12.85,13.74
2019-04-04,13.84,14.03,13.4,13.58
2019-04-05,13.46,13.47,12.17,12.82
2019-04-08,13.55,13.77,13.1,13.18
2019-04-09,13.46,14.39,13.31,14.28
2019-04-10,14.09,14.29,13.27,13.3
2019-04-11,13.37,13.58,12.91,13.02
2019-04-12,12.96,12.96,11.95,12.01
2019-04-15,12.46,13.14,12.24,12.32
2019-04-16,12.26,12.47,11.85,12.18
2019-04-17,12.12,13.02,11.03,12.6
2019-04-18,12.8,13.12,12.02,12.09
2019-04-22,13.21,13.36,12.38,12.42
2019-04-23,12.66,12.69,12.08,12.28
2019-04-24,12.53,13.23,12.26,13.14
2019-04-25,13.29,14.3,12.81,13.25
2019-04-26,13.44,13.62,12.49,12.73
2019-04-29,13.04,13.27,12.65,13.11
2019-04-30,13.11,14.05,12.88,13.12
2019-05-01,12.86,14.83,12.74,14.8
2019-05-02,14.35,15.92,13.8,14.42
2019-05-03,14.11,14.15,12.8,12.87
2019-05-06,12.89,18.799999,12.89,15.44
2019-05-07,15.9,21.84,15.8,19.32
2019-05-08,18.950001,21.74,18.290001,19.4
2019-05-09,21.4,23.379999,18.870001,19.1
2019-05-10,18.790001,20.190001,15.57,16.040001
2019-05-13,18.620001,21.32,18.35,20.549999
2019-05-14,19.4,19.65,17.450001,18.059999
2019-05-15,17.57,19.15,16.41,16.440001
2019-05-16,16.690001,17.129999,15.16,15.29
2019-05-17,15.89,16.809999,14.86,15.96
2019-05-20,15.88,17.629999,15.46,16.309999
2019-05-21,15.86,16.219999,14.79,14.95
2019-05-22,15.06,15.44,14.42,14.75
2019-05-23,15.93,18.049999,15.28,16.92
2019-05-24,16.34,16.52,15.52,15.85
2019-05-28,16.549999,17.700001,15.9,17.5
2019-05-29,18.549999,19.040001,17.620001,17.9
2019-05-30,17.469999,18.110001,16.719999,17.299999
2019-05-31,19.049999,19.719999,18.01,18.709999
2019-06-03,19.41,19.75,18.16,18.860001
2019-06-04,18.74,18.74,16.969999,16.969999
2019-06-05,17.059999,17.49,16.040001,16.09
2019-06-06,16.25,16.540001,15.36,15.93
2019-06-07,15.65,16.440001,15.33,16.299999
2019-06-10,16.299999,16.469999,15.84,15.94
2019-06-11,15.84,16.700001,15.5,15.99
2019-06-12,16.26,16.43,15.78,15.91
2019-06-13,16.16,16.209999,15.61,15.82
2019-06-14,16.0,16.4,15.21,15.28
2019-06-17,15.65,15.76,15.24,15.35
2019-06-18,14.89,15.54,14.62,15.15
2019-06-19,15.05,15.71,14.15,14.33
2019-06-20,14.04,16.030001,13.19,14.75
2019-06-21,14.74,15.48,14.42,15.4
2019-06-24,15.46,15.56,15.23,15.26
2019-06-25,15.43,16.68,15.1,16.280001
2019-06-26,16.1,16.6,15.47,16.209999
2019-06-27,15.66,16.4,15.66,15.82
2019-06-28,15.7,16.129999,15.08,15.08
2019-07-01,13.85,14.64,13.8,14.06
2019-07-02,14.16,14.3,12.9,12.93
2019-07-03,13.18,13.19,12.56,12.57
2019-07-05,13.0,14.47,12.04,13.28
2019-07-08,13.73,14.44,13.64,13.96
2019-07-09,14.47,14.71,13.99,14.09
2019-07-10,14.38,14.69,12.98,13.03
2019-07-11,13.01,13.33,12.39,12.93
2019-07-12,12.76,12.82,12.28,12.39
2019-07-15,12.58,13.02,12.49,12.68
2019-07-16,12.61,13.14,12.28,12.86
2019-07-17,12.62,13.97,12.24,13.97
2019-07-18,14.45,14.5,13.19,13.53
2019-07-19,13.31,14.45,13.09,14.45
2019-07-22,14.55,14.7,13.42,13.53
2019-07-23,13.42,13.52,12.55,12.61
2019-07-24,12.8,13.1,11.98,12.07
2019-07-25,12.24,13.54,11.69,12.74
2019-07-26,12.58,12.72,12.01,12.16
2019-07-29,12.15,13.17,12.15,12.83
2019-07-30,12.87,14.18,12.87,13.94
2019-07-31,13.83,16.549999,13.46,16.120001
2019-08-01,15.41,19.459999,13.73,17.870001
2019-08-02,17.690001,20.110001,17.040001,17.610001
2019-08-05,19.959999,24.809999,19.91,24.59
2019-08-06,22.290001,22.870001,19.77,20.17
2019-08-07,20.700001,23.67,18.940001,19.49
2019-08-08,19.360001,19.889999,16.82,16.91
2019-08-09,18.139999,19.440001,17.309999,17.969999
2019-08-12,17.870001,21.26,17.77,21.09
2019-08-13,21.280001,21.639999,17.52,17.52
2019-08-14,17.809999,22.709999,17.75,22.1
2019-08-15,21.58,24.1,20.780001,21.18
2019-08-16,20.48,20.5,18.41,18.469999
2019-08-19,17.93,18.219999,16.52,16.879999
2019-08-20,16.780001,17.700001,16.450001,17.5
2019-08-21,17.01,17.040001,15.51,15.8
2019-08-22,16.120001,17.68,15.63,16.68
2019-08-23,16.15,21.07,16.040001,19.870001
2019-08-26,20.34,21.33,19.059999,19.32
2019-08-27,20.18,21.040001,18.49,20.309999
2019-08-28,20.549999,21.639999,19.1,19.35
2019-08-29,19.02,19.200001,17.6,17.879999
2019-08-30,17.940001,19.18,17.09,18.98
2019-09-03,20.959999,21.15,19.41,19.66
2019-09-04,18.23,18.83,17.26,17.33
2019-09-05,16.92,17.049999,15.45,16.27
2019-09-06,15.92,16.059999,14.91,15.0
2019-09-09,15.26,16.129999,14.95,15.27
2019-09-10,15.53,16.52,15.11,15.2
2019-09-11,15.33,15.52,14.55,14.61
2019-09-12,14.69,14.94,13.85,14.22
2019-09-13,14.16,14.31,13.51,13.74
2019-09-16,14.89,15.29,14.5,14.67
2019-09-17,14.92,15.03,14.4,14.44
2019-09-18,14.61,15.8,13.8,13.95
2019-09-19,14.66,14.66,13.31,14.05
2019-09-20,13.94,15.84,13.35,15.32
2019-09-23,15.35,16.0,14.71,14.91
2019-09-24,14.77,17.620001,14.33,17.049999
2019-09-25,17.049999,18.450001,15.69,15.96
2019-09-26,16.23,17.09,15.35,16.07
2019-09-27,15.77,18.690001,15.15,17.219999
2019-09-30,17.23,17.35,16.200001,16.24
2019-10-01,16.02,18.620001,15.79,18.559999
2019-10-02,18.75,21.459999,18.75,20.559999
2019-10-03,20.110001,21.440001,19.030001,19.120001
2019-10-04,19.42,19.969999,16.969999,17.040001
2019-10-07,18.27,18.52,16.440001,17.860001
2019-10-08,17.610001,20.379999,17.42,20.280001
2019-10-09,19.940001,20.0,17.77,18.639999
2019-10-10,19.280001,19.799999,17.559999,17.57
2019-10-11,17.35,17.440001,15.11,15.58
2019-10-14,15.66,16.5,14.51,14.57
2019-10-15,13.94,14.43,13.39,13.54
2019-10-16,13.94,14.26,13.6,13.68
2019-10-17,13.79,14.18,13.31,13.79
2019-10-18,14.2,15.16,13.78,14.25
2019-10-21,14.24,14.63,14.0,14.0
2019-10-22,13.99,14.61,13.7,14.46
2019-10-23,14.83,15.12,14.01,14.01
2019-10-24,13.98,14.34,13.4,13.71
2019-10-25,13.53,13.79,12.62,12.65
2019-10-28,13.01,13.14,12.66,13.11
2019-10-29,13.16,13.52,13.07,13.2
2019-10-30,13.08,13.37,12.27,12.33
2019-10-31,13.51,13.95,13.18,13.22
2019-11-01,12.5,12.6,12.26,12.3
2019-11-04,12.68,13.13,12.44,12.83
2019-11-05,12.85,13.28,12.25,13.1
2019-11-06,13.18,13.39,12.6,12.62
2019-11-07,12.59,12.89,12.26,12.73
2019-11-08,12.98,13.05,12.0,12.07
2019-11-11,13.15,13.49,12.66,12.69
2019-11-12,12.64,13.1,12.36,12.68
2019-11-13,12.91,13.9,12.88,13.0
2019-11-14,13.16,13.81,12.93,13.05
2019-11-15,12.95,12.97,11.92,12.05
2019-11-18,12.39,13.1,12.32,12.46
2019-11-19,12.33,13.01,12.16,12.86
2019-11-20,13.42,14.17,12.61,12.78
2019-11-21,13.35,13.86,12.49,13.13
2019-11-22,12.82,13.25,12.33,12.34
2019-11-25,12.51,12.59,11.73,11.87
2019-11-26,11.88,12.04,11.42,11.54
2019-11-27,11.55,11.79,11.44,11.75
2019-11-29,12.5,12.83,12.12,12.62
2019-12-02,12.69,15.27,12.55,14.91
2019-12-03,14.68,17.99,14.61,15.96
2019-12-04,16.379999,16.4,14.12,14.8
2019-12-05,14.46,15.37,14.17,14.52
2019-12-06,14.37,14.47,13.19,13.62
2019-12-09,14.25,16.07,12.25,15.86
2019-12-10,15.8,16.9,14.93,15.68
2019-12-11,15.57,15.97,14.98,14.99
2019-12-12,14.94,15.55,13.6,13.94
2019-12-13,13.18,14.35,12.54,12.63
2019-12-16,12.47,12.53,11.71,12.14
2019-12-17,12.23,12.47,11.9,12.29
2019-12-18,12.24,12.7,11.93,12.58
2019-12-19,12.55,12.78,12.43,12.5
2019-12-20,12.55,12.61,12.04,12.51
2019-12-23,12.81,12.9,12.41,12.61
2019-12-24,12.65,12.84,12.56,12.67
2019-12-26,12.74,12.75,11.72,12.65
2019-12-27,12.61,13.72,11.89,13.43
2019-12-30,13.74,15.14,13.44,14.82
2019-12-31,14.84,15.39,13.75,13.78
2020-01-02,13.46,13.72,12.42,12.47
2020-01-03,15.01,16.200001,13.13,14.02
2020-01-06,15.45,16.389999,13.54,13.85
2020-01-07,13.84,14.46,13.39,13.79
2020-01-08,15.16,15.24,12.83,13.45
2020-01-09,12.95,13.24,12.53,12.54
2020-01-10,12.42,12.87,12.09,12.56
2020-01-13,12.84,13.09,12.32,12.32
2020-01-14,12.72,13.82,12.05,12.39
2020-01-15,12.79,12.83,11.95,12.42
2020-01-16,12.2,12.42,11.78,12.32
2020-01-17,12.21,12.48,11.75,12.1
2020-01-21,13.23,13.33,12.32,12.85
2020-01-22,12.45,13.01,12.31,12.91
2020-01-23,13.26,14.15,12.94,12.98
2020-01-24,12.75,15.98,12.62,14.56
2020-01-27,17.42,19.02,16.82,18.23
2020-01-28,16.940001,18.030001,15.69,16.280001
2020-01-29,15.68,16.65,14.94,16.389999
2020-01-30,17.82,18.389999,15.3,15.49
2020-01-31,16.25,19.99,16.18,18.84
2020-02-03,18.639999,18.879999,17.1,17.969999
2020-02-04,16.450001,16.459999,15.63,16.049999
2020-02-05,16.290001,16.32,15.02,15.15
2020-02-06,15.13,15.66,14.7,14.96
2020-02-07,15.07,16.16,14.81,15.47
2020-02-10,15.88,16.43,15.01,15.04
2020-02-11,14.91,15.27,14.38,15.18
2020-02-12,14.86,14.88,13.73,13.74
2020-02-13,14.43,15.44,14.0,14.15
2020-02-14,14.12,14.54,13.38,13.68
2020-02-18,14.98,15.49,14.53,14.83
2020-02-19,14.66,14.74,14.21,14.38
2020-02-20,14.54,17.209999,14.49,15.56
2020-02-21,17.33,18.209999,16.190001,17.08
2020-02-24,22.25,26.35,22.0,25.030001
2020-02-25,22.190001,30.25,22.190001,27.85
2020-02-26,26.629999,29.57,24.76,27.559999
2020-02-27,28.950001,39.310001,27.790001,39.16
2020-02-28,42.02,49.48,39.369999,40.110001
2020-03-02,38.540001,40.41,31.5,33.419998
2020-03-03,33.650002,41.060001,24.93,36.82
2020-03-04,34.439999,35.580002,30.299999,31.99
2020-03-05,33.610001,42.84,33.540001,39.619999
2020-03-06,48.93,54.389999,40.84,41.939999
2020-03-09,41.939999,62.119999,41.939999,54.459999
2020-03-10,49.68,55.66,43.560001,47.299999
2020-03-11,52.240002,55.82,49.98,53.900002
2020-03-12,61.459999,76.830002,59.91,75.470001
2020-03-13,71.309998,77.57,55.169998,57.830002
2020-03-16,57.830002,83.559998,57.830002,82.690002
2020-03-17,82.690002,84.830002,70.370003,75.910004
2020-03-18,69.370003,85.470001,69.370003,76.449997
2020-03-19,80.620003,84.260002,68.57,72.0
2020-03-20,67.860001,69.510002,57.419998,66.040001
2020-03-23,74.080002,76.739998,60.459999,61.59
2020-03-24,58.759998,61.880001,36.240002,61.669998
2020-03-25,61.439999,68.860001,58.029999,63.950001
2020-03-26,65.669998,67.059998,57.66,61.0
2020-03-27,64.949997,69.099998,61.799999,65.540001
2020-03-30,66.300003,67.690002,56.599998,57.080002
2020-03-31,56.689999,58.75,50.880001,53.540001
2020-04-01,57.380001,60.59,52.759998,57.060001
2020-04-02,54.459999,57.240002,50.450001,50.91
2020-04-03,51.110001,52.290001,46.740002,46.799999
2020-04-06,44.169998,45.73,43.450001,45.240002
2020-04-07,44.830002,47.509998,43.509998,46.700001
2020-04-08,45.900002,47.279999,42.529999,43.349998
2020-04-09,43.0,45.73,41.389999,41.669998
2020-04-13,44.599998,45.040001,41.169998,41.169998
2020-04-14,40.240002,40.57,37.310001,37.759998
2020-04-15,42.57,43.23,40.049999,40.84
2020-04-16,41.919998,43.02,39.869999,40.110001
2020-04-17,39.5,40.259998,37.630001,38.150002
2020-04-20,40.68,43.830002,39.880001,43.830002
2020-04-21,44.279999,47.77,43.77,45.41
2020-04-22,44.91,45.07,41.41,41.98
2020-04-23,41.299999,42.470001,39.060001,41.380001
2020-04-24,38.799999,40.169998,35.599998,35.93
2020-04-27,36.290001,36.439999,32.509998,33.290001
2020-04-28,33.209999,35.389999,30.540001,33.57
2020-04-29,32.48,33.189999,30.709999,31.23
2020-04-30,30.99,35.939999,30.93,34.150002
2020-05-01,38.169998,39.57,36.59,37.189999
2020-05-04,39.130001,40.32,35.529999,35.970001
2020-05-05,34.82,36.220001,31.950001,33.610001
2020-05-06,32.689999,35.689999,31.68,34.119999
2020-05-07,32.119999,32.279999,30.370001,31.440001
2020-05-08,30.139999,30.389999,27.889999,27.98
2020-05-11,28.459999,31.459999,26.969999,27.57
2020-05-12,28.469999,33.040001,26.0,33.040001
2020-05-13,32.740002,37.419998,30.77,35.279999
2020-05-14,35.16,39.279999,32.330002,32.610001
2020-05-15,32.5,35.130001,31.040001,31.889999
2020-05-18,30.709999,31.08,28.35,29.299999
2020-05-19,28.73,30.74,28.370001,30.530001
2020-05-20,29.52,29.83,27.83,27.99
2020-05-21,28.969999,30.200001,27.67,29.530001
2020-05-22,31.360001,31.549999,28.030001,28.16
2020-05-26,27.719999,28.58,27.18,28.01
2020-05-27,27.620001,30.530001,25.92,27.620001
2020-05-28,27.82,29.889999,27.43,28.59
2020-05-29,29.299999,30.16,27.290001,27.51
2020-06-01,28.940001,30.6,28.110001,28.23
2020-06-02,28.4,28.52,26.66,26.84
2020-06-03,26.75,26.98,25.040001,25.66
2020-06-04,26.23,26.43,24.379999,25.809999
2020-06-05,24.790001,25.09,23.540001,24.52
2020-06-08,25.559999,25.98,24.65,25.809999
2020-06-09,25.93,27.700001,25.709999,27.57
2020-06-10,26.73,29.01,26.059999,27.57
2020-06-11,30.450001,42.580002,29.49,40.790001
2020-06-12,37.68,44.16,34.970001,36.09
2020-06-15,44.09,44.439999,34.279999,34.400002
2020-06-16,34.279999,37.450001,31.73,33.669998
2020-06-17,33.279999,35.169998,32.25,33.470001
2020-06-18,33.830002,36.25,32.240002,32.939999
2020-06-19,32.07,35.119999,30.4,35.119999
2020-06-22,35.220001,35.389999,31.639999,31.77
2020-06-23,31.709999,31.709999,29.26,31.370001
2020-06-24,31.049999,37.119999,30.950001,33.84
2020-06-25,36.59,36.93,31.59,32.220001
2020-06-26,33.009998,36.25,31.040001,34.73
2020-06-29,35.049999,36.310001,31.780001,31.780001
2020-06-30,32.540001,32.939999,29.559999,30.43
2020-07-01,30.959999,31.76,28.200001,28.620001
2020-07-02,28.33,28.440001,25.9,27.68
2020-07-06,27.76,28.33,24.92,27.940001
2020-07-07,28.77,29.629999,27.25,29.43
2020-07-08,28.950001,30.200001,27.24,28.08
2020-07-09,28.18,31.48,26.110001,29.26
2020-07-10,30.860001,30.91,27.129999,27.290001
2020-07-13,27.85,32.450001,26.870001,32.189999
2020-07-14,31.139999,33.669998,29.209999,29.52
2020-07-15,29.15,30.09,27.17,27.76
2020-07-16,28.41,29.290001,26.98,28.0
2020-07-17,27.15,27.540001,25.41,25.68
2020-07-20,26.940001,27.08,24.35,24.459999
2020-07-21,24.08,25.65,23.610001,24.84
2020-07-22,24.559999,26.26,24.129999,24.32
2020-07-23,23.969999,26.950001,23.6,26.08
2020-07-24,27.959999,28.58,25.530001,25.84
2020-07-27,26.6,26.940001,24.549999,24.74
2020-07-28,24.860001,25.85,24.049999,25.440001
2020-07-29,25.16,25.42,23.73,24.1
2020-07-30,25.040001,28.290001,24.639999,24.76
2020-07-31,24.790001,26.41,23.549999,24.459999
2020-08-03,25.75,26.01,22.17,24.280001
2020-08-04,24.01,24.76,22.92,23.76
2020-08-05,23.440001,23.610001,22.860001,22.99
2020-08-06,23.030001,24.110001,20.969999,22.65
2020-08-07,23.450001,24.02,22.02,22.209999
2020-08-10,22.879999,23.52,21.459999,22.129999
2020-08-11,21.85,24.93,20.280001,24.030001
2020-08-12,22.82,22.879999,21.540001,22.280001
2020-08-13,22.200001,22.92,21.450001,22.129999
2020-08-14,22.27,23.549999,21.790001,22.049999
2020-08-17,22.52,22.82,21.34,21.35
2020-08-18,21.690001,22.549999,21.18,21.51
2020-08-19,21.6,22.98,20.99,22.540001
2020-08-20,24.1,24.6,22.370001,22.719999
2020-08-21,22.58,24.469999,22.059999,22.540001
2020-08-24,22.870001,23.18,21.25,22.370001
2020-08-25,22.16,23.43,21.530001,22.030001
2020-08-26,22.139999,23.27,20.92,23.27
2020-08-27,23.42,27.09,21.440001,24.469999
2020-08-28,24.59,26.299999,22.639999,22.959999
2020-08-31,23.91,26.5,21.77,26.41
2020-09-01,25.860001,26.59,25.02,26.120001
2020-09-02,26.01,27.07,25.530001,26.57
2020-09-03,26.280001,35.939999,25.66,33.599998
2020-09-04,34.619999,38.279999,29.5,30.75
2020-09-08,30.610001,35.93,30.52,31.459999
2020-09-09,31.68,31.780001,28.120001,28.809999
2020-09-10,28.67,30.559999,27.59,29.709999
2020-09-11,28.629999,29.73,26.51,26.870001
2020-09-14,25.860001,26.790001,25.379999,25.85
2020-09-15,25.92,26.0,24.92,25.59
2020-09-16,25.309999,26.59,24.84,26.040001
2020-09-17,28.219999,28.92,26.26,26.459999
2020-09-18,26.65,28.1,25.280001,25.83
2020-09-21,28.040001,31.18,27.389999,27.780001
2020-09-22,28.610001,28.780001,26.48,26.860001
2020-09-23,27.02,29.73,25.190001,28.58
2020-09-24,29.540001,30.49,27.940001,28.51
2020-09-25,28.17,30.43,26.02,26.379999
2020-09-28,27.15,27.190001,24.9,26.190001
2020-09-29,26.809999,27.43,25.98,26.27
2020-09-30,26.690001,27.120001,25.059999,26.370001
2020-10-01,25.780001,27.110001,25.33,26.700001
2020-10-02,28.870001,29.9,26.93,27.629999
2020-10-05,29.52,29.690001,27.27,27.959999
2020-10-06,28.049999,30.0,26.01,29.48
2020-10-07,29.26,29.76,27.940001,28.059999
2020-10-08,27.65,27.99,24.879999,26.360001
2020-10-09,26.200001,26.219999,24.030001,25.0
2020-10-12,25.65,25.65,24.139999,25.07
2020-10-13,25.67,26.93,25.16,26.07
2020-10-14,25.719999,27.23,25.530001,26.4
2020-10-15,27.1,29.059999,26.82,26.969999
2020-10-16,27.16,27.459999,26.190001,27.41
2020-10-19,27.360001,29.690001,27.040001,29.18
2020-10-20,28.809999,29.6,28.290001,29.35
2020-10-21,29.120001,30.549999,28.370001,28.65
2020-10-22,30.1,30.120001,27.68,28.110001
2020-10-23,28.469999,28.67,27.26,27.549999
2020-10-26,29.379999,33.68,29.219999,32.459999
2020-10-27,32.040001,33.77,31.85,33.349998
2020-10-28,34.689999,40.77,34.68,40.279999
2020-10-29,38.799999,41.16,35.630001,37.59
2020-10-30,40.810001,41.09,36.5,38.02
2020-11-02,38.57,38.779999,36.130001,37.130001
2020-11-03,36.439999,36.439999,34.189999,35.549999
2020-11-04,36.790001,36.849998,28.030001,29.57
2020-11-05,27.559999,28.139999,26.040001,27.58
2020-11-06,27.870001,29.440001,24.559999,24.860001
2020-11-09,24.799999,25.82,22.41,25.75
2020-11-10,25.360001,26.77,24.35,24.799999
2020-11-11,25.01,25.120001,22.57,23.450001
2020-11-12,24.389999,27.27,23.530001,25.35
2020-11-13,24.940001,25.030001,22.74,23.1
2020-11-16,23.66,24.08,22.43,22.450001
2020-11-17,22.84,24.09,22.34,22.709999
2020-11-18,22.860001,23.92,21.66,23.84
2020-11-19,23.620001,24.52,22.559999,23.110001
2020-11-20,23.43,23.73,22.129999,23.700001
2020-11-23,23.66,23.959999,22.450001,22.66
2020-11-24,22.040001,22.48,20.799999,21.639999
2020-11-25,21.65,22.5,21.129999,21.25
2020-11-27,21.52,21.6,19.51,20.84
2020-11-30,22.639999,22.889999,20.48,20.57
2020-12-01,20.209999,20.92,20.0,20.77
2020-12-02,21.0,21.25,20.040001,21.17
2020-12-03,21.24,21.879999,20.719999,21.280001
2020-12-04,21.049999,21.15,19.969999,20.790001
2020-12-07,22.040001,22.620001,21.17,21.299999
2020-12-08,21.65,22.25,20.52,20.68
2020-12-09,20.66,22.93,20.1,22.27
2020-12-10,22.120001,23.459999,21.530001,22.52
2020-12-11,22.49,25.139999,22.48,23.309999
2020-12-14,22.67,24.82,21.950001,24.719999
2020-12-15,24.0,24.07,22.73,22.889999
2020-12-16,22.51,23.67,22.290001,22.5
2020-12-17,21.98,22.27,21.52,21.93
2020-12-18,22.15,23.77,21.57,21.57
2020-12-21,24.25,31.459999,24.23,25.16
2020-12-22,25.24,25.559999,23.530001,24.23
2020-12-23,23.49,23.68,22.129999,23.309999
2020-12-24,22.469999,22.83,21.389999,21.530001
2020-12-28,22.110001,22.120001,21.15,21.700001
2020-12-29,21.610001,23.719999,20.99,23.08
2020-12-30,22.58,23.15,22.41,22.77
2020-12-31,22.99,23.25,21.24,22.75
2021-01-04,23.040001,29.190001,22.559999,26.969999
2021-01-05,26.940001,28.6,24.799999,25.34
2021-01-06,25.48,26.77,22.139999,25.07
2021-01-07,23.67,23.91,22.25,22.370001
2021-01-08,22.43,23.34,21.42,21.559999
2021-01-11,23.309999,24.809999,23.23,24.08
2021-01-12,23.49,25.15,22.83,23.33
2021-01-13,23.07,24.18,21.92,22.209999
2021-01-14,22.219999,23.469999,21.66,23.25
2021-01-15,23.52,25.799999,23.08,24.34
2021-01-19,23.030001,23.559999,22.530001,23.24
2021-01-20,22.82,22.860001,21.370001,21.58
2021-01-21,21.34,22.219999,21.09,21.32
2021-01-22,22.24,23.73,21.27,21.91
2021-01-25,22.309999,26.629999,22.200001,23.190001
2021-01-26,23.91,23.940001,22.549999,23.02
2021-01-27,23.82,37.209999,23.709999,37.209999
2021-01-28,33.25,36.290001,27.389999,30.209999
2021-01-29,35.16,37.509998,29.24,33.09
2021-02-01,31.450001,33.959999,29.030001,30.24
2021-02-02,28.01,28.08,25.309999,25.559999
2021-02-03,24.59,25.43,22.91,22.91
2021-02-04,23.440001,23.440001,21.68,21.77
2021-02-05,21.99,22.16,20.860001,20.870001
2021-02-08,21.889999,22.07,21.23,21.24
2021-02-09,21.57,22.26,20.65,21.629999
2021-02-10,21.639999,23.85,19.690001,21.99
2021-02-11,22.09,23.25,21.110001,21.25
2021-02-12,21.6,22.450001,19.950001,19.969999
2021-02-16,21.129999,22.459999,20.879999,21.459999
2021-02-17,22.02,23.440001,21.09,21.5
2021-02-18,21.98,24.23,21.799999,22.49
2021-02-19,23.1,23.190001,20.84,22.049999
2021-02-22,24.459999,25.09,21.959999,23.450001
2021-02-23,22.82,27.01,22.5,23.110001
2021-02-24,23.76,25.040001,21.309999,21.34
2021-02-25,21.73,31.16,21.52,28.889999
2021-02-26,28.73,30.82,25.23,27.950001
2021-03-01,25.200001,25.389999,23.17,23.35
2021-03-02,23.58,24.6,22.799999,24.1
2021-03-03,22.799999,26.790001,22.450001,26.67
2021-03-04,26.52,31.9,24.93,28.57
2021-03-05,29.48,30.030001,24.33,24.66
2021-03-08,27.610001,28.389999,24.07,25.469999
2021-03-09,25.110001,25.25,22.9,24.030001
2021-03-10,23.76,23.870001,22.379999,22.559999
2021-03-11,22.5,22.5,21.450001,21.91
2021-03-12,22.57,22.99,20.629999,20.690001
2021-03-15,21.84,21.860001,19.870001,20.030001
2021-03-16,20.139999,20.309999,19.33,19.790001
2021-03-17,20.1,20.950001,19.18,19.23
2021-03-18,18.950001,22.6,18.950001,21.58
2021-03-19,21.43,23.17,19.9,20.950001
2021-03-22,21.91,22.290001,18.870001,18.879999
2021-03-23,19.459999,21.58,18.799999,20.299999
2021-03-24,20.639999,21.49,19.299999,21.200001
2021-03-25,20.799999,23.549999,19.809999,19.809999
2021-03-26,19.32,21.49,18.68,18.860001
2021-03-29,20.4,21.6,19.42,20.74
2021-03-30,20.76,21.75,19.469999,19.610001
2021-03-31,19.799999,20.110001,18.85,19.4
2021-04-01,18.6,18.639999,17.290001,17.33
2021-04-05,18.16,18.4,17.35,17.91
2021-04-06,18.07,18.299999,17.370001,18.120001
2021-04-07,17.99,18.17,16.870001,17.16
2021-04-08,16.92,17.360001,16.549999,16.950001
2021-04-09,17.049999,17.34,16.200001,16.690001
2021-04-12,17.43,17.91,16.809999,16.91
2021-04-13,16.99,17.860001,16.43,16.65
2021-04-14,16.709999,17.690001,15.38,16.99
2021-04-15,16.780001,16.92,15.94,16.57
2021-04-16,16.65,16.879999,16.049999,16.25
2021-04-19,17.040001,18.610001,16.780001,17.290001
2021-04-20,17.360001,19.700001,17.24,18.68
2021-04-21,18.48,19.290001,16.91,17.5
2021-04-22,17.280001,19.9,16.99,18.709999
2021-04-23,18.559999,18.780001,16.799999,17.33
2021-04-26,17.940001,18.17,16.870001,17.639999
2021-04-27,17.620001,18.16,16.969999,17.559999
2021-04-28,17.469999,17.84,16.67,17.280001
2021-04-29,16.879999,18.870001,16.77,17.610001
2021-04-30,17.67,19.25,17.639999,18.610001
2021-05-03,18.65,19.120001,17.799999,18.309999
2021-05-04,18.16,21.85,18.110001,19.48
2021-05-05,18.84,19.58,17.889999,19.15
2021-05-06,18.41,20.6,18.209999,18.389999
2021-05-07,18.450001,18.57,16.68,16.690001
2021-05-10,17.34,19.75,17.07,19.66
2021-05-11,21.17,23.73,20.709999,21.84
2021-05-12,22.42,28.379999,21.66,27.59
2021-05-13,26.030001,28.93,22.23,23.129999
2021-05-14,21.77,22.1,18.66,18.809999
2021-05-17,19.889999,21.58,19.67,19.719999
2021-05-18,18.889999,21.450001,18.809999,21.34
2021-05-19,22.459999,25.959999,21.879999,22.18
2021-05-20,22.33,23.5,20.190001,20.67
2021-05-21,20.42,20.889999,19.530001,20.15
2021-05-24,20.5,20.51,18.379999,18.4
2021-05-25,18.35,19.290001,16.870001,18.84
2021-05-26,18.370001,18.92,17.35,17.360001
2021-05-27,18.030001,18.17,16.52,16.74
2021-05-28,16.799999,16.860001,15.9,16.76
2021-06-01,17.24,18.530001,15.68,17.9
2021-06-02,17.860001,18.309999,16.74,17.48
2021-06-03,17.73,19.27,17.450001,18.040001
2021-06-04,18.09,18.42,16.18,16.42
2021-06-07,17.34,17.35,15.78,16.42
2021-06-08,16.58,17.75,15.15,17.07
2021-06-09,17.18,17.959999,15.55,17.889999
2021-06-10,18.18,18.290001,16.01,16.1
2021-06-11,16.18,16.200001,15.15,15.65
2021-06-14,16.040001,17.040001,15.04,16.389999
2021-06-15,16.27,17.35,16.139999,17.02
2021-06-16,16.99,19.110001,16.42,18.15
2021-06-17,18.49,19.219999,16.709999,17.75
2021-06-18,16.959999,21.040001,16.92,20.700001
2021-06-21,21.74,21.82,17.809999,17.889999
2021-06-22,17.91,18.32,15.76,16.66
2021-06-23,16.25,16.84,14.86,16.32
2021-06-24,15.99,16.049999,14.19,15.97
2021-06-25,16.040001,16.17,15.21,15.62
2021-06-28,16.07,16.459999,15.39,15.76
2021-06-29,15.69,16.309999,14.1,16.02
2021-06-30,16.18,17.309999,15.58,15.83
2021-07-01,15.62,16.01,15.31,15.48
2021-07-02,15.53,15.54,14.25,15.07
2021-07-06,15.77,17.940001,15.73,16.440001
2021-07-07,16.43,17.639999,16.08,16.200001
2021-07-08,17.74,21.290001,17.74,19.0
2021-07-09,17.879999,18.129999,16.08,16.18
2021-07-12,16.85,17.52,16.139999,16.17
2021-07-13,16.389999,17.23,15.94,17.120001
2021-07-14,17.34,17.51,15.95,16.33
2021-07-15,16.700001,18.09,16.559999,17.01
2021-07-16,16.799999,18.700001,16.030001,18.450001
2021-07-19,19.610001,25.09,19.27,22.5
2021-07-20,20.889999,22.969999,19.370001,19.73
2021-07-21,19.73,19.82,17.809999,17.91
2021-07-22,17.59,18.450001,17.4,17.690001
2021-07-23,16.98,17.48,16.33,17.200001
2021-07-26,18.67,19.389999,17.530001,17.58
2021-07-27,18.620001,20.440001,18.25,19.360001
2021-07-28,19.41,19.620001,17.52,18.309999
2021-07-29,17.91,18.01,17.190001,17.700001
2021-07-30,19.690001,19.719999,17.530001,18.24
2021-08-02,18.16,19.870001,17.99,19.459999
2021-08-03,19.17,20.440001,17.700001,18.040001
2021-08-04,18.23,18.9,17.67,17.969999
2021-08-05,17.73,17.84,17.23,17.280001
2021-08-06,17.459999,17.5,16.139999,16.15
2021-08-09,17.120001,17.389999,16.59,16.719999
2021-08-10,16.82,17.049999,16.34,16.790001
2021-08-11,16.809999,17.09,16.07,16.17
2021-08-12,16.33,16.42,15.49,15.59
2021-08-13,15.68,15.72,15.19,15.45
2021-08-16,17.049999,17.709999,16.02,16.120001
2021-08-17,17.309999,19.559999,16.709999,17.91
2021-08-18,17.559999,21.639999,17.309999,21.57
2021-08-19,23.120001,24.74,20.370001,21.67
2021-08-20,22.74,23.9,18.18,18.559999
2021-08-23,18.83,18.950001,16.950001,17.15
2021-08-24,16.959999,17.51,16.940001,17.219999
2021-08-25,17.42,17.5,16.459999,16.790001
2021-08-26,17.459999,19.27,17.16,18.84
2021-08-27,17.950001,18.219999,16.110001,16.389999
2021-08-30,16.77,16.799999,15.98,16.190001
2021-08-31,15.98,17.07,15.91,16.48
2021-09-01,16.059999,16.709999,15.68,16.110001
2021-09-02,16.27,16.98,15.73,16.41
2021-09-03,16.27,17.059999,16.08,16.41
2021-09-07,16.940001,18.389999,16.889999,18.139999
2021-09-08,18.969999,19.639999,17.780001,17.959999
2021-09-09,19.440001,19.540001,17.17,18.799999
2021-09-10,17.940001,21.129999,16.99,20.950001
2021-09-13,19.639999,21.18,18.76,19.370001
2021-09-14,19.58,20.469999,18.389999,19.459999
2021-09-15,19.299999,20.27,18.01,18.18
2021-09-16,18.41,19.76,17.65,18.690001
2021-09-17,18.370001,21.51,18.35,20.809999
2021-09-20,24.25,28.790001,23.9,25.709999
2021-09-21,23.41,25.6,21.709999,24.360001
2021-09-22,22.719999,23.4,20.75,20.870001
2021-09-23,19.91,20.209999,18.42,18.629999
2021-09-24,19.33,20.41,17.629999,17.75
2021-09-27,17.780001,19.32,17.74,18.76
2021-09-28,19.74,24.82,19.709999,23.25
2021-09-29,22.07,23.790001,21.450001,22.559999
2021-09-30,21.48,24.709999,20.6,23.139999
2021-10-01,24.780001,24.889999,20.85,21.1
2021-10-04,22.9,24.58,21.879999,22.959999
2021-10-05,22.92,23.17,20.620001,21.299999
2021-10-06,22.950001,24.4,20.99,21.0
2021-10-07,20.540001,20.76,19.07,19.540001
2021-10-08,19.459999,19.940001,18.200001,18.77
2021-10-11,19.93,20.450001,18.110001,20.0
2021-10-12,20.620001,20.809999,18.969999,19.85
2021-10-13,20.139999,20.23,18.440001,18.639999
2021-10-14,18.01,18.08,16.799999,16.860001
2021-10-15,16.639999,16.85,15.72,16.299999
2021-10-18,17.290001,17.93,16.27,16.309999
2021-10-19,16.09,16.309999,15.57,15.7
2021-10-20,15.82,15.89,15.29,15.49
2021-10-21,16.059999,16.110001,14.92,15.01
2021-10-22,15.35,16.389999,14.84,15.43
2021-10-25,16.139999,16.33,15.1,15.24
2021-10-26,15.02,16.709999,14.9,15.98
2021-10-27,15.79,17.290001,15.54,16.98
2021-10-28,17.059999,17.16,16.23,16.530001
2021-10-29,17.4,18.059999,16.129999,16.26
2021-11-01,16.85,17.700001,16.32,16.41
2021-11-02,16.540001,16.65,15.89,16.030001
2021-11-03,16.110001,16.389999,14.9,15.1
2021-11-04,15.06,16.139999,14.73,15.44
2021-11-05,15.59,17.02,14.95,16.48
2021-11-08,17.23,17.690001,16.440001,17.219999
2021-11-09,17.43,18.57,17.209999,17.780001
2021-11-10,17.74,19.9,17.219999,18.73
2021-11-11,18.34,18.389999,17.27,17.66
2021-11-12,17.49,17.690001,16.15,16.290001
2021-11-15,17.030001,17.459999,16.49,16.49
2021-11-16,16.860001,17.08,16.030001,16.370001
2021-11-17,16.360001,17.190001,16.280001,17.110001
2021-11-18,16.809999,18.15,16.379999,17.59
2021-11-19,17.360001,19.01,17.23,17.91
2021-11-22,18.200001,19.59,17.35,19.17
2021-11-23,20.24,20.91,19.030001,19.379999
2021-11-24,19.17,20.959999,18.52,18.58
2021-11-26,26.620001,28.99,23.879999,28.620001
2021-11-29,25.309999,25.690001,21.709999,22.959999
2021-11-30,26.23,28.559999,23.709999,27.190001
2021-12-01,24.92,32.610001,22.379999,31.120001
2021-12-02,29.440001,30.68,27.15,27.950001
2021-12-03,26.950001,35.32,25.889999,30.67
2021-12-06,28.99,30.82,26.75,27.18
2021-12-07,24.58,24.690001,21.58,21.889999
2021-12-08,21.74,23.110001,19.85,19.9
2021-12-09,20.309999,22.120001,19.940001,21.58
2021-12-10,21.27,21.299999,18.690001,18.690001
2021-12-13,19.290001,21.18,18.959999,20.309999
2021-12-14,19.67,23.0,19.67,21.889999
2021-12-15,21.6,23.469999,19.02,19.290001
2021-12-16,18.559999,22.129999,18.190001,20.57
2021-12-17,20.700001,23.26,20.49,21.57
2021-12-20,25.889999,27.389999,22.85,22.870001
2021-12-21,22.280001,22.68,20.9,21.01
2021-12-22,21.040001,21.360001,18.59,18.629999
2021-12-23,18.809999,18.93,17.620001,17.959999
2021-12-27,19.370001,19.41,17.549999,17.68
2021-12-28,17.780001,18.469999,17.51,17.540001
2021-12-29,17.629999,18.0,16.709999,16.950001
2021-12-30,17.299999,17.790001,16.620001,17.33
2021-12-31,17.629999,18.27,16.99,17.219999
2022-01-03,17.6,18.540001,16.559999,16.6
2022-01-04,16.57,17.809999,16.34,16.91
2022-01-05,17.07,20.17,16.58,19.73
2022-01-06,20.290001,21.059999,19.08,19.610001
2022-01-07,19.85,20.799999,18.57,18.76
2022-01-10,19.58,23.33,19.290001,19.4
2022-01-11,19.620001,21.0,18.200001,18.41
2022-01-12,18.17,18.690001,17.360001,17.620001
2022-01-13,18.059999,20.610001,17.450001,20.309999
2022-01-14,20.110001,22.07,19.049999,19.190001
2022-01-18,21.18,23.200001,21.18,22.790001
2022-01-19,23.120001,23.99,21.85,23.85
2022-01-20,23.459999,25.889999,21.68,25.59
2022-01-21,25.379999,29.790001,25.309999,28.85
2022-01-24,28.200001,38.939999,28.02,29.9
2022-01-25,32.290001,35.849998,29.129999,31.16
2022-01-26,29.35,33.040001,26.9,31.959999
2022-01-27,32.189999,33.0,28.42,30.49
2022-01-28,30.27,32.82,27.280001,27.66
2022-01-31,28.360001,29.41,24.709999,24.83
2022-02-01,24.57,25.33,21.959999,21.959999
2022-02-02,21.559999,22.73,20.459999,22.09
2022-02-03,22.629999,25.809999,22.299999,24.35
2022-02-04,23.77,26.26,22.07,23.219999
2022-02-07,24.09,24.82,22.02,22.860001
2022-02-08,23.09,23.48,21.32,21.440001
2022-02-09,21.27,21.299999,19.93,19.959999
2022-02-10,20.370001,24.77,20.18,23.91
2022-02-11,24.389999,30.99,23.33,27.360001
2022-02-14,29.17,32.040001,28.33,28.33
2022-02-15,28.09,28.09,25.33,25.700001
2022-02-16,25.190001,27.09,23.879999,24.290001
2022-02-17,24.83,28.370001,24.76,28.110001
2022-02-18,26.66,29.709999,26.379999,27.75
2022-02-22,31.799999,32.040001,28.4,28.809999
2022-02-23,28.040001,31.07,27.200001,31.02
2022-02-24,37.5,37.790001,29.450001,30.32
2022-02-25,31.68,32.0,26.93,27.59
2022-02-28,32.439999,33.509998,28.43,30.15
2022-03-01,29.450001,35.189999,29.440001,33.32
2022-03-02,34.200001,34.41,30.120001,30.74
2022-03-03,30.52,32.009998,29.309999,30.48
2022-03-04,31.9,34.650002,31.469999,31.98
2022-03-07,35.880001,36.549999,32.59,36.450001
2022-03-08,36.189999,37.52,32.779999,35.130001
2022-03-09,33.740002,34.119999,31.389999,32.450001
2022-03-10,33.029999,34.029999,30.23,30.23
2022-03-11,30.43,31.040001,28.84,30.75
2022-03-14,31.030001,33.18,30.059999,31.77
2022-03-15,33.130001,33.830002,29.57,29.83
2022-03-16,29.02,29.799999,26.290001,26.67
2022-03-17,26.51,27.469999,25.25,25.67
2022-03-18,26.360001,26.82,23.85,23.870001
2022-03-21,25.139999,25.360001,22.99,23.530001
2022-03-22,24.02,24.02,22.700001,22.940001
2022-03-23,23.040001,24.030001,22.639999,23.57
2022-03-24,23.610001,23.790001,21.49,21.67
2022-03-25,21.870001,22.860001,20.799999,20.809999
2022-03-28,22.139999,23.33,19.540001,19.629999
2022-03-29,19.700001,19.73,18.67,18.9
2022-03-30,19.379999,20.51,18.719999,19.33
2022-03-31,19.68,21.48,19.540001,20.559999
2022-04-01,20.620001,20.860001,19.41,19.629999
2022-04-04,20.75,20.780001,18.450001,18.57
2022-04-05,18.790001,21.57,18.549999,21.030001
2022-04-06,21.27,24.780001,21.24,22.1
2022-04-07,21.969999,23.82,21.120001,21.549999
2022-04-08,21.25,22.34,20.280001,21.16
2022-04-11,23.09,24.42,22.09,24.370001
2022-04-12,24.940001,25.379999,22.27,24.26
2022-04-13,23.52,24.450001,21.370001,21.82
2022-04-14,21.719999,22.700001,20.85,22.700001
2022-04-18,24.52,24.6,21.98,22.17
2022-04-19,22.549999,22.92,20.360001,21.370001
2022-04-20,21.129999,21.32,19.75,20.32
2022-04-21,20.24,23.280001,19.809999,22.68
2022-04-22,22.709999,28.27,22.620001,28.209999
2022-04-25,30.040001,31.6,26.799999,27.02
2022-04-26,27.379999,33.810001,27.059999,33.52
2022-04-27,31.110001,32.77,29.82,31.6
2022-04-28,29.91,32.0,28.0,29.99
2022-04-29,28.969999,34.34,28.540001,33.400002
2022-05-02,33.349998,36.639999,31.74,32.34
2022-05-03,31.76,32.82,29.059999,29.25
2022-05-04,29.120001,29.42,24.940001,25.42
2022-05-05,25.969999,33.200001,25.780001,31.200001
2022-05-06,32.23,35.34,29.83,30.190001
2022-05-09,31.9,35.48,31.9,34.75
2022-05-10,33.66,34.84,32.240002,32.990002
2022-05-11,32.869999,34.389999,30.690001,32.560001
2022-05-12,33.740002,34.759998,31.700001,31.77
2022-05-13,31.09,31.200001,28.780001,28.870001
2022-05-16,30.01,30.23,27.360001,27.469999
2022-05-17,27.07,27.17,25.51,26.1
2022-05-18,26.74,31.49,26.209999,30.959999
2022-05-19,31.24,33.110001,29.059999,29.35
2022-05-20,28.780001,32.91,28.059999,29.43
2022-05-23,28.98,30.389999,28.290001,28.48
2022-05-24,29.43,31.07,29.040001,29.450001
2022-05-25,29.33,30.23,28.16,28.370001
2022-05-26,28.42,28.459999,27.110001,27.5
2022-05-27,27.5,27.540001,25.57,25.719999
2022-05-31,27.469999,28.35,25.940001,26.190001
2022-06-01,26.049999,27.73,25.379999,25.690001
2022-06-02,25.73,26.5,24.33,24.719999
2022-06-03,24.91,25.959999,24.76,24.790001
2022-06-06,25.370001,25.809999,24.82,25.07
2022-06-07,25.540001,26.24,23.879999,24.02
2022-06-08,24.370001,24.780001,23.74,23.959999
2022-06-09,24.290001,26.24,23.82,26.09
2022-06-10,26.26,29.629999,26.049999,27.75
2022-06-13,31.370001,35.049999,31.290001,34.02
2022-06-14,33.009998,34.0,32.060001,32.689999
2022-06-15,32.389999,32.77,27.76,29.620001
2022-06-16,30.35,34.82,30.35,32.950001
2022-06-17,32.84,33.310001,30.469999,31.129999
2022-06-21,30.629999,30.65,29.33,30.190001
2022-06-22,31.450001,31.57,28.780001,28.950001
2022-06-23,29.290001,29.77,28.74,29.049999
2022-06-24,29.07,29.719999,26.83,27.23
2022-06-27,28.299999,28.66,26.93,26.950001
2022-06-28,26.9,28.68,26.469999,28.360001
2022-06-29,28.799999,29.360001,27.85,28.16
2022-06-30,29.42,30.219999,28.280001,28.709999
2022-07-01,29.530001,29.59,26.690001,26.700001
2022-07-05,27.370001,29.82,27.299999,27.540001
2022-07-06,27.84,28.07,26.43,26.73
2022-07-07,26.73,26.790001,25.66,26.08
2022-07-08,26.41,26.610001,24.43,24.639999
2022-07-11,26.42,26.74,25.790001,26.17
2022-07-12,27.139999,27.75,25.82,27.290001
2022-07-13,27.35,29.059999,26.23,26.82
2022-07-14,27.469999,28.450001,26.200001,26.4
2022-07-15,26.719999,26.719999,24.129999,24.23
2022-07-18,24.83,25.91,24.379999,25.299999
2022-07-19,25.120001,25.41,24.23,24.5
2022-07-20,24.23,24.73,23.4,23.879999
2022-07-21,24.07,24.67,22.92,23.110001
2022-07-22,23.299999,23.809999,22.41,23.030001
2022-07-25,24.33,24.57,23.190001,23.360001
2022-07-26,23.950001,25.309999,23.82,24.690001
2022-07-27,24.27,24.41,23.02,23.24
2022-07-28,23.33,23.540001,22.219999,22.33
2022-07-29,22.129999,22.16,21.209999,21.33
2022-08-01,22.41,23.27,22.26,22.84
2022-08-02,24.08,24.68,22.67,23.93
2022-08-03,23.860001,23.92,21.68,21.950001
2022-08-04,22.059999,22.66,21.440001,21.440001
2022-08-05,21.5,22.58,20.76,21.15
2022-08-08,21.74,22.01,20.83,21.290001
2022-08-09,21.41,22.23,21.41,21.77
2022-08-10,22.280001,22.34,19.540001,19.74
2022-08-11,19.84,20.85,19.709999,20.200001
2022-08-12,20.34,20.35,19.120001,19.530001
2022-08-15,20.74,21.16,19.809999,19.950001
2022-08-16,20.23,20.389999,19.5,19.690001
2022-08-17,19.74,20.629999,19.41,19.9
2022-08-18,20.51,20.610001,19.43,19.559999
2022-08-19,20.16,21.27,20.08,20.6
2022-08-22,22.41,24.620001,22.389999,23.799999
2022-08-23,24.129999,24.209999,23.07,24.110001
2022-08-24,24.370001,24.860001,22.73,22.82
2022-08-25,22.41,23.129999,21.77,21.780001
2022-08-26,22.07,25.9,21.67,25.559999
2022-08-29,26.860001,27.67,25.469999,26.209999
2022-08-30,25.75,27.690001,25.129999,26.209999
2022-08-31,25.860001,26.620001,25.309999,25.870001
2022-09-01,26.879999,27.450001,25.25,25.559999
2022-09-02,25.51,26.280001,23.190001,25.469999
2022-09-06,25.459999,27.799999,25.33,26.91
2022-09-07,26.93,27.15,24.540001,24.639999
2022-09-08,24.700001,25.9,23.559999,23.610001
2022-09-09,23.49,23.57,22.639999,22.790001
2022-09-12,23.58,24.23,23.16,23.870001
2022-09-13,23.67,28.15,23.530001,27.27
2022-09-14,26.73,27.559999,26.16,26.16
2022-09-15,26.1,26.93,25.42,26.27
2022-09-16,27.469999,28.450001,26.139999,26.299999
2022-09-19,27.690001,27.950001,25.559999,25.76
2022-09-20,25.65,27.809999,25.610001,27.16
2022-09-21,28.030001,30.18,25.549999,27.99
2022-09-22,28.16,28.379999,26.709999,27.35
2022-09-23,27.68,32.310001,27.58,29.92
2022-09-26,31.74,32.880001,29.83,32.259998
2022-09-27,31.200001,34.139999,30.299999,32.599998
2022-09-28,34.5,34.880001,30.030001,30.18
2022-09-29,31.67,33.459999,31.16,31.84
2022-09-30,31.610001,33.25,29.389999,31.620001
2022-10-03,33.0,33.060001,29.629999,30.1
2022-10-04,29.52,29.620001,28.559999,29.07
2022-10-05,29.360001,30.110001,28.5,28.549999
2022-10-06,28.6,30.74,28.559999,30.52
2022-10-07,30.370001,32.02,29.879999,31.360001
2022-10-10,32.93,33.990002,32.049999,32.450001
2022-10-11,33.560001,34.43,32.450001,33.630001
2022-10-12,33.540001,34.529999,33.110001,33.57
2022-10-13,33.599998,33.869999,31.629999,31.940001
2022-10-14,31.889999,32.98,31.139999,32.02
2022-10-17,32.27,32.59,30.700001,31.370001
2022-10-18,31.1,31.93,30.42,30.5
2022-10-19,30.940001,31.9,30.76,30.76
2022-10-20,31.299999,31.32,29.76,29.98
2022-10-21,30.209999,30.440001,29.24,29.690001
2022-10-24,30.65,30.950001,29.780001,29.85
2022-10-25,29.799999,30.0,28.219999,28.459999
2022-10-26,28.440001,28.52,27.27,27.280001
2022-10-27,27.51,27.67,26.940001,27.389999
2022-10-28,27.43,27.59,25.75,25.75
2022-10-31,26.91,27.07,25.84,25.879999
2022-11-01,25.959999,26.35,25.66,25.809999
2022-11-02,26.040001,26.620001,25.389999,25.860001
2022-11-03,25.98,26.870001,25.1,25.299999
2022-11-04,25.629999,25.709999,24.0,24.549999
2022-11-07,25.67,25.67,24.34,24.35
2022-11-08,24.709999,26.16,24.24,25.540001
2022-11-09,25.34,26.35,25.02,26.09
2022-11-10,26.51,26.59,22.84,23.530001
2022-11-11,23.889999,23.91,22.370001,22.52
2022-11-14,23.99,24.33,22.860001,23.73
2022-11-15,23.77,26.219999,23.18,24.540001
2022-11-16,24.290001,24.719999,23.99,24.110001
2022-11-17,24.049999,25.18,23.809999,23.93
2022-11-18,24.030001,24.120001,22.98,23.120001
2022-11-21,24.049999,24.120001,22.299999,22.360001
2022-11-22,22.59,22.709999,21.280001,21.290001
2022-11-23,21.49,21.780001,20.32,20.35
2022-11-25,20.610001,21.110001,20.459999,20.5
2022-11-28,22.09,22.5,21.65,22.209999
2022-11-29,22.09,22.57,21.83,21.889999
2022-11-30,21.700001,22.629999,20.309999,20.58
2022-12-01,20.83,21.059999,19.799999,19.84
2022-12-02,20.42,20.959999,18.950001,19.059999
2022-12-05,20.299999,21.290001,19.780001,20.75
2022-12-06,20.690001,22.6,20.379999,22.17
2022-12-07,22.32,23.01,22.18,22.68
2022-12-08,22.809999,23.280001,22.059999,22.290001
2022-12-09,22.549999,23.209999,22.18,22.83
2022-12-12,24.4,25.049999,24.18,25.0
2022-12-13,25.24,25.84,21.459999,22.549999
2022-12-14,22.83,23.469999,21.07,21.139999
2022-12-15,21.52,23.67,21.25,22.83
2022-12-16,23.26,23.83,22.09,22.620001
2022-12-19,22.629999,22.860001,21.610001,22.42
2022-12-20,23.17,23.389999,21.35,21.48
2022-12-21,21.25,21.290001,19.940001,20.07
2022-12-22,20.08,24.299999,20.01,21.969999
2022-12-23,22.17,22.639999,20.780001,20.870001
2022-12-27,21.67,22.799999,21.59,21.65
2022-12-28,21.469999,22.26,20.959999,22.139999
2022-12-29,22.25,22.309999,21.360001,21.440001
2022-12-30,21.83,22.4,21.59,21.67
2023-01-03,23.09,23.76,22.73,22.9
2023-01-04,22.93,23.27,21.940001,22.01
2023-01-05,22.200001,22.92,21.969999,22.459999
2023-01-06,22.690001,22.9,21.0,21.129999
2023-01-09,21.75,21.98,21.27,21.969999
2023-01-10,22.219999,22.459999,20.58,20.58
2023-01-11,20.799999,21.25,20.620001,21.09
2023-01-12,21.559999,21.799999,18.83,18.83
2023-01-13,19.0,19.41,18.01,18.35
2023-01-17,19.889999,20.219999,19.209999,19.360001
2023-01-18,19.280001,20.58,18.709999,20.34
2023-01-19,20.43,21.709999,20.17,20.52
2023-01-20,20.280001,20.700001,19.41,19.85
2023-01-23,20.209999,20.33,19.549999,19.809999
2023-01-24,19.889999,20.469999,18.91,19.200001
2023-01-25,19.559999,20.9,18.99,19.08
2023-01-26,19.049999,19.48,18.67,18.73
2023-01-27,18.9,19.0,17.969999,18.51
2023-01-30,19.76,20.25,19.540001,19.940001
2023-01-31,20.120001,20.700001,19.129999,19.4
2023-02-01,19.620001,20.040001,17.700001,17.870001
2023-02-02,17.74,19.25,17.059999,18.73
2023-02-03,18.57,19.299999,17.93,18.33
2023-02-06,19.23,19.809999,19.209999,19.43
2023-02-07,19.540001,19.99,18.43,18.66
2023-02-08,18.879999,20.120001,18.549999,19.629999
2023-02-09,19.24,21.08,19.02,20.709999
2023-02-10,20.74,21.940001,20.440001,20.530001
2023-02-13,21.66,21.690001,20.33,20.34
2023-02-14,20.719999,20.75,18.48,18.91
2023-02-15,19.370001,19.41,18.110001,18.23
2023-02-16,18.26,20.27,18.23,20.17
2023-02-17,20.940001,21.299999,19.82,20.02
2023-02-21,21.799999,23.34,21.799999,22.870001
2023-02-22,23.030001,23.629999,22.02,22.290001
2023-02-23,21.959999,22.43,20.889999,21.139999
2023-02-24,21.35,22.9,21.32,21.67
2023-02-27,21.99,22.02,20.68,20.950001
2023-02-28,21.299999,21.370001,20.1,20.700001
2023-03-01,20.389999,21.32,20.219999,20.58
2023-03-02,21.41,21.42,19.549999,19.59
2023-03-03,19.76,19.76,18.16,18.49
2023-03-06,19.049999,19.190001,18.49,18.610001
2023-03-07,18.639999,19.74,18.51,19.59
2023-03-08,19.709999,20.01,19.0,19.110001
2023-03-09,19.33,23.139999,18.879999,22.610001
2023-03-10,23.34,28.969999,21.790001,24.799999
2023-03-13,24.049999,30.809999,23.85,26.52
2023-03-14,26.85,27.24,22.27,23.73
2023-03-15,23.209999,29.91,23.190001,26.139999
2023-03-16,26.190001,27.49,22.969999,22.99
2023-03-17,22.92,26.139999,22.58,25.51
2023-03-20,27.77,28.91,24.0,24.15
2023-03-21,24.16,24.16,21.290001,21.379999
2023-03-22,21.799999,22.379999,19.940001,22.26
2023-03-23,21.540001,24.91,20.16,22.610001
2023-03-24,22.110001,25.209999,21.6,21.74
2023-03-27,22.049999,22.93,20.57,20.6
2023-03-28,20.530001,21.4,19.91,19.969999
2023-03-29,19.389999,19.450001,19.09,19.120001
2023-03-30,19.120001,20.08,18.85,19.02
2023-03-31,19.209999,19.43,18.52,18.700001
2023-04-03,19.790001,19.83,18.540001,18.549999
2023-04-04,18.790001,20.030001,18.58,19.0
2023-04-05,19.42,20.08,19.0,19.08
2023-04-06,19.299999,19.879999,18.35,18.4
2023-04-10,19.389999,20.049999,18.93,18.969999
2023-04-11,19.08,19.280001,18.559999,19.1
2023-04-12,19.379999,19.98,18.25,19.09
2023-04-13,18.83,19.059999,17.77,17.799999
2023-04-14,17.940001,18.120001,17.07,17.07
2023-04-17,17.58,17.790001,16.9,16.950001
2023-04-18,16.940001,17.34,16.58,16.83
2023-04-19,17.299999,17.719999,16.17,16.459999
2023-04-20,16.85,17.690001,16.33,17.17
2023-04-21,17.51,17.709999,16.58,16.77
2023-04-24,18.219999,18.24,16.74,16.889999
2023-04-25,17.620001,19.860001,17.33,18.76
2023-04-26,18.66,19.610001,17.870001,18.84
2023-04-27,18.43,18.43,16.719999,17.030001
2023-04-28,17.209999,17.65,15.72,15.78
2023-05-01,16.41,16.620001,15.53,16.08
2023-05-02,16.27,19.809999,16.26,17.780001
2023-05-03,17.82,18.83,17.190001,18.34
2023-05-04,19.17,21.33,18.67,20.09
2023-05-05,19.5,19.629999,16.690001,17.190001
2023-05-08,17.73,17.879999,16.83,16.98
2023-05-09,17.290001,17.860001,17.219999,17.709999
2023-05-10,17.58,18.309999,16.360001,16.940001
2023-05-11,16.799999,18.190001,16.629999,16.93
2023-05-12,16.83,17.92,16.379999,17.030001
2023-05-15,17.440001,18.16,17.08,17.120001
2023-05-16,17.540001,18.299999,17.26,17.99
2023-05-17,17.959999,18.26,16.68,16.870001
2023-05-18,16.92,17.15,16.049999,16.049999
2023-05-19,16.129999,17.360001,15.85,16.809999
2023-05-22,17.450001,18.129999,16.82,17.209999
2023-05-23,17.35,19.309999,17.299999,18.530001
2023-05-24,18.799999,20.809999,18.799999,20.030001
2023-05-25,19.540001,19.950001,18.700001,19.139999
2023-05-26,19.07,19.559999,17.27,17.950001
2023-05-30,17.559999,18.34,16.98,17.459999
2023-05-31,18.040001,18.4,17.120001,17.940001
2023-06-01,17.24,17.59,15.58,15.65
2023-06-02,15.65,15.65,14.42,14.6
2023-06-05,15.28,15.29,14.66,14.73
2023-06-06,14.91,14.97,13.95,13.96
2023-06-07,14.14,14.29,13.77,13.94
2023-06-08,14.14,14.21,13.53,13.65
2023-06-09,13.78,14.14,13.5,13.83
2023-06-12,14.44,15.02,14.32,15.01
2023-06-13,14.99,15.06,14.47,14.61
2023-06-14,14.48,14.73,13.83,13.88
2023-06-15,14.09,14.52,13.79,14.5
2023-06-16,14.49,14.54,13.48,13.54
2023-06-20,14.36,14.67,13.86,13.88
2023-06-21,13.88,13.89,13.1,13.2
2023-06-22,13.88,13.98,12.73,12.91
2023-06-23,13.24,13.8,12.88,13.44
2023-06-26,14.43,14.71,13.78,14.25
2023-06-27,14.11,14.34,13.59,13.74
2023-06-28,13.9,13.96,13.36,13.43
2023-06-29,13.64,13.85,13.41,13.54
2023-06-30,13.51,13.59,12.96,13.59
2023-07-03,13.85,13.85,13.47,13.57
2023-07-05,14.19,14.74,14.05,14.18
2023-07-06,14.85,17.08,14.79,15.44
2023-07-07,15.97,16.059999,14.33,14.83
2023-07-10,16.08,16.209999,15.04,15.07
2023-07-11,15.02,15.25,14.63,14.84
2023-07-12,14.82,14.82,13.51,13.54
2023-07-13,13.44,13.61,13.12,13.61
2023-07-14,13.72,13.76,13.22,13.34
2023-07-17,13.78,14.0,13.43,13.48
2023-07-18,13.61,13.67,13.29,13.3
2023-07-19,13.32,13.84,13.12,13.76
2023-07-20,13.96,14.23,13.58,13.99
2023-07-21,13.87,13.89,13.37,13.6
2023-07-24,14.29,14.3,13.73,13.91
2023-07-25,14.02,14.09,13.82,13.86
2023-07-26,13.86,14.16,13.15,13.19
2023-07-27,13.14,15.02,12.74,14.41
2023-07-28,14.03,14.18,13.27,13.33
2023-07-31,13.98,14.09,13.57,13.63
2023-08-01,13.75,14.3,13.75,13.93
2023-08-02,15.7,16.48,14.95,16.09
2023-08-03,16.77,17.42,15.72,15.92
2023-08-04,16.01,17.389999,14.57,17.1
2023-08-07,16.9,17.360001,15.77,15.77
2023-08-08,16.280001,18.139999,15.96,15.99
2023-08-09,15.81,16.870001,15.38,15.96
2023-08-10,15.58,16.860001,14.6,15.85
2023-08-11,15.53,16.51,14.84,14.84
2023-08-14,15.88,16.059999,14.77,14.82
2023-08-15,14.95,16.57,14.91,16.459999
2023-08-16,16.540001,16.93,15.8,16.780001
2023-08-17,16.959999,18.129999,16.4,17.889999
2023-08-18,17.799999,18.879999,17.139999,17.299999
2023-08-21,18.030001,18.110001,16.879999,17.129999
2023-08-22,16.959999,17.58,16.610001,16.969999
2023-08-23,16.639999,17.1,15.91,15.98
2023-08-24,15.57,17.32,15.48,17.200001
2023-08-25,17.209999,17.360001,15.45,15.68
2023-08-28,16.24,16.280001,15.0,15.08
2023-08-29,15.08,15.3,14.34,14.45
2023-08-30,14.53,14.7,13.83,13.88
2023-08-31,13.98,14.0,13.44,13.57
2023-09-01,13.56,13.56,13.02,13.09
2023-09-05,14.15,14.47,13.7,14.01
2023-09-06,14.27,15.3,14.13,14.45
2023-09-07,14.81,15.69,14.4,14.4
2023-09-08,14.22,14.87,13.58,13.84
2023-09-11,14.17,14.33,13.74,13.8
2023-09-12,14.02,14.42,13.71,14.23
2023-09-13,14.42,14.68,13.41,13.48
2023-09-14,13.39,13.46,12.79,12.82
2023-09-15,12.7,14.17,12.68,13.79
2023-09-18,14.4,14.75,13.86,14.0
2023-09-19,14.11,14.88,13.86,14.11
2023-09-20,14.18,15.15,13.57,15.14
2023-09-21,15.49,17.540001,15.1,17.540001
2023-09-22,17.309999,17.41,15.93,17.200001
2023-09-25,17.25,18.41,16.790001,16.9
2023-09-26,18.030001,19.5,17.17,18.940001
2023-09-27,18.290001,19.709999,18.030001,18.219999
2023-09-28,18.219999,18.77,17.059999,17.34
2023-09-29,16.870001,17.74,15.83,17.52
2023-10-02,17.309999,18.549999,16.93,17.610001
2023-10-03,17.809999,20.48,17.52,19.780001
2023-10-04,20.719999,20.879999,18.299999,18.58
2023-10-05,18.67,19.58,18.26,18.49
2023-10-06,18.73,19.93,17.190001,17.450001
2023-10-09,19.540001,19.6,17.559999,17.700001
2023-10-10,17.700001,17.860001,16.51,17.030001
2023-10-11,16.950001,17.780001,16.09,16.09
2023-10-12,16.08,18.08,15.44,16.690001
2023-10-13,16.530001,20.780001,16.5,19.32
2023-10-16,19.1,19.57,17.139999,17.209999
2023-10-17,17.41,18.540001,16.969999,17.879999
2023-10-18,18.360001,20.15,17.879999,19.219999
2023-10-19,19.73,21.4,18.549999,21.4
2023-10-20,21.59,21.83,20.42,21.709999
2023-10-23,21.83,23.08,19.48,20.370001
2023-10-24,20.030001,20.24,18.65,18.969999
2023-10-25,19.389999,21.24,18.860001,20.190001
2023-10-26,21.780001,21.959999,20.219999,20.68
2023-10-27,20.389999,22.07,19.719999,21.27
2023-10-30,21.129999,21.16,19.549999,19.75
2023-10-31,19.860001,19.860001,17.969999,18.139999
2023-11-01,18.02,18.42,16.629999,16.870001
2023-11-02,16.59,16.620001,15.58,15.66
2023-11-03,15.7,15.83,14.91,14.91
2023-11-06,15.39,15.58,14.84,14.89
2023-11-07,15.1,15.17,14.71,14.81
2023-11-08,14.91,15.09,14.3,14.45
2023-11-09,14.61,15.57,14.13,15.29
2023-11-10,15.09,15.45,14.16,14.17
2023-11-13,15.16,15.19,14.58,14.76
2023-11-14,14.83,14.86,13.91,14.16
2023-11-15,14.21,14.35,13.97,14.18
2023-11-16,14.12,14.42,13.68,14.32
2023-11-17,14.18,14.19,13.67,13.8
2023-11-20,14.26,14.31,13.39,13.41
2023-11-21,13.45,14.31,13.13,13.35
2023-11-22,13.08,13.25,12.82,12.85
2023-11-24,13.03,13.17,12.45,12.46
2023-11-27,13.14,13.28,12.64,12.69
2023-11-28,12.78,14.3,12.56,12.69
2023-11-29,12.71,13.1,12.48,12.98
2023-11-30,13.07,13.39,12.82,12.92
2023-12-01,12.94,12.96,12.48,12.63
2023-12-04,13.28,13.7,12.98,13.08
2023-12-05,13.26,13.76,12.81,12.85
2023-12-06,12.78,13.03,12.64,12.97
2023-12-07,13.17,13.28,12.95,13.06
2023-12-08,13.14,13.24,12.35,12.35
2023-12-11,13.05,13.14,12.61,12.63
2023-12-12,12.69,12.74,11.81,12.07
2023-12-13,12.2,12.46,11.82,12.19
2023-12-14,11.96,12.74,11.84,12.48
2023-12-15,12.12,12.54,12.01,12.28
2023-12-18,12.62,12.64,12.4,12.56
2023-12-19,12.6,12.6,12.33,12.53
2023-12-20,12.63,13.93,12.29,13.67
2023-12-21,13.4,14.49,13.34,13.65
2023-12-22,13.72,13.96,13.0,13.03
2023-12-26,13.77,13.8,12.96,12.99
2023-12-27,13.02,13.04,12.37,12.43
2023-12-28,12.44,12.65,12.38,12.47
2023-12-29,12.55,13.19,12.36,12.45
2024-01-02,13.22,14.23,13.1,13.2
2024-01-03,13.35,14.22,13.33,14.04
2024-01-04,13.93,14.2,13.64,14.13
2024-01-05,14.24,14.58,13.29,13.35
2024-01-08,14.0,14.18,13.02,13.08
2024-01-09,13.2,13.45,12.74,12.76
2024-01-10,12.86,12.95,12.67,12.69
2024-01-11,12.64,13.31,12.35,12.44
2024-01-12,12.66,13.08,12.47,12.7
2024-01-16,14.12,14.35,13.52,13.84
2024-01-17,14.59,15.4,14.38,14.79
2024-01-18,14.85,14.89,13.89,14.13
2024-01-19,13.8,14.58,13.28,13.3
2024-01-22,13.77,13.84,13.17,13.19
2024-01-23,13.2,13.29,12.53,12.55
2024-01-24,12.66,13.18,12.41,13.14
2024-01-25,13.18,13.58,13.06,13.45
2024-01-26,13.73,14.1,13.2,13.26
2024-01-29,13.98,15.35,13.59,13.6
2024-01-30,13.69,13.74,13.23,13.31
2024-01-31,13.42,14.61,13.18,14.35
2024-02-01,14.21,14.63,13.87,13.88
2024-02-02,13.95,14.23,13.39,13.85
2024-02-05,14.37,14.53,13.58,13.67
2024-02-06,13.57,13.78,12.98,13.06
2024-02-07,13.06,13.13,12.81,12.83
2024-02-08,12.95,13.17,12.74,12.79
2024-02-09,12.79,13.01,12.69,12.93
2024-02-12,13.48,13.94,13.34,13.93
2024-02-13,13.96,17.940001,13.43,15.85
2024-02-14,15.38,15.47,14.22,14.38
2024-02-15,14.27,14.64,13.94,14.01
2024-02-16,13.94,14.71,13.75,14.24
2024-02-20,15.09,15.91,15.07,15.42
2024-02-21,15.54,16.120001,15.22,15.34
2024-02-22,14.28,14.64,14.12,14.54
2024-02-23,14.31,14.31,13.64,13.75
2024-02-26,14.17,14.2,13.66,13.74
2024-02-27,13.63,13.75,13.41,13.43
2024-02-28,13.52,13.9,13.44,13.84
2024-02-29,14.14,14.15,13.3,13.4
2024-03-01,13.34,13.66,13.08,13.11
2024-03-04,13.49,13.58,13.32,13.49
2024-03-05,13.75,15.1,13.75,14.46
2024-03-06,14.27,14.93,13.89,14.5
2024-03-07,14.98,14.98,14.25,14.44
2024-03-08,14.22,15.53,13.97,14.74
2024-03-11,15.51,16.040001,15.13,15.22
2024-03-12,14.97,15.2,13.81,13.84
2024-03-13,13.89,14.04,13.67,13.75
2024-03-14,13.62,15.33,13.42,14.4
2024-03-15,14.33,15.53,14.14,14.41
2024-03-18,14.75,14.85,14.26,14.33
2024-03-19,14.5,14.86,13.8,13.82
2024-03-20,13.83,14.17,13.01,13.04
2024-03-21,12.98,13.08,12.4,12.92
2024-03-22,12.92,13.15,12.58,13.06
2024-03-25,13.67,13.67,13.11,13.19
2024-03-26,13.12,13.43,12.84,13.24
2024-03-27,13.13,13.34,12.66,12.78
2024-03-28,12.93,13.1,12.84,13.01
2024-04-01,13.61,14.15,13.55,13.65
2024-04-02,13.74,15.43,13.68,14.61
2024-04-03,15.0,15.18,14.25,14.33
2024-04-04,14.29,16.92,13.74,16.35
2024-04-05,16.450001,16.75,15.53,16.030001
2024-04-08,16.24,16.5,15.11,15.19
2024-04-09,15.34,16.629999,14.94,14.98
2024-04-10,15.24,16.620001,14.59,15.8
2024-04-11,16.02,17.610001,14.91,14.91
2024-04-12,14.91,19.200001,14.91,17.309999
2024-04-15,16.940001,19.459999,16.26,19.23
2024-04-16,19.49,19.559999,17.639999,18.4
2024-04-17,18.24,19.110001,17.540001,18.209999
2024-04-18,17.91,18.370001,17.209999,18.0
2024-04-19,21.33,21.360001,18.17,18.709999
2024-04-22,18.59,18.719999,16.690001,16.940001
2024-04-23,16.719999,16.76,15.69,15.69
2024-04-24,15.76,16.379999,15.58,15.97
2024-04-25,16.25,17.549999,15.27,15.37
2024-04-26,15.49,16.059999,14.92,15.03
2024-04-29,15.37,15.42,14.63,14.67
2024-04-30,14.82,15.9,14.67,15.65
2024-05-01,15.75,16.219999,14.35,15.39
2024-05-02,15.14,16.09,14.6,14.68
2024-05-03,14.51,14.58,13.48,13.49
2024-05-06,13.98,14.02,13.44,13.49
2024-05-07,13.52,13.64,13.16,13.23
2024-05-08,13.24,13.51,12.94,13.0
2024-05-09,13.08,13.29,12.68,12.69
2024-05-10,12.77,12.96,12.5,12.55
2024-05-13,13.26,13.66,13.25,13.6
2024-05-14,13.71,14.03,13.27,13.42
2024-05-15,13.73,13.94,12.38,12.45
2024-05-16,12.52,12.67,12.33,12.42
2024-05-17,12.28,12.48,11.91,11.99
2024-05-20,12.27,12.59,12.07,12.15
2024-05-21,12.3,12.56,11.84,11.86
2024-05-22,12.05,12.81,11.78,12.29
2024-05-23,11.53,13.37,11.52,12.77
2024-05-24,12.86,12.89,11.89,11.93
2024-05-28,12.51,13.44,12.36,12.92
2024-05-29,13.75,14.32,13.69,14.28
2024-05-30,14.82,14.88,13.67,14.47
2024-05-31,14.5,14.87,12.84,12.92
2024-06-03,13.08,14.31,13.0,13.11
2024-06-04,13.51,14.08,13.11,13.16
2024-06-05,13.14,13.25,12.6,12.63
2024-06-06,12.75,12.98,12.54,12.58
2024-06-07,12.69,13.08,12.11,12.22
2024-06-10,13.09,13.28,12.62,12.74
2024-06-11,12.85,13.47,12.78,12.85
2024-06-12,13.1,13.15,11.94,12.04
2024-06-13,12.05,12.68,11.88,11.94
2024-06-14,12.22,13.45,12.12,12.66
2024-06-17,13.07,13.29,12.5,12.75
2024-06-18,12.7,12.74,12.24,12.3
2024-06-20,12.5,13.55,12.18,13.28
2024-06-21,13.22,13.78,12.99,13.2
2024-06-24,13.85,13.88,13.15,13.33
2024-06-25,13.48,13.52,12.84,12.84
2024-06-26,12.81,13.24,12.37,12.55
2024-06-27,12.69,12.77,12.21,12.24
2024-06-28,12.24,12.76,11.87,12.44
2024-07-01,12.98,13.26,12.1,12.22
2024-07-02,12.67,12.88,11.85,12.03
2024-07-03,12.13,12.23,11.95,12.09
2024-07-05,12.37,12.61,11.84,12.48
2024-07-08,12.91,12.91,12.31,12.37
2024-07-09,12.48,12.61,12.35,12.51
2024-07-10,12.51,12.92,12.39,12.85
2024-07-11,12.88,13.33,12.23,12.92
2024-07-12,12.87,12.89,12.11,12.46
2024-07-15,12.78,13.26,12.75,13.12
2024-07-16,13.38,13.47,12.95,13.19
2024-07-17,13.6,14.88,13.54,14.48
2024-07-18,14.27,16.43,14.08,15.93
2024-07-19,16.440001,17.190001,10.62,16.52
2024-07-22,16.790001,16.889999,14.75,14.91
2024-07-23,15.21,15.35,13.9,14.72
2024-07-24,15.35,18.459999,15.18,18.040001
2024-07-25,18.41,19.360001,16.42,18.459999
2024-07-26,17.969999,18.049999,16.370001,16.389999
2024-07-29,16.59,17.209999,16.23,16.6
2024-07-30,16.639999,18.32,16.26,17.690001
2024-07-31,16.66,16.77,15.71,16.360001
2024-08-01,16.200001,19.48,15.95,18.59
2024-08-02,20.52,29.66,20.01,23.389999
2024-08-05,23.389999,65.730003,23.389999,38.57
2024-08-06,33.709999,34.77,24.02,27.709999
2024-08-07,24.77,29.76,21.969999,27.85
2024-08-08,28.34,29.469999,23.360001,23.790001
2024-08-09,23.780001,24.52,20.26,20.370001
2024-08-12,20.790001,21.190001,18.889999,20.709999
2024-08-13,20.059999,20.790001,17.950001,18.120001
2024-08-14,18.41,18.49,16.120001,16.190001
2024-08-15,16.27,16.68,14.77,15.23
2024-08-16,15.29,15.76,14.65,14.8
2024-08-19,15.94,16.07,14.46,14.65
2024-08-20,14.89,15.93,14.78,15.88
2024-08-21,16.25,17.17,15.92,16.27
2024-08-22,16.27,18.059999,15.76,17.549999
2024-08-23,17.120001,17.209999,15.61,15.86
2024-08-26,16.27,16.67,15.81,16.15
2024-08-27,16.209999,16.809999,15.37,15.43
2024-08-28,15.51,17.889999,15.46,17.110001
2024-08-29,16.540001,16.57,15.19,15.65
2024-08-30,15.67,16.040001,14.78,15.0
2024-09-03,15.76,21.99,15.71,20.719999
2024-09-04,23.200001,23.309999,19.34,21.32
2024-09-05,20.75,21.530001,19.209999,19.9
2024-09-06,21.98,23.76,18.83,22.379999
2024-09-09,21.32,21.41,19.290001,19.450001
2024-09-10,19.860001,20.74,18.9,19.08
2024-09-11,19.41,21.41,17.549999,17.690001
2024-09-12,17.620001,18.59,16.889999,17.07
2024-09-13,17.030001,17.18,16.23,16.559999
2024-09-16,17.16,17.690001,16.91,17.139999
2024-09-17,17.16,18.08,16.67,17.610001
2024-09-18,17.58,19.389999,17.110001,18.23
2024-09-19,17.209999,17.27,16.209999,16.33
2024-09-20,16.35,16.68,15.81,16.15
2024-09-23,16.709999,16.950001,15.75,15.89
2024-09-24,15.87,16.67,15.27,15.39
2024-09-25,15.82,15.82,15.17,15.41
2024-09-26,15.06,15.83,14.9,15.37
2024-09-27,15.64,16.969999,15.2,16.959999
2024-09-30,17.01,17.790001,16.469999,16.73
2024-10-01,16.959999,20.73,16.610001,19.26
2024-10-02,19.65,20.360001,18.58,18.9
2024-10-03,19.629999,20.75,19.16,20.49
2024-10-04,20.48,20.48,18.48,19.209999
2024-10-07,20.76,23.030001,20.65,22.639999
2024-10-08,22.92,23.139999,21.139999,21.42
2024-10-09,21.98,22.01,20.709999,20.860001
2024-10-10,20.91,21.389999,20.639999,20.93
2024-10-11,20.870001,21.16,20.139999,20.459999
2024-10-14,20.860001,20.860001,19.690001,19.700001
2024-10-15,19.610001,20.889999,19.440001,20.639999
2024-10-16,20.77,21.01,19.450001,19.58
2024-10-17,19.549999,19.65,18.879999,19.110001
2024-10-18,19.299999,19.32,17.99,18.030001
2024-10-21,18.780001,19.34,18.360001,18.370001
2024-10-22,18.790001,19.440001,18.049999,18.200001
2024-10-23,18.209999,20.469999,18.18,19.24
2024-10-24,18.870001,20.24,18.629999,19.08
2024-10-25,19.219999,20.51,18.23,20.33
2024-10-28,19.110001,19.879999,18.91,19.799999
2024-10-29,19.75,20.530001,19.059999,19.34
2024-10-30,19.33,20.440001,19.299999,20.35
2024-10-31,21.440001,23.42,21.120001,23.16
2024-11-01,22.959999,23.09,21.16,21.879999
2024-11-04,22.5,23.07,21.73,21.98
2024-11-05,21.98,22.059999,20.200001,20.49
2024-11-06,16.059999,16.82,15.44,16.27
2024-11-07,15.86,15.86,15.13,15.2
2024-11-08,15.13,15.33,14.66,14.94
2024-11-11,15.33,15.56,14.89,14.97
2024-11-12,15.09,15.37,14.69,14.71
2024-11-13,15.09,15.26,13.77,14.02
2024-11-14,14.17,14.32,13.59,14.31
2024-11-15,15.02,17.549999,14.56,16.139999
2024-11-18,16.6,17.0,15.35,15.58
2024-11-19,15.44,17.93,15.37,16.35
2024-11-20,16.190001,18.790001,16.040001,17.16
2024-11-21,17.1,17.99,15.73,16.870001
2024-11-22,16.67,17.559999,15.24,15.24
2024-11-25,15.23,15.72,14.54,14.6
2024-11-26,14.95,15.03,13.88,14.1
2024-11-27,14.28,15.13,13.96,14.1
2024-11-29,14.0,14.15,13.49,13.51
2024-12-02,14.08,14.1,13.3,13.34
2024-12-03,13.38,13.77,13.19,13.3
2024-12-04,13.16,13.61,12.89,13.45
2024-12-05,13.46,13.7,13.26,13.54
2024-12-06,13.62,13.74,12.7,12.77
2024-12-09,13.36,14.23,13.35,14.19
2024-12-10,14.3,14.54,13.86,14.18
2024-12-11,14.42,14.43,13.52,13.58
2024-12-12,13.73,13.95,13.39,13.92
2024-12-13,13.57,14.25,13.24,13.81
2024-12-16,14.37,14.69,13.99,14.69
2024-12-17,14.98,15.94,14.78,15.87
2024-12-18,15.57,28.32,14.82,27.620001
2024-12-19,21.610001,24.120001,20.16,24.09
2024-12-20,24.139999,26.51,17.82,18.360001
2024-12-23,18.09,20.02,16.74,16.780001
2024-12-24,16.969999,17.040001,14.27,14.27
2024-12-26,14.99,15.93,14.55,14.73
2024-12-27,15.38,18.450001,15.29,15.95
2024-12-30,17.209999,19.219999,16.440001,17.4
2024-12-31,17.389999,17.809999,16.68,17.35
2025-01-02,17.209999,19.5,16.959999,17.93
2025-01-03,17.66,17.940001,16.110001,16.129999
2025-01-06,16.77,16.870001,15.71,16.040001
2025-01-07,16.48,18.9,15.79,17.82
2025-01-08,17.91,19.5,17.370001,17.700001
2025-01-10,18.290001,20.309999,18.049999,19.540001
2025-01-13,21.18,22.040001,19.15,19.190001
2025-01-14,18.790001,19.66,18.24,18.709999
2025-01-15,19.08,19.139999,15.96,16.120001
2025-01-16,15.87,16.6,15.64,16.6
2025-01-17,16.190001,16.23,15.53,15.97
2025-01-21,16.290001,16.290001,14.93,15.06
2025-01-22,14.89,15.29,14.59,15.1
2025-01-23,15.28,15.39,14.59,15.02
2025-01-24,15.02,15.16,14.58,14.85
2025-01-27,18.83,22.51,17.57,17.9
2025-01-28,18.290001,18.389999,16.25,16.41
2025-01-29,16.42,18.08,16.17,16.559999
2025-01-30,15.93,16.42,15.32,15.84
2025-01-31,15.45,17.09,14.9,16.43
2025-02-03,20.360001,20.42,17.66,18.620001
2025-02-04,18.780001,19.110001,16.780001,17.209999
2025-02-05,17.540001,17.75,15.77,15.77
2025-02-06,15.88,16.15,14.99,15.5
2025-02-07,15.38,16.66,14.79,16.540001
2025-02-10,16.58,16.610001,15.7,15.81
2025-02-11,16.129999,16.42,15.75,16.02
2025-02-12,15.91,17.18,15.64,15.89
2025-02-13,15.97,16.33,14.98,15.1
2025-02-14,15.08,15.42,14.74,14.77
2025-02-18,15.57,16.030001,15.35,15.35
2025-02-19,15.14,15.96,15.05,15.27
2025-02-20,15.61,16.629999,15.12,15.66
2025-02-21,15.63,19.030001,15.28,18.209999
2025-02-24,18.08,20.24,17.309999,18.98
2025-02-25,19.09,21.48,18.85,19.43
2025-02-26,18.959999,20.059999,17.83,19.1
2025-02-27,18.25,21.469999,17.67,21.129999
2025-02-28,21.209999,22.4,19.049999,19.629999
2025-03-03,19.83,24.309999,19.25,22.780001
2025-03-04,22.959999,26.35,21.709999,23.51
2025-03-05,23.030001,24.84,21.370001,21.93
2025-03-06,22.6,25.92,22.389999,24.870001
2025-03-07,24.85,26.559999,23.09,23.370001
2025-03-10,24.700001,29.559999,24.68,27.860001
2025-03-11,27.940001,29.57,26.18,26.92
2025-03-12,26.879999,26.91,23.889999,24.23
2025-03-13,24.92,26.129999,23.459999,24.66
2025-03-14,24.35,24.360001,21.48,21.77
2025-03-17,22.889999,22.950001,20.32,20.51
2025-03-18,20.83,22.57,20.41,21.700001
2025-03-19,21.84,22.1,19.42,19.9
2025-03-20,19.52,21.17,19.299999,19.799999
2025-03-21,20.02,21.139999,19.15,19.280001
2025-03-24,19.129999,19.139999,17.459999,17.48
2025-03-25,17.58,17.77,17.02,17.15
2025-03-26,17.23,19.07,16.969999,18.33
2025-03-27,18.360001,19.280001,17.950001,18.690001
2025-03-28,19.08,22.18,18.92,21.65
2025-03-31,24.110001,24.799999,21.67,22.280001
2025-04-01,22.059999,23.52,21.58,21.77
2025-04-02,22.299999,23.66,20.68,21.51
2025-04-03,26.379999,30.02,24.93,30.02
2025-04-04,30.120001,45.610001,29.99,45.310001
2025-04-07,60.130001,60.130001,38.580002,46.98
2025-04-08,44.040001,57.52,36.48,52.330002
2025-04-09,50.98,57.959999,31.9,33.619999
2025-04-10,34.439999,54.869999,34.439999,40.720001
2025-04-11,40.799999,46.119999,36.849998,37.560001
2025-04-14,34.759998,35.169998,29.75,30.889999
2025-04-15,30.01,31.450001,28.290001,30.120001
2025-04-16,33.240002,34.959999,29.48,32.639999
2025-04-17,30.790001,32.549999,29.57,29.65
2025-04-21,32.75,35.75,31.790001,33.82
2025-04-22,32.610001,32.68,30.08,30.57
2025-04-23,28.75,30.290001,27.110001,28.450001
2025-04-24,28.690001,29.66,26.360001,26.469999
2025-04-25,26.219999,27.200001,24.84,24.84
2025-04-28,25.75,26.93,24.700001,25.15
2025-04-29,24.76,25.99,23.76,24.17
2025-04-30,24.35,28.17,24.23,24.700001
2025-05-01,23.940001,25.18,23.299999,24.6
2025-05-02,23.629999,24.32,22.34,22.68
2025-05-05,24.25,24.629999,22.809999,23.639999
2025-05-06,23.969999,25.110001,23.9,24.76
2025-05-07,24.559999,25.620001,23.290001,23.549999
2025-05-08,22.84,23.610001,21.879999,22.48
2025-05-09,22.4,22.82,21.83,21.9
2025-05-12,19.84,20.440001,18.139999,18.389999
2025-05-13,18.690001,18.85,17.65,18.219999
2025-05-14,18.1,18.82,18.059999,18.620001
2025-05-15,19.190001,19.379999,17.77,17.83
2025-05-16,17.959999,17.959999,17.15,17.24
2025-05-19,19.84,19.92,17.92,18.139999
2025-05-20,18.459999,18.68,17.700001,18.09
2025-05-21,18.77,21.049999,17.77,20.870001
2025-05-22,20.620001,22.07,19.639999,20.280001
2025-05-23,20.139999,25.530001,19.83,22.290001
2025-05-27,20.629999,21.01,18.950001,18.959999
2025-05-28,19.209999,19.43,18.68,19.309999
2025-05-29,18.25,20.200001,18.110001,19.18
2025-05-30,19.610001,20.549999,18.57,18.57
2025-06-02,19.809999,20.450001,18.360001,18.360001
2025-06-03,18.83,19.209999,17.639999,17.690001
2025-06-04,17.68,18.07,17.41,17.610001
2025-06-05,17.68,18.799999,17.08,18.48
2025-06-06,18.16,18.35,16.65,16.77
2025-06-09,17.690001,17.719999,16.82,17.16
2025-06-10,17.5,17.99,16.68,16.950001
2025-06-11,17.040001,18.09,16.23,17.26
2025-06-12,17.870001,18.870001,17.43,18.02
2025-06-13,21.76,22.0,18.879999,20.82
2025-06-16,19.780001,20.219999,18.67,19.110001
2025-06-17,20.530001,21.790001,19.549999,21.6
2025-06-18,20.9,21.58,19.59,20.139999
2025-06-20,20.74,21.07,19.110001,20.620001
2025-06-23,21.15,22.51,19.82,19.83
2025-06-24,18.190001,18.719999,17.33,17.48
2025-06-25,17.280001,17.51,16.68,16.76
2025-06-26,16.67,16.780001,16.110001,16.59
2025-06-27,16.309999,17.290001,16.120001,16.32
2025-06-30,17.190001,17.43,16.549999,16.73
2025-07-01,16.98,17.48,16.51,16.83
2025-07-02,16.75,17.370001,16.540001,16.639999
2025-07-03,16.65,16.83,16.139999,16.379999
2025-07-07,17.83,18.5,17.51,17.790001
2025-07-08,17.41,17.440001,16.540001,16.809999
2025-07-09,16.76,16.76,15.76,15.94
2025-07-10,16.23,16.24,15.7,15.78
2025-07-11,16.41,17.24,15.98,16.4
2025-07-14,17.73,17.85,16.91,17.200001
2025-07-15,16.889999,17.389999,16.559999,17.379999
2025-07-16,17.66,19.48,16.690001,17.16
2025-07-17,17.16,17.370001,16.48,16.52
2025-07-18,16.43,16.809999,16.280001,16.41
2025-07-21,16.870001,16.99,16.299999,16.65
2025-07-22,16.75,17.48,16.43,16.5
2025-07-23,16.23,16.32,15.32,15.37
2025-07-24,15.39,15.54,14.95,15.39
2025-07-25,15.33,15.39,14.92,14.93
2025-07-28,15.15,15.54,15.0,15.03
2025-07-29,14.95,16.120001,14.7,15.98
2025-07-30,15.87,17.27,15.44,15.48
2025-07-31,14.99,17.17,14.74,16.719999
2025-08-01,17.4,21.9,17.389999,20.379999
2025-08-04,19.559999,19.58,17.48,17.52
2025-08-05,17.209999,18.940001,17.110001,17.85
2025-08-06,17.219999,17.879999,16.559999,16.77
2025-08-07,16.41,17.639999,15.98,16.57
2025-08-08,16.48,16.52,15.15,15.15
2025-08-11,15.81,16.360001,15.52,16.25
2025-08-12,16.09,16.559999,14.66,14.73
2025-08-13,14.62,14.81,14.3,14.49
2025-08-14,14.66,15.39,14.57,14.83
2025-08-15,14.43,15.18,14.4,15.09
2025-08-18,15.73,15.95,14.95,14.99
2025-08-19,15.23,15.91,14.76,15.57
2025-08-20,15.95,17.190001,15.57,15.69
2025-08-21,15.72,17.24,15.65,16.6
2025-08-22,16.809999,16.83,14.21,14.22
2025-08-25,15.05,15.19,14.24,14.79
2025-08-26,15.75,15.75,14.62,14.62
2025-08-27,14.66,15.23,14.66,14.85
2025-08-28,14.42,14.69,14.12,14.43
2025-08-29,14.31,15.97,14.31,15.36
2025-09-02,16.65,19.379999,16.549999,17.17
2025-09-03,17.4,17.57,16.34,16.35
2025-09-04,16.219999,16.35,15.28,15.3
2025-09-05,15.23,16.92,14.74,15.18
2025-09-08,15.58,15.65,14.99,15.11
2025-09-09,15.02,15.82,14.97,15.04
2025-09-10,14.98,15.63,14.63,15.35
2025-09-11,15.19,15.24,14.65,14.71
2025-09-12,14.62,14.97,14.41,14.76
2025-09-15,15.14,15.84,14.92,15.69
2025-09-16,15.6,16.379999,15.44,16.360001
2025-09-17,16.42,16.75,15.26,15.72
2025-09-18,14.93,15.8,14.33,15.7
2025-09-19,15.76,16.129999,15.29,15.45
2025-09-22,16.139999,16.35,15.78,16.1
2025-09-23,16.1,17.07,15.95,16.639999
2025-09-24,16.57,17.209999,16.18,16.18
2025-09-25,16.549999,17.74,16.32,16.74
2025-09-26,16.889999,17.049999,15.29,15.29
2025-09-29,15.84,16.290001,15.74,16.120001
2025-09-30,16.49,16.700001,16.02,16.280001
2025-10-01,17.280001,17.280001,15.98,16.290001
2025-10-02,16.120001,16.92,15.93,16.629999
2025-10-03,16.35,17.059999,16.200001,16.65
2025-10-06,16.74,17.09,16.290001,16.370001
2025-10-07,16.58,17.549999,16.190001,17.24
2025-10-08,17.17,17.200001,16.23,16.299999
2025-10-09,16.309999,17.27,16.26,16.43
2025-10-10,16.360001,22.440001,16.23,21.66
2025-10-13,19.450001,20.77,18.610001,19.030001
2025-10-14,21.459999,22.940001,19.18,20.809999
2025-10-15,20.02,22.440001,19.110001,20.639999
2025-10-16,20.49,25.43,19.85,25.309999
2025-10-17,28.41,28.99,20.73,20.780001
2025-10-20,20.530001,21.02,18.23,18.23
2025-10-21,18.65,18.889999,17.4,17.870001
2025-10-22,17.84,21.01,17.73,18.6
2025-10-23,18.360001,19.35,17.08,17.299999
2025-10-24,17.02,17.219999,16.02,16.370001
2025-10-27,15.73,16.07,15.62,15.79
2025-10-28,15.95,16.549999,15.66,16.42
2025-10-29,16.34,17.58,16.26,16.92
2025-10-30,16.26,17.41,15.73,16.91
2025-10-31,16.43,18.540001,15.96,17.440001
2025-11-03,18.059999,18.83,17.0,17.17
2025-11-04,19.73,20.48,17.9,19.0
2025-11-05,19.370001,20.02,17.309999,18.01
2025-11-06,18.360001,20.309999,17.639999,19.5
2025-11-07,19.52,22.719999,19.08,19.08
2025-11-10,18.58,18.82,17.6,17.6
2025-11-11,17.9,18.01,17.25,17.280001
2025-11-12,17.209999,18.059999,17.1,17.51
2025-11-13,17.610001,21.309999,17.51,20.0
2025-11-14,21.33,23.030001,19.559999,19.83
2025-11-17,19.58,23.440001,19.540001,22.379999
2025-11-18,23.540001,25.84,22.91,24.690001
2025-11-19,24.52,24.790001,21.93,23.66
2025-11-20,20.780001,28.27,19.280001,26.42
2025-11-21,25.969999,27.84,22.540001,23.43
2025-11-24,22.690001,23.68,20.41,20.52
2025-11-25,20.549999,21.77,18.389999,18.559999
2025-11-26,18.25,18.700001,16.93,17.190001
2025-11-28,17.41,18.52,15.78,16.35
2025-12-01,18.049999,18.33,16.58,17.24
2025-12-02,17.280001,17.309999,16.389999,16.59
2025-12-03,16.43,17.280001,15.93,16.08
2025-12-04,16.23,16.629999,15.68,15.78
2025-12-05,15.58,16.18,15.28,15.41
2025-12-08,16.15,17.09,16.1,16.66
2025-12-09,16.66,17.200001,16.450001,16.93
2025-12-10,16.940001,17.66,15.56,15.77
2025-12-11,16.84,16.879999,14.85,14.85
2025-12-12,14.99,17.85,14.85,15.74
2025-12-15,16.51,17.35,15.99,16.5
2025-12-16,17.280001,17.610001,16.190001,16.48
2025-12-17,16.450001,18.0,15.82,17.620001
2025-12-18,17.610001,17.68,15.93,16.870001
2025-12-19,16.309999,16.530001,14.91,14.91
2025-12-22,15.16,15.26,14.03,14.08
2025-12-23,14.09,14.45,13.64,14.0
2025-12-24,14.09,14.16,13.38,13.47
2025-12-26,14.12,14.29,13.52,13.6
2025-12-29,14.69,15.08,13.99,14.2
2025-12-30,14.43,14.62,14.04,14.33
2025-12-31,14.77,15.17,14.38,14.95
2026-01-02,14.85,15.42,14.46,14.51
2026-01-05,15.14,15.27,14.65,14.9
2026-01-06,15.0,15.21,14.63,14.75
2026-01-07,14.95,15.48,14.83,15.38
2026-01-08,15.69,15.85,15.15,15.45
2026-01-09,15.68,15.81,14.43,14.49
2026-01-12,16.059999,16.66,15.03,15.12
2026-01-13,15.36,16.5,14.75,15.98
2026-01-14,16.33,18.1,16.219999,16.75
2026-01-15,16.52,16.540001,15.3,15.84
2026-01-16,15.44,16.290001,15.3,15.86
2026-01-20,19.940001,20.99,18.639999,20.09
2026-01-21,19.309999,20.809999,16.67,16.9
2026-01-22,16.65,16.67,15.27,15.64
2026-01-23,15.68,16.209999,15.3,16.09
2026-01-26,16.9,17.389999,15.8,16.15
2026-01-27,16.02,16.370001,15.74,16.35
2026-01-28,16.09,17.18,16.049999,16.35
2026-01-29,16.040001,19.74,16.02,16.879999
2026-01-30,18.719999,19.27,16.67,17.440001
2026-02-02,19.950001,19.959999,16.08,16.34
2026-02-03,16.16,20.370001,16.049999,18.0
2026-02-04,17.629999,21.24,17.469999,18.639999
2026-02-05,19.24,23.1,19.059999,21.77
2026-02-06,21.24,21.49,19.99,20.370001
2026-02-09,17.950001,19.200001,16.9,17.360001
2026-02-10,17.469999,17.969999,17.139999,17.790001
2026-02-11,17.870001,18.959999,16.75,17.65
2026-02-12,17.440001,21.209999,17.08,20.82
2026-02-13,21.48,22.4,18.92,20.6
2026-02-17,21.74,22.959999,19.76,20.290001
2026-02-18,19.780001,20.34,18.48,19.620001
2026-02-19,19.34,21.110001,19.23,20.23
2026-02-20,20.040001,21.209999,18.76,19.09
2026-02-23,20.49,22.040001,19.5,21.01
2026-02-24,21.24,22.08,19.23,19.549999
2026-02-25,19.59,19.620001,17.860001,17.93
2026-02-26,18.07,20.540001,17.5,18.629999
2026-02-27,19.280001,21.74,18.77,19.860001
2026-03-02,24.66,25.24,20.370001,21.440001
2026-03-03,24.57,28.15,22.18,23.57
2026-03-04,24.389999,24.870001,20.4,21.15
2026-03-05,22.110001,25.84,20.549999,23.75
2026-03-06,23.200001,29.93,22.92,29.49
2026-03-09,35.119999,35.299999,24.76,25.5
2026-03-10,24.389999,26.01,22.190001,24.93
2026-03-11,24.9,26.23,23.75,24.23
2026-03-12,25.48,27.33,24.6,27.290001
2026-03-13,27.85,28.469999,24.67,27.190001
2026-03-16,25.879999,26.42,23.23,23.51
2026-03-17,24.559999,24.58,21.870001,22.370001
2026-03-18,21.51,25.129999,21.469999,25.09
2026-03-19,25.6,27.52,23.540001,24.059999
2026-03-20,24.459999,29.280001,23.68,26.780001
2026-03-23,30.040001,31.040001,20.280001,26.15
2026-03-24,25.91,27.940001,25.639999,26.950001
2026-03-25,25.790001,26.67,24.82,25.33
2026-03-26,26.49,28.49,26.120001,27.440001
2026-03-27,27.540001,31.65,27.540001,31.049999
2026-03-30,30.790001,31.52,29.33,30.610001
2026-03-31,29.530001,29.639999,25.08,25.25
2026-04-01,24.299999,25.35,23.5,24.540001
2026-04-02,26.780001,27.889999,23.870001,23.870001
2026-04-06,24.93,25.299999,23.780001,24.17
2026-04-07,25.09,28.0,24.34,25.780001
2026-04-08,20.969999,22.17,19.91,21.040001
2026-04-09,21.25,21.629999,19.450001,19.49
2026-04-10,19.709999,20.280001,18.83,19.23
2026-04-13,21.17,21.58,18.959999,19.120001
2026-04-14,18.73,18.76,17.889999,18.360001
2026-04-15,18.18,18.5,17.4,18.17
2026-04-16,18.040001,19.09,17.76,17.940001
2026-04-17,18.18,18.24,16.870001,17.48
2026-04-20,19.58,19.99,18.77,18.870001
2026-04-21,19.18,20.85,18.75,19.5
2026-04-22,19.030001,19.540001,18.68,18.92
2026-04-23,19.42,21.559999,18.700001,19.309999
2026-04-24,18.889999,19.35,18.459999,18.709999
2026-04-27,19.209999,19.27,18.02,18.02
2026-04-28,18.299999,19.43,17.780001,17.83
2026-04-29,17.83,19.0,17.809999,18.809999
2026-04-30,18.68,18.73,16.870001,16.889999
2026-05-01,17.01,17.389999,16.440001,16.99
2026-05-04,17.379999,19.08,17.15,18.290001
2026-05-05,17.950001,18.02,17.200001,17.379999
2026-05-06,17.15,17.459999,16.18,17.389999
2026-05-07,17.530001,17.6,16.85,17.08
2026-05-08,17.370001,17.530001,16.82,17.190001
2026-05-11,18.209999,18.469999,17.9,18.379999
2026-05-12,18.77,19.1,17.92,17.99
2026-05-13,17.98,18.4,17.76,17.870001
2026-05-14,17.860001,18.08,17.200001,17.26
2026-05-15,18.07,19.27,17.799999,18.43
2026-05-18,19.25,19.440001,17.700001,17.82
2026-05-19,18.01,18.360001,17.66,18.059999
2026-05-20,18.17,18.18,17.129999,17.440001
2026-05-21,17.58,17.870001,16.6,16.76
2026-05-22,16.83,17.389999,16.459999,16.700001
2026-05-25,16.809999,16.870001,16.530001,16.59
2026-05-26,16.92,17.23,16.559999,17.01
2026-05-27,17.01,17.18,16.290001,16.290001
2026-05-28,16.76,16.85,15.61,15.74
2026-05-29,15.81,15.88,15.22,15.32
2026-06-01,15.88,16.34,15.71,16.049999
2026-06-02,16.280001,16.290001,15.71,15.77
2026-06-03,15.97,16.629999,15.94,16.059999
2026-06-04,16.33,16.799999,15.18,15.4
2026-06-05,15.87,21.57,15.56,21.51
2026-06-08,20.290001,20.35,17.940001,18.92
2026-06-09,18.190001,23.34,17.52,19.870001
2026-06-10,20.1,22.66,20.059999,22.219999
2026-06-11,21.25,22.59,19.360001,19.440001
2026-06-12,19.51,19.85,17.59,17.68
2026-06-15,16.780001,16.85,15.98,16.200001
2026-06-16,16.200001,16.440001,15.77,16.41
2026-06-17,16.08,18.84,16.02,18.440001
2026-06-18,17.23,17.6,16.35,16.4
2026-06-22,17.48,17.92,16.49,17.280001
2026-06-23,19.67,20.540001,18.610001,19.49
2026-06-24,19.129999,20.34,18.040001,18.629999
2026-06-25,18.110001,19.950001,17.719999,18.889999
2026-06-26,19.700001,20.719999,18.200001,18.41
2026-06-29,18.6,19.450001,17.49,17.65
2026-06-30,17.540001,17.75,16.27,16.450001
2026-07-01,17.110001,17.299999,15.97,16.59
2026-07-02,17.049999,17.209999,15.79,16.15
2026-07-06,16.4,16.5,15.56,15.57
2026-07-07,15.87,16.639999,15.53,16.129999
2026-07-08,16.549999,18.91,16.35,16.9
2026-07-09,16.58,17.27,15.76,15.84
2026-07-10,16.059999,16.16,14.96,15.03
2026-07-13,16.32,17.41,16.030001,17.16
2026-07-14,17.209999,17.559999,16.15,16.5
2026-07-15,16.200001,16.57,15.64,15.67
2026-07-16,15.82,17.23,15.77,16.73
2026-07-17,18.01,19.5,17.68,18.77
2026-07-20,18.9,18.940001,17.41,18.65
2026-07-21,17.48,17.99,16.860001,17.049999
2026-07-22,17.42,19.49,16.639999,16.639999
2026-07-23,17.67,20.309999,17.32,18.700001
2026-07-24,18.959999,19.049999,17.41,18.58
2026-07-27,17.620001,19.93,17.530001,18.67
2026-07-28,19.049999,19.52,17.879999,18.209999
2026-07-29,18.27,20.879999,17.450001,20.66
2026-07-30,19.559999,20.08,17.0,17.09
2026-07-31,16.82,18.700001,15.82,15.99
2026-08-03,16.030001,16.299999,15.54,15.86
2026-08-04,15.76,16.65,15.51,16.5
2026-08-05,16.15,18.43,15.48,15.81
2026-08-06,15.83,16.030001,15.11,15.15
2026-08-07,15.3,15.36,14.77,14.9
2026-08-10,15.4,15.72,15.1,15.46
2026-08-11,15.42,15.61,15.23,15.28
2026-08-12,15.28,15.42,14.39,14.55
2026-08-13,14.68,14.8,14.39,14.63
2026-08-14,14.64,14.72,14.18,14.25
2026-08-17,14.98,15.47,14.89,15.19
2026-08-18,15.81,16.09,15.6,15.84
2026-08-19,15.92,15.95,14.77,14.89
2026-08-20,14.91,16.139999,14.91,16.01
2026-08-21,15.82,15.88,15.08,15.13
2026-08-24,15.9,16.059999,15.61,15.85
2026-08-25,15.71,16.299999,15.13,15.45
2026-08-26,15.65,15.74,15.21,15.21
2026-08-27,14.92,15.13,14.42,14.51
2026-08-28,14.57,14.84,14.13,14.43
2026-08-31,15.24,15.48,14.86,14.92
2026-09-01,14.95,16.799999,14.95,16.34
2026-09-02,16.389999,16.82,15.12,15.2
2026-09-03,15.25,15.44,14.23,14.32
2026-09-04,14.15,14.58,13.8,14.53
2026-09-07,15.02,15.32,14.99,15.3
2026-09-08,15.56,15.94,15.22,15.72
2026-09-09,15.65,16.68,15.57,16.459999
2026-09-10,16.309999,18.17,16.290001,17.84
2026-09-11,17.51,17.709999,15.59,15.84
2026-09-14,17.5,18.17,16.58,17.1
2026-09-15,17.57,18.030001,16.790001,17.200001
2026-09-16,16.91,18.940001,16.4,17.709999
